trace,num_requests,num_objects,req_gib,obj_gib,compulsory_miss_ratio,obj_size_req,obj_size_obj,freq_mean,time_span_sec,onehit_count,onehit_ratio
tencentBlock.ns9995.oracleGeneral.zst,1967441,138934,0.0018,0.0001,0.0706,1.0,1.0,14.161,781197,5977,0.043
tencentBlock.ns9988.oracleGeneral.zst,1389906,147760,0.0013,0.0001,0.1063,1.0,1.0,9.4065,781196,12654,0.0856
tencentBlock.ns9975.oracleGeneral.zst,1518713,269274,0.0014,0.0003,0.1773,1.0,1.0,5.64,781199,98114,0.3644
tencentBlock.ns9969.oracleGeneral.zst,17200627,692750,0.016,0.0006,0.0403,1.0,1.0,24.8295,781199,230127,0.3322
tencentBlock.ns9968.oracleGeneral.zst,1364337,183087,0.0013,0.0002,0.1342,1.0,1.0,7.4519,781194,85190,0.4653
tencentBlock.ns9959.oracleGeneral.zst,5675130,227879,0.0053,0.0002,0.0402,1.0,1.0,24.9041,781199,59909,0.2629
tencentBlock.ns9951.oracleGeneral.zst,4043845,698008,0.0038,0.0007,0.1726,1.0,1.0,5.7934,781199,501985,0.7192
tencentBlock.ns9937.oracleGeneral.zst,3371445,251082,0.0031,0.0002,0.0745,1.0,1.0,13.4277,781199,114539,0.4562
tencentBlock.ns9925.oracleGeneral.zst,9353430,328703,0.0087,0.0003,0.0351,1.0,1.0,28.4556,781199,128494,0.3909
tencentBlock.ns9918.oracleGeneral.zst,1977149,116536,0.0018,0.0001,0.0589,1.0,1.0,16.966,87735,45570,0.391
tencentBlock.ns9915.oracleGeneral.zst,59601409,2327009,0.0555,0.0022,0.039,1.0,1.0,25.6129,781199,194201,0.0835
tencentBlock.ns9904.oracleGeneral.zst,5778995,328193,0.0054,0.0003,0.0568,1.0,1.0,17.6085,781197,42963,0.1309
tencentBlock.ns9898.oracleGeneral.zst,2405465,245637,0.0022,0.0002,0.1021,1.0,1.0,9.7928,781199,34053,0.1386
tencentBlock.ns9891.oracleGeneral.zst,1500739,175407,0.0014,0.0002,0.1169,1.0,1.0,8.5558,781198,66634,0.3799
tencentBlock.ns9884.oracleGeneral.zst,31755791,2097030,0.0296,0.002,0.066,1.0,1.0,15.1432,781199,151915,0.0724
tencentBlock.ns9883.oracleGeneral.zst,5605332,186938,0.0052,0.0002,0.0334,1.0,1.0,29.985,781198,61400,0.3285
tencentBlock.ns9871.oracleGeneral.zst,2778586,247989,0.0026,0.0002,0.0893,1.0,1.0,11.2045,781196,5368,0.0216
tencentBlock.ns9863.oracleGeneral.zst,23662777,1331180,0.022,0.0012,0.0563,1.0,1.0,17.7758,287549,134946,0.1014
tencentBlock.ns9855.oracleGeneral.zst,39356966,2783221,0.0367,0.0026,0.0707,1.0,1.0,14.1408,781199,265861,0.0955
tencentBlock.ns9850.oracleGeneral.zst,128729025,4744149,0.1199,0.0044,0.0369,1.0,1.0,27.1343,781199,521480,0.1099
tencentBlock.ns9834.oracleGeneral.zst,4064867,116929,0.0038,0.0001,0.0288,1.0,1.0,34.7635,781199,43872,0.3752
tencentBlock.ns9819.oracleGeneral.zst,5568458,742672,0.0052,0.0007,0.1334,1.0,1.0,7.4979,781197,153814,0.2071
tencentBlock.ns9810.oracleGeneral.zst,6522269,335118,0.0061,0.0003,0.0514,1.0,1.0,19.4626,781199,79053,0.2359
tencentBlock.ns9806.oracleGeneral.zst,2330785,230836,0.0022,0.0002,0.099,1.0,1.0,10.0971,781199,63986,0.2772
tencentBlock.ns9804.oracleGeneral.zst,2989255,108114,0.0028,0.0001,0.0362,1.0,1.0,27.6491,781195,46626,0.4313
tencentBlock.ns9803.oracleGeneral.zst,4351007,288025,0.0041,0.0003,0.0662,1.0,1.0,15.1064,781197,112892,0.392
tencentBlock.ns9799.oracleGeneral.zst,5098543,742831,0.0047,0.0007,0.1457,1.0,1.0,6.8637,352347,279097,0.3757
tencentBlock.ns9798.oracleGeneral.zst,4062831,450923,0.0038,0.0004,0.111,1.0,1.0,9.01,781199,76532,0.1697
tencentBlock.ns9790.oracleGeneral.zst,5506620,119658,0.0051,0.0001,0.0217,1.0,1.0,46.0197,781199,19856,0.1659
tencentBlock.ns9783.oracleGeneral.zst,2372306,134074,0.0022,0.0001,0.0565,1.0,1.0,17.694,781199,24379,0.1818
tencentBlock.ns9776.oracleGeneral.zst,1968620,218138,0.0018,0.0002,0.1108,1.0,1.0,9.0247,382948,75194,0.3447
tencentBlock.ns9764.oracleGeneral.zst,8535916,487437,0.0079,0.0005,0.0571,1.0,1.0,17.5118,781199,143749,0.2949
tencentBlock.ns9763.oracleGeneral.zst,4370197,167853,0.0041,0.0002,0.0384,1.0,1.0,26.0359,781197,40151,0.2392
tencentBlock.ns9754.oracleGeneral.zst,2907681,124784,0.0027,0.0001,0.0429,1.0,1.0,23.3017,781199,30112,0.2413
tencentBlock.ns9748.oracleGeneral.zst,1221573,228282,0.0011,0.0002,0.1869,1.0,1.0,5.3512,781197,23825,0.1044
tencentBlock.ns9745.oracleGeneral.zst,6221105,1544025,0.0058,0.0014,0.2482,1.0,1.0,4.0291,781198,1178544,0.7633
tencentBlock.ns9738.oracleGeneral.zst,2580062,160538,0.0024,0.0001,0.0622,1.0,1.0,16.0713,781198,57179,0.3562
tencentBlock.ns9732.oracleGeneral.zst,3933736,922497,0.0037,0.0009,0.2345,1.0,1.0,4.2642,781198,166398,0.1804
tencentBlock.ns9724.oracleGeneral.zst,3046797,440980,0.0028,0.0004,0.1447,1.0,1.0,6.9092,781199,213870,0.485
tencentBlock.ns9722.oracleGeneral.zst,4023332,946242,0.0037,0.0009,0.2352,1.0,1.0,4.2519,781199,662791,0.7004
tencentBlock.ns9698.oracleGeneral.zst,3091995,148360,0.0029,0.0001,0.048,1.0,1.0,20.8412,781199,44659,0.301
tencentBlock.ns9690.oracleGeneral.zst,2883170,192126,0.0027,0.0002,0.0666,1.0,1.0,15.0067,781198,80720,0.4201
tencentBlock.ns9678.oracleGeneral.zst,2985317,277835,0.0028,0.0003,0.0931,1.0,1.0,10.7449,781199,68137,0.2452
tencentBlock.ns9675.oracleGeneral.zst,7084307,202947,0.0066,0.0002,0.0286,1.0,1.0,34.9072,781199,46182,0.2276
tencentBlock.ns9673.oracleGeneral.zst,18460742,1176514,0.0172,0.0011,0.0637,1.0,1.0,15.6911,228849,135986,0.1156
tencentBlock.ns9663.oracleGeneral.zst,13160389,1014838,0.0123,0.0009,0.0771,1.0,1.0,12.968,781199,234429,0.231
tencentBlock.ns9648.oracleGeneral.zst,1931803,215220,0.0018,0.0002,0.1114,1.0,1.0,8.9759,330738,64479,0.2996
tencentBlock.ns9642.oracleGeneral.zst,1458559,257386,0.0014,0.0002,0.1765,1.0,1.0,5.6668,642490,93770,0.3643
tencentBlock.ns9639.oracleGeneral.zst,1350796,262481,0.0013,0.0002,0.1943,1.0,1.0,5.1463,781195,107301,0.4088
tencentBlock.ns9634.oracleGeneral.zst,5635289,464129,0.0052,0.0004,0.0824,1.0,1.0,12.1416,781195,131244,0.2828
tencentBlock.ns9632.oracleGeneral.zst,1526383,268182,0.0014,0.0002,0.1757,1.0,1.0,5.6916,781199,56558,0.2109
tencentBlock.ns9625.oracleGeneral.zst,2859479,133487,0.0027,0.0001,0.0467,1.0,1.0,21.4214,781198,31012,0.2323
tencentBlock.ns9615.oracleGeneral.zst,1488463,176268,0.0014,0.0002,0.1184,1.0,1.0,8.4443,781199,39420,0.2236
tencentBlock.ns9612.oracleGeneral.zst,3494266,323859,0.0033,0.0003,0.0927,1.0,1.0,10.7895,781199,47422,0.1464
tencentBlock.ns9611.oracleGeneral.zst,6934338,189735,0.0065,0.0002,0.0274,1.0,1.0,36.5475,781199,51861,0.2733
tencentBlock.ns9604.oracleGeneral.zst,2413103,318013,0.0022,0.0003,0.1318,1.0,1.0,7.5881,781199,70821,0.2227
tencentBlock.ns9599.oracleGeneral.zst,1569652,266966,0.0015,0.0002,0.1701,1.0,1.0,5.8796,781195,61280,0.2295
tencentBlock.ns9596.oracleGeneral.zst,1528982,214973,0.0014,0.0002,0.1406,1.0,1.0,7.1124,781197,62401,0.2903
tencentBlock.ns9589.oracleGeneral.zst,1280836,261579,0.0012,0.0002,0.2042,1.0,1.0,4.8966,781198,94036,0.3595
tencentBlock.ns9581.oracleGeneral.zst,16122060,654094,0.015,0.0006,0.0406,1.0,1.0,24.6479,781199,220093,0.3365
tencentBlock.ns9569.oracleGeneral.zst,4160762,1109757,0.0039,0.001,0.2667,1.0,1.0,3.7493,781199,513704,0.4629
tencentBlock.ns9567.oracleGeneral.zst,3657104,133880,0.0034,0.0001,0.0366,1.0,1.0,27.3163,781198,32848,0.2454
tencentBlock.ns9563.oracleGeneral.zst,2030042,491261,0.0019,0.0005,0.242,1.0,1.0,4.1323,781198,282676,0.5754
tencentBlock.ns9551.oracleGeneral.zst,13210276,3853914,0.0123,0.0036,0.2917,1.0,1.0,3.4278,781199,2594101,0.6731
tencentBlock.ns9544.oracleGeneral.zst,3773165,182791,0.0035,0.0002,0.0484,1.0,1.0,20.642,781199,31032,0.1698
tencentBlock.ns9539.oracleGeneral.zst,6961682,216497,0.0065,0.0002,0.0311,1.0,1.0,32.156,781199,80668,0.3726
tencentBlock.ns9533.oracleGeneral.zst,2804477,586886,0.0026,0.0005,0.2093,1.0,1.0,4.7786,781199,273236,0.4656
tencentBlock.ns9525.oracleGeneral.zst,4088217,242758,0.0038,0.0002,0.0594,1.0,1.0,16.8407,781195,46134,0.19
tencentBlock.ns9519.oracleGeneral.zst,4103629,155137,0.0038,0.0001,0.0378,1.0,1.0,26.4516,781197,32522,0.2096
tencentBlock.ns9512.oracleGeneral.zst,2399044,126412,0.0022,0.0001,0.0527,1.0,1.0,18.978,781198,4128,0.0327
tencentBlock.ns9506.oracleGeneral.zst,8129655,388374,0.0076,0.0004,0.0478,1.0,1.0,20.9325,781199,62458,0.1608
tencentBlock.ns9502.oracleGeneral.zst,1281352,138620,0.0012,0.0001,0.1082,1.0,1.0,9.2436,781198,6792,0.049
tencentBlock.ns9495.oracleGeneral.zst,1549318,134435,0.0014,0.0001,0.0868,1.0,1.0,11.5247,781197,11959,0.089
tencentBlock.ns9485.oracleGeneral.zst,1845066,572534,0.0017,0.0005,0.3103,1.0,1.0,3.2226,781199,229105,0.4002
tencentBlock.ns9476.oracleGeneral.zst,60543701,627149,0.0564,0.0006,0.0104,1.0,1.0,96.538,781199,34379,0.0548
tencentBlock.ns9468.oracleGeneral.zst,1172470,151444,0.0011,0.0001,0.1292,1.0,1.0,7.7419,781199,28380,0.1874
tencentBlock.ns9466.oracleGeneral.zst,7840373,163011,0.0073,0.0002,0.0208,1.0,1.0,48.0972,781199,52847,0.3242
tencentBlock.ns9462.oracleGeneral.zst,4047844,310454,0.0038,0.0003,0.0767,1.0,1.0,13.0385,781199,49046,0.158
tencentBlock.ns9453.oracleGeneral.zst,11855292,337218,0.011,0.0003,0.0284,1.0,1.0,35.1562,781199,61596,0.1827
tencentBlock.ns9441.oracleGeneral.zst,1497778,170113,0.0014,0.0002,0.1136,1.0,1.0,8.8046,781199,26257,0.1544
tencentBlock.ns9440.oracleGeneral.zst,58050592,3889157,0.0541,0.0036,0.067,1.0,1.0,14.9263,781199,462434,0.1189
tencentBlock.ns9432.oracleGeneral.zst,3005551,104097,0.0028,0.0001,0.0346,1.0,1.0,28.8726,781199,17247,0.1657
tencentBlock.ns9426.oracleGeneral.zst,4699163,456477,0.0044,0.0004,0.0971,1.0,1.0,10.2944,781198,111088,0.2434
tencentBlock.ns9422.oracleGeneral.zst,1953947,133269,0.0018,0.0001,0.0682,1.0,1.0,14.6617,781199,55067,0.4132
tencentBlock.ns9419.oracleGeneral.zst,2775641,325718,0.0026,0.0003,0.1173,1.0,1.0,8.5216,781198,9032,0.0277
tencentBlock.ns9413.oracleGeneral.zst,3165323,549349,0.0029,0.0005,0.1736,1.0,1.0,5.762,781198,321501,0.5852
tencentBlock.ns9408.oracleGeneral.zst,1720645,144039,0.0016,0.0001,0.0837,1.0,1.0,11.9457,781199,41664,0.2893
tencentBlock.ns9397.oracleGeneral.zst,3426105,110418,0.0032,0.0001,0.0322,1.0,1.0,31.0285,781198,21696,0.1965
tencentBlock.ns9391.oracleGeneral.zst,2438340,142754,0.0023,0.0001,0.0585,1.0,1.0,17.0807,781199,50158,0.3514
tencentBlock.ns9388.oracleGeneral.zst,3189781,270851,0.003,0.0003,0.0849,1.0,1.0,11.7769,781199,35196,0.1299
tencentBlock.ns9385.oracleGeneral.zst,5031567,630372,0.0047,0.0006,0.1253,1.0,1.0,7.9819,781199,161062,0.2555
tencentBlock.ns9378.oracleGeneral.zst,55357096,2868303,0.0516,0.0027,0.0518,1.0,1.0,19.2996,781199,292524,0.102
tencentBlock.ns9372.oracleGeneral.zst,50772149,2873705,0.0473,0.0027,0.0566,1.0,1.0,17.6678,781199,296197,0.1031
tencentBlock.ns9366.oracleGeneral.zst,1281302,128944,0.0012,0.0001,0.1006,1.0,1.0,9.9369,781194,4591,0.0356
tencentBlock.ns9365.oracleGeneral.zst,1612912,369582,0.0015,0.0003,0.2291,1.0,1.0,4.3642,781199,102634,0.2777
tencentBlock.ns9358.oracleGeneral.zst,7449098,256840,0.0069,0.0002,0.0345,1.0,1.0,29.0029,781199,6236,0.0243
tencentBlock.ns9356.oracleGeneral.zst,1185760,155018,0.0011,0.0001,0.1307,1.0,1.0,7.6492,781198,30955,0.1997
tencentBlock.ns9353.oracleGeneral.zst,2183719,289063,0.002,0.0003,0.1324,1.0,1.0,7.5545,781196,43463,0.1504
tencentBlock.ns9336.oracleGeneral.zst,4456043,154547,0.0042,0.0001,0.0347,1.0,1.0,28.8329,781199,19219,0.1244
tencentBlock.ns9327.oracleGeneral.zst,15757921,953431,0.0147,0.0009,0.0605,1.0,1.0,16.5276,781199,218605,0.2293
tencentBlock.ns9324.oracleGeneral.zst,22731447,4564846,0.0212,0.0043,0.2008,1.0,1.0,4.9797,781197,3684909,0.8072
tencentBlock.ns9319.oracleGeneral.zst,7769266,346005,0.0072,0.0003,0.0445,1.0,1.0,22.4542,781197,60126,0.1738
tencentBlock.ns9313.oracleGeneral.zst,7347951,510800,0.0068,0.0005,0.0695,1.0,1.0,14.3852,781199,225981,0.4424
tencentBlock.ns9312.oracleGeneral.zst,1683676,165037,0.0016,0.0002,0.098,1.0,1.0,10.2018,781196,1895,0.0115
tencentBlock.ns9310.oracleGeneral.zst,3176933,256868,0.003,0.0002,0.0809,1.0,1.0,12.368,781199,110192,0.429
tencentBlock.ns9302.oracleGeneral.zst,8004722,640871,0.0075,0.0006,0.0801,1.0,1.0,12.4904,781199,127940,0.1996
tencentBlock.ns9296.oracleGeneral.zst,4957575,674597,0.0046,0.0006,0.1361,1.0,1.0,7.3489,781198,253854,0.3763
tencentBlock.ns9289.oracleGeneral.zst,4160086,375901,0.0039,0.0004,0.0904,1.0,1.0,11.067,781199,109613,0.2916
tencentBlock.ns9278.oracleGeneral.zst,38492021,878345,0.0358,0.0008,0.0228,1.0,1.0,43.8234,781199,250126,0.2848
tencentBlock.ns9272.oracleGeneral.zst,5462520,194909,0.0051,0.0002,0.0357,1.0,1.0,28.026,781198,56822,0.2915
tencentBlock.ns9253.oracleGeneral.zst,4099274,139460,0.0038,0.0001,0.034,1.0,1.0,29.3939,781197,27617,0.198
tencentBlock.ns9249.oracleGeneral.zst,2834389,271519,0.0026,0.0003,0.0958,1.0,1.0,10.439,781198,66056,0.2433
tencentBlock.ns9240.oracleGeneral.zst,10087874,778805,0.0094,0.0007,0.0772,1.0,1.0,12.953,781199,319604,0.4104
tencentBlock.ns9237.oracleGeneral.zst,2430877,317966,0.0023,0.0003,0.1308,1.0,1.0,7.6451,781199,116557,0.3666
tencentBlock.ns9227.oracleGeneral.zst,4100778,317959,0.0038,0.0003,0.0775,1.0,1.0,12.8972,296546,87850,0.2763
tencentBlock.ns9220.oracleGeneral.zst,6722113,116536,0.0063,0.0001,0.0173,1.0,1.0,57.6827,145347,51812,0.4446
tencentBlock.ns9214.oracleGeneral.zst,7720670,1539892,0.0072,0.0014,0.1995,1.0,1.0,5.0138,781197,769515,0.4997
tencentBlock.ns9210.oracleGeneral.zst,1073562,180081,0.001,0.0002,0.1677,1.0,1.0,5.9616,781194,34470,0.1914
tencentBlock.ns9202.oracleGeneral.zst,3315107,334124,0.0031,0.0003,0.1008,1.0,1.0,9.9218,781198,74876,0.2241
tencentBlock.ns9194.oracleGeneral.zst,47713223,2778013,0.0444,0.0026,0.0582,1.0,1.0,17.1753,781199,278441,0.1002
tencentBlock.ns9193.oracleGeneral.zst,10530803,127781,0.0098,0.0001,0.0121,1.0,1.0,82.4129,781198,7025,0.055
tencentBlock.ns9190.oracleGeneral.zst,4455296,516402,0.0041,0.0005,0.1159,1.0,1.0,8.6276,781197,135116,0.2616
tencentBlock.ns9189.oracleGeneral.zst,1178190,204565,0.0011,0.0002,0.1736,1.0,1.0,5.7595,781194,68590,0.3353
tencentBlock.ns9171.oracleGeneral.zst,3539302,312084,0.0033,0.0003,0.0882,1.0,1.0,11.3409,781193,88364,0.2831
tencentBlock.ns9166.oracleGeneral.zst,2056941,236454,0.0019,0.0002,0.115,1.0,1.0,8.6991,781196,66315,0.2805
tencentBlock.ns9161.oracleGeneral.zst,1397476,231456,0.0013,0.0002,0.1656,1.0,1.0,6.0378,781193,42526,0.1837
tencentBlock.ns9157.oracleGeneral.zst,4323243,237180,0.004,0.0002,0.0549,1.0,1.0,18.2277,781199,24301,0.1025
tencentBlock.ns9149.oracleGeneral.zst,1524585,129676,0.0014,0.0001,0.0851,1.0,1.0,11.7569,781198,35342,0.2725
tencentBlock.ns9141.oracleGeneral.zst,9676960,106569,0.009,0.0001,0.011,1.0,1.0,90.8046,781199,17046,0.16
tencentBlock.ns9133.oracleGeneral.zst,6991649,873581,0.0065,0.0008,0.1249,1.0,1.0,8.0034,781199,309061,0.3538
tencentBlock.ns9122.oracleGeneral.zst,2941988,169672,0.0027,0.0002,0.0577,1.0,1.0,17.3393,781199,53759,0.3168
tencentBlock.ns9118.oracleGeneral.zst,10048684,2108215,0.0094,0.002,0.2098,1.0,1.0,4.7664,781197,1023039,0.4853
tencentBlock.ns9099.oracleGeneral.zst,3717005,229931,0.0035,0.0002,0.0619,1.0,1.0,16.1657,781199,56817,0.2471
tencentBlock.ns9083.oracleGeneral.zst,2190537,139105,0.002,0.0001,0.0635,1.0,1.0,15.7474,781199,43066,0.3096
tencentBlock.ns9075.oracleGeneral.zst,1447646,170793,0.0013,0.0002,0.118,1.0,1.0,8.476,781196,28136,0.1647
tencentBlock.ns9049.oracleGeneral.zst,5054717,282245,0.0047,0.0003,0.0558,1.0,1.0,17.909,781199,92324,0.3271
tencentBlock.ns9046.oracleGeneral.zst,1865934,599229,0.0017,0.0006,0.3211,1.0,1.0,3.1139,781199,256046,0.4273
tencentBlock.ns9024.oracleGeneral.zst,2009125,104210,0.0019,0.0001,0.0519,1.0,1.0,19.2796,781199,14217,0.1364
tencentBlock.ns9011.oracleGeneral.zst,2064065,270440,0.0019,0.0003,0.131,1.0,1.0,7.6322,778447,106751,0.3947
tencentBlock.ns9006.oracleGeneral.zst,4341400,686039,0.004,0.0006,0.158,1.0,1.0,6.3282,781196,308988,0.4504
tencentBlock.ns9002.oracleGeneral.zst,1197196,129588,0.0011,0.0001,0.1082,1.0,1.0,9.2385,781194,44561,0.3439
tencentBlock.ns8996.oracleGeneral.zst,2725777,120856,0.0025,0.0001,0.0443,1.0,1.0,22.5539,781198,11225,0.0929
tencentBlock.ns8989.oracleGeneral.zst,1941042,198876,0.0018,0.0002,0.1025,1.0,1.0,9.7601,781198,6191,0.0311
tencentBlock.ns8981.oracleGeneral.zst,1890366,626719,0.0018,0.0006,0.3315,1.0,1.0,3.0163,781198,277079,0.4421
tencentBlock.ns8974.oracleGeneral.zst,5046158,648811,0.0047,0.0006,0.1286,1.0,1.0,7.7775,781199,147651,0.2276
tencentBlock.ns8970.oracleGeneral.zst,89902675,136854,0.0837,0.0001,0.0015,1.0,1.0,656.924,781199,29423,0.215
tencentBlock.ns8964.oracleGeneral.zst,2925769,100027,0.0027,0.0001,0.0342,1.0,1.0,29.2498,781198,13295,0.1329
tencentBlock.ns8957.oracleGeneral.zst,3120968,694564,0.0029,0.0006,0.2225,1.0,1.0,4.4934,781197,280658,0.4041
tencentBlock.ns8956.oracleGeneral.zst,1091292,226379,0.001,0.0002,0.2074,1.0,1.0,4.8206,781197,84509,0.3733
tencentBlock.ns8937.oracleGeneral.zst,39709499,7180726,0.037,0.0067,0.1808,1.0,1.0,5.53,781197,2423588,0.3375
tencentBlock.ns8932.oracleGeneral.zst,11975789,340914,0.0112,0.0003,0.0285,1.0,1.0,35.1285,781199,113044,0.3316
tencentBlock.ns8927.oracleGeneral.zst,26295908,995099,0.0245,0.0009,0.0378,1.0,1.0,26.4254,781199,314015,0.3156
tencentBlock.ns8920.oracleGeneral.zst,1893471,319036,0.0018,0.0003,0.1685,1.0,1.0,5.935,204748,58601,0.1837
tencentBlock.ns8912.oracleGeneral.zst,3303955,396793,0.0031,0.0004,0.1201,1.0,1.0,8.3266,781195,132194,0.3332
tencentBlock.ns8905.oracleGeneral.zst,1187548,192915,0.0011,0.0002,0.1624,1.0,1.0,6.1558,781196,37687,0.1954
tencentBlock.ns8893.oracleGeneral.zst,3499677,134853,0.0033,0.0001,0.0385,1.0,1.0,25.9518,781197,40529,0.3005
tencentBlock.ns8877.oracleGeneral.zst,1528515,157399,0.0014,0.0001,0.103,1.0,1.0,9.7111,781199,4226,0.0268
tencentBlock.ns8872.oracleGeneral.zst,4478765,746330,0.0042,0.0007,0.1666,1.0,1.0,6.0011,781199,415785,0.5571
tencentBlock.ns8861.oracleGeneral.zst,3975647,337084,0.0037,0.0003,0.0848,1.0,1.0,11.7942,781198,70551,0.2093
tencentBlock.ns8852.oracleGeneral.zst,1606258,202193,0.0015,0.0002,0.1259,1.0,1.0,7.9442,781197,74322,0.3676
tencentBlock.ns8851.oracleGeneral.zst,2007453,114490,0.0019,0.0001,0.057,1.0,1.0,17.5339,781199,22103,0.1931
tencentBlock.ns8844.oracleGeneral.zst,1034398,151192,0.001,0.0001,0.1462,1.0,1.0,6.8416,211317,42616,0.2819
tencentBlock.ns8835.oracleGeneral.zst,4358529,206641,0.0041,0.0002,0.0474,1.0,1.0,21.0923,670949,76342,0.3694
tencentBlock.ns8834.oracleGeneral.zst,3657046,180055,0.0034,0.0002,0.0492,1.0,1.0,20.3107,433349,70478,0.3914
tencentBlock.ns8825.oracleGeneral.zst,23558303,2431079,0.0219,0.0023,0.1032,1.0,1.0,9.6905,781194,1432817,0.5894
tencentBlock.ns8809.oracleGeneral.zst,46327791,2893589,0.0431,0.0027,0.0625,1.0,1.0,16.0105,781199,317014,0.1096
tencentBlock.ns8807.oracleGeneral.zst,1894393,181072,0.0018,0.0002,0.0956,1.0,1.0,10.4621,781198,27681,0.1529
tencentBlock.ns8804.oracleGeneral.zst,2181596,127192,0.002,0.0001,0.0583,1.0,1.0,17.152,781199,42564,0.3346
tencentBlock.ns8796.oracleGeneral.zst,2800867,233359,0.0026,0.0002,0.0833,1.0,1.0,12.0024,781199,71934,0.3083
tencentBlock.ns8787.oracleGeneral.zst,4770201,167349,0.0044,0.0002,0.0351,1.0,1.0,28.5045,781199,27389,0.1637
tencentBlock.ns8779.oracleGeneral.zst,3818665,454395,0.0036,0.0004,0.119,1.0,1.0,8.4038,781198,136836,0.3011
tencentBlock.ns8768.oracleGeneral.zst,4079359,451038,0.0038,0.0004,0.1106,1.0,1.0,9.0444,781199,68127,0.151
tencentBlock.ns8757.oracleGeneral.zst,3695643,466390,0.0034,0.0004,0.1262,1.0,1.0,7.9239,781196,140993,0.3023
tencentBlock.ns8749.oracleGeneral.zst,20269661,113929,0.0189,0.0001,0.0056,1.0,1.0,177.9149,781199,9068,0.0796
tencentBlock.ns8747.oracleGeneral.zst,3447936,166322,0.0032,0.0002,0.0482,1.0,1.0,20.7305,781198,67089,0.4034
tencentBlock.ns8742.oracleGeneral.zst,5997511,150949,0.0056,0.0001,0.0252,1.0,1.0,39.732,781199,36706,0.2432
tencentBlock.ns8735.oracleGeneral.zst,4862736,402186,0.0045,0.0004,0.0827,1.0,1.0,12.0908,781199,160449,0.3989
tencentBlock.ns8729.oracleGeneral.zst,1563513,180526,0.0015,0.0002,0.1155,1.0,1.0,8.6609,781195,3914,0.0217
tencentBlock.ns8722.oracleGeneral.zst,2917557,298005,0.0027,0.0003,0.1021,1.0,1.0,9.7903,781199,134431,0.4511
tencentBlock.ns8714.oracleGeneral.zst,12299695,1097089,0.0115,0.001,0.0892,1.0,1.0,11.2112,781199,571630,0.521
tencentBlock.ns8709.oracleGeneral.zst,1772948,236681,0.0017,0.0002,0.1335,1.0,1.0,7.4909,781199,29452,0.1244
tencentBlock.ns8704.oracleGeneral.zst,2143433,257043,0.002,0.0002,0.1199,1.0,1.0,8.3388,781197,79744,0.3102
tencentBlock.ns8699.oracleGeneral.zst,1494384,180010,0.0014,0.0002,0.1205,1.0,1.0,8.3017,781195,15642,0.0869
tencentBlock.ns8689.oracleGeneral.zst,3876221,367381,0.0036,0.0003,0.0948,1.0,1.0,10.551,781198,69603,0.1895
tencentBlock.ns8680.oracleGeneral.zst,1679018,368656,0.0016,0.0003,0.2196,1.0,1.0,4.5544,781194,154493,0.4191
tencentBlock.ns8673.oracleGeneral.zst,16815371,268270,0.0157,0.0002,0.016,1.0,1.0,62.6808,781199,114177,0.4256
tencentBlock.ns8665.oracleGeneral.zst,1657619,182898,0.0015,0.0002,0.1103,1.0,1.0,9.0631,781195,3493,0.0191
tencentBlock.ns8659.oracleGeneral.zst,1474099,158424,0.0014,0.0001,0.1075,1.0,1.0,9.3048,781194,9935,0.0627
tencentBlock.ns8655.oracleGeneral.zst,6843217,247147,0.0064,0.0002,0.0361,1.0,1.0,27.6889,781199,84428,0.3416
tencentBlock.ns8648.oracleGeneral.zst,3843278,112748,0.0036,0.0001,0.0293,1.0,1.0,34.0873,781199,14669,0.1301
tencentBlock.ns8639.oracleGeneral.zst,4101667,436813,0.0038,0.0004,0.1065,1.0,1.0,9.39,781198,80524,0.1843
tencentBlock.ns8638.oracleGeneral.zst,3442389,631640,0.0032,0.0006,0.1835,1.0,1.0,5.4499,781199,498025,0.7885
tencentBlock.ns8631.oracleGeneral.zst,1531809,294565,0.0014,0.0003,0.1923,1.0,1.0,5.2002,781198,120597,0.4094
tencentBlock.ns8629.oracleGeneral.zst,2572570,283340,0.0024,0.0003,0.1101,1.0,1.0,9.0794,781197,44760,0.158
tencentBlock.ns8623.oracleGeneral.zst,2994160,346846,0.0028,0.0003,0.1158,1.0,1.0,8.6325,781197,42775,0.1233
tencentBlock.ns8610.oracleGeneral.zst,188982398,1034413,0.176,0.001,0.0055,1.0,1.0,182.6953,781199,100950,0.0976
tencentBlock.ns8608.oracleGeneral.zst,40554758,332608,0.0378,0.0003,0.0082,1.0,1.0,121.9296,781199,89576,0.2693
tencentBlock.ns8605.oracleGeneral.zst,3001335,186055,0.0028,0.0002,0.062,1.0,1.0,16.1314,781199,94036,0.5054
tencentBlock.ns8597.oracleGeneral.zst,2517341,249781,0.0023,0.0002,0.0992,1.0,1.0,10.0782,781198,73021,0.2923
tencentBlock.ns8584.oracleGeneral.zst,3086769,280165,0.0029,0.0003,0.0908,1.0,1.0,11.0177,781199,67139,0.2396
tencentBlock.ns8581.oracleGeneral.zst,4038429,100410,0.0038,0.0001,0.0249,1.0,1.0,40.2194,781195,9444,0.0941
tencentBlock.ns8575.oracleGeneral.zst,1712937,186078,0.0016,0.0002,0.1086,1.0,1.0,9.2055,781197,26798,0.144
tencentBlock.ns8566.oracleGeneral.zst,3021702,335881,0.0028,0.0003,0.1112,1.0,1.0,8.9963,781194,67775,0.2018
tencentBlock.ns8564.oracleGeneral.zst,4258751,396458,0.004,0.0004,0.0931,1.0,1.0,10.742,781198,91062,0.2297
tencentBlock.ns8554.oracleGeneral.zst,5280716,454519,0.0049,0.0004,0.0861,1.0,1.0,11.6183,781195,77764,0.1711
tencentBlock.ns8546.oracleGeneral.zst,5992806,731321,0.0056,0.0007,0.122,1.0,1.0,8.1945,781199,34552,0.0472
tencentBlock.ns8530.oracleGeneral.zst,3123268,215336,0.0029,0.0002,0.0689,1.0,1.0,14.5042,781199,24440,0.1135
tencentBlock.ns8528.oracleGeneral.zst,3622524,190690,0.0034,0.0002,0.0526,1.0,1.0,18.9969,781196,20474,0.1074
tencentBlock.ns8526.oracleGeneral.zst,159902973,2458295,0.1489,0.0023,0.0154,1.0,1.0,65.0463,781199,140273,0.0571
tencentBlock.ns8523.oracleGeneral.zst,3577270,468527,0.0033,0.0004,0.131,1.0,1.0,7.6351,781197,157251,0.3356
tencentBlock.ns8519.oracleGeneral.zst,1382301,235637,0.0013,0.0002,0.1705,1.0,1.0,5.8662,781199,47920,0.2034
tencentBlock.ns8516.oracleGeneral.zst,2543413,243510,0.0024,0.0002,0.0957,1.0,1.0,10.4448,781197,7390,0.0303
tencentBlock.ns8513.oracleGeneral.zst,2175787,150432,0.002,0.0001,0.0691,1.0,1.0,14.4636,781198,3403,0.0226
tencentBlock.ns8507.oracleGeneral.zst,2480294,100877,0.0023,0.0001,0.0407,1.0,1.0,24.5873,781198,38480,0.3815
tencentBlock.ns8498.oracleGeneral.zst,3932165,352174,0.0037,0.0003,0.0896,1.0,1.0,11.1654,781197,95542,0.2713
tencentBlock.ns8494.oracleGeneral.zst,1927250,195393,0.0018,0.0002,0.1014,1.0,1.0,9.8635,781197,33062,0.1692
tencentBlock.ns8486.oracleGeneral.zst,10473113,404087,0.0098,0.0004,0.0386,1.0,1.0,25.918,781199,123058,0.3045
tencentBlock.ns8471.oracleGeneral.zst,3850333,136531,0.0036,0.0001,0.0355,1.0,1.0,28.2012,781199,32821,0.2404
tencentBlock.ns8468.oracleGeneral.zst,3572848,375037,0.0033,0.0003,0.105,1.0,1.0,9.5267,781199,191292,0.5101
tencentBlock.ns8462.oracleGeneral.zst,1857698,143844,0.0017,0.0001,0.0774,1.0,1.0,12.9147,781195,1869,0.013
tencentBlock.ns8456.oracleGeneral.zst,1997665,102857,0.0019,0.0001,0.0515,1.0,1.0,19.4218,781198,8858,0.0861
tencentBlock.ns8450.oracleGeneral.zst,1440101,246052,0.0013,0.0002,0.1709,1.0,1.0,5.8528,781194,78244,0.318
tencentBlock.ns8448.oracleGeneral.zst,9702712,835889,0.009,0.0008,0.0862,1.0,1.0,11.6077,622351,68085,0.0815
tencentBlock.ns8433.oracleGeneral.zst,3592683,492565,0.0033,0.0005,0.1371,1.0,1.0,7.2938,781199,120856,0.2454
tencentBlock.ns8425.oracleGeneral.zst,3262606,275583,0.003,0.0003,0.0845,1.0,1.0,11.8389,781194,54969,0.1995
tencentBlock.ns8423.oracleGeneral.zst,3780347,138673,0.0035,0.0001,0.0367,1.0,1.0,27.2609,781199,40413,0.2914
tencentBlock.ns8420.oracleGeneral.zst,49526846,2918549,0.0461,0.0027,0.0589,1.0,1.0,16.9697,781199,303018,0.1038
tencentBlock.ns8417.oracleGeneral.zst,3307394,779177,0.0031,0.0007,0.2356,1.0,1.0,4.2447,781196,533102,0.6842
tencentBlock.ns8411.oracleGeneral.zst,3566242,377249,0.0033,0.0004,0.1058,1.0,1.0,9.4533,781198,75213,0.1994
tencentBlock.ns8402.oracleGeneral.zst,5313079,487457,0.0049,0.0005,0.0917,1.0,1.0,10.8996,781197,130936,0.2686
tencentBlock.ns8388.oracleGeneral.zst,4268880,306199,0.004,0.0003,0.0717,1.0,1.0,13.9415,781197,92821,0.3031
tencentBlock.ns8381.oracleGeneral.zst,2794458,156360,0.0026,0.0001,0.056,1.0,1.0,17.8719,781198,45062,0.2882
tencentBlock.ns8380.oracleGeneral.zst,2373640,217427,0.0022,0.0002,0.0916,1.0,1.0,10.917,781196,60018,0.276
tencentBlock.ns8371.oracleGeneral.zst,1882279,198728,0.0018,0.0002,0.1056,1.0,1.0,9.4716,781195,24297,0.1223
tencentBlock.ns8363.oracleGeneral.zst,17802135,965755,0.0166,0.0009,0.0542,1.0,1.0,18.4334,781199,455596,0.4718
tencentBlock.ns8361.oracleGeneral.zst,4039176,137896,0.0038,0.0001,0.0341,1.0,1.0,29.2915,781199,42074,0.3051
tencentBlock.ns8353.oracleGeneral.zst,11145451,909200,0.0104,0.0008,0.0816,1.0,1.0,12.2585,781199,62761,0.069
tencentBlock.ns8338.oracleGeneral.zst,4977426,475371,0.0046,0.0004,0.0955,1.0,1.0,10.4706,781199,179132,0.3768
tencentBlock.ns8331.oracleGeneral.zst,4922545,580953,0.0046,0.0005,0.118,1.0,1.0,8.4732,781199,174753,0.3008
tencentBlock.ns8327.oracleGeneral.zst,1140963,191542,0.0011,0.0002,0.1679,1.0,1.0,5.9567,781199,65894,0.344
tencentBlock.ns8319.oracleGeneral.zst,2338817,588738,0.0022,0.0005,0.2517,1.0,1.0,3.9726,781195,310098,0.5267
tencentBlock.ns8308.oracleGeneral.zst,7578436,443589,0.0071,0.0004,0.0585,1.0,1.0,17.0844,781199,148688,0.3352
tencentBlock.ns8299.oracleGeneral.zst,3201454,232074,0.003,0.0002,0.0725,1.0,1.0,13.795,781197,99240,0.4276
tencentBlock.ns8287.oracleGeneral.zst,1357842,140611,0.0013,0.0001,0.1036,1.0,1.0,9.6567,781198,3947,0.0281
tencentBlock.ns8281.oracleGeneral.zst,17931185,3058804,0.0167,0.0028,0.1706,1.0,1.0,5.8622,781199,1973040,0.645
tencentBlock.ns8280.oracleGeneral.zst,6061429,247595,0.0056,0.0002,0.0408,1.0,1.0,24.4812,781195,85819,0.3466
tencentBlock.ns8278.oracleGeneral.zst,6052543,615972,0.0056,0.0006,0.1018,1.0,1.0,9.826,781199,188504,0.306
tencentBlock.ns8269.oracleGeneral.zst,3045967,102392,0.0028,0.0001,0.0336,1.0,1.0,29.7481,781199,22674,0.2214
tencentBlock.ns8253.oracleGeneral.zst,3503270,158054,0.0033,0.0001,0.0451,1.0,1.0,22.165,781199,32537,0.2059
tencentBlock.ns8247.oracleGeneral.zst,2306963,122597,0.0021,0.0001,0.0531,1.0,1.0,18.8175,781199,47775,0.3897
tencentBlock.ns8238.oracleGeneral.zst,5055445,311254,0.0047,0.0003,0.0616,1.0,1.0,16.2422,781199,100088,0.3216
tencentBlock.ns8229.oracleGeneral.zst,14014081,1263969,0.0131,0.0012,0.0902,1.0,1.0,11.0874,781199,339410,0.2685
tencentBlock.ns8227.oracleGeneral.zst,1447466,293820,0.0013,0.0003,0.203,1.0,1.0,4.9264,781195,101210,0.3445
tencentBlock.ns8222.oracleGeneral.zst,1365194,186782,0.0013,0.0002,0.1368,1.0,1.0,7.309,781195,46587,0.2494
tencentBlock.ns8216.oracleGeneral.zst,3009598,359813,0.0028,0.0003,0.1196,1.0,1.0,8.3643,781198,110852,0.3081
tencentBlock.ns8209.oracleGeneral.zst,2644452,118246,0.0025,0.0001,0.0447,1.0,1.0,22.364,781199,51869,0.4387
tencentBlock.ns8202.oracleGeneral.zst,2926354,168496,0.0027,0.0002,0.0576,1.0,1.0,17.3675,781197,41789,0.248
tencentBlock.ns8192.oracleGeneral.zst,3734230,361579,0.0035,0.0003,0.0968,1.0,1.0,10.3276,781197,105494,0.2918
tencentBlock.ns8187.oracleGeneral.zst,1231303,209651,0.0011,0.0002,0.1703,1.0,1.0,5.8731,781194,45984,0.2193
tencentBlock.ns8178.oracleGeneral.zst,2898605,120256,0.0027,0.0001,0.0415,1.0,1.0,24.1036,781198,29614,0.2463
tencentBlock.ns8173.oracleGeneral.zst,3600250,198490,0.0034,0.0002,0.0551,1.0,1.0,18.1382,781199,57831,0.2914
tencentBlock.ns8169.oracleGeneral.zst,3045357,2235273,0.0028,0.0021,0.734,1.0,1.0,1.3624,781199,1604611,0.7179
tencentBlock.ns8163.oracleGeneral.zst,4066108,505810,0.0038,0.0005,0.1244,1.0,1.0,8.0388,781198,159042,0.3144
tencentBlock.ns8155.oracleGeneral.zst,5667679,337686,0.0053,0.0003,0.0596,1.0,1.0,16.7839,781199,131227,0.3886
tencentBlock.ns8154.oracleGeneral.zst,315543598,492582,0.2939,0.0005,0.0016,1.0,1.0,640.591,781199,74531,0.1513
tencentBlock.ns8152.oracleGeneral.zst,12842706,1563663,0.012,0.0015,0.1218,1.0,1.0,8.2132,781199,590132,0.3774
tencentBlock.ns8147.oracleGeneral.zst,2640960,157082,0.0025,0.0001,0.0595,1.0,1.0,16.8126,781199,54357,0.346
tencentBlock.ns8139.oracleGeneral.zst,3518746,235503,0.0033,0.0002,0.0669,1.0,1.0,14.9414,781199,88303,0.375
tencentBlock.ns8135.oracleGeneral.zst,3035799,283271,0.0028,0.0003,0.0933,1.0,1.0,10.7169,781196,87198,0.3078
tencentBlock.ns8128.oracleGeneral.zst,1293757,153804,0.0012,0.0001,0.1189,1.0,1.0,8.4117,781198,21050,0.1369
tencentBlock.ns8119.oracleGeneral.zst,1417833,175990,0.0013,0.0002,0.1241,1.0,1.0,8.0563,781194,49315,0.2802
tencentBlock.ns8118.oracleGeneral.zst,2133594,158116,0.002,0.0001,0.0741,1.0,1.0,13.4939,293774,32276,0.2041
tencentBlock.ns8114.oracleGeneral.zst,5209950,176643,0.0049,0.0002,0.0339,1.0,1.0,29.4942,781199,44965,0.2546
tencentBlock.ns8111.oracleGeneral.zst,1716289,266496,0.0016,0.0002,0.1553,1.0,1.0,6.4402,781196,58466,0.2194
tencentBlock.ns8102.oracleGeneral.zst,2813946,119688,0.0026,0.0001,0.0425,1.0,1.0,23.5107,781199,45158,0.3773
tencentBlock.ns8087.oracleGeneral.zst,7506599,948889,0.007,0.0009,0.1264,1.0,1.0,7.9109,781196,278376,0.2934
tencentBlock.ns8078.oracleGeneral.zst,2558526,305890,0.0024,0.0003,0.1196,1.0,1.0,8.3642,334349,165560,0.5412
tencentBlock.ns8077.oracleGeneral.zst,33364584,7202553,0.0311,0.0067,0.2159,1.0,1.0,4.6323,781199,4536863,0.6299
tencentBlock.ns8069.oracleGeneral.zst,9711446,441575,0.009,0.0004,0.0455,1.0,1.0,21.9927,781199,110883,0.2511
tencentBlock.ns8065.oracleGeneral.zst,7281286,515301,0.0068,0.0005,0.0708,1.0,1.0,14.1302,781198,116043,0.2252
tencentBlock.ns8061.oracleGeneral.zst,5616901,100450,0.0052,0.0001,0.0179,1.0,1.0,55.9174,781199,13104,0.1305
tencentBlock.ns8053.oracleGeneral.zst,3894723,102331,0.0036,0.0001,0.0263,1.0,1.0,38.0601,781199,25488,0.2491
tencentBlock.ns8043.oracleGeneral.zst,43149882,1007103,0.0402,0.0009,0.0233,1.0,1.0,42.8456,781199,225691,0.2241
tencentBlock.ns8039.oracleGeneral.zst,49865814,2921718,0.0464,0.0027,0.0586,1.0,1.0,17.0673,781198,298997,0.1023
tencentBlock.ns8036.oracleGeneral.zst,1883456,211749,0.0018,0.0002,0.1124,1.0,1.0,8.8948,781199,76268,0.3602
tencentBlock.ns8029.oracleGeneral.zst,3757114,542298,0.0035,0.0005,0.1443,1.0,1.0,6.9281,781199,157638,0.2907
tencentBlock.ns8025.oracleGeneral.zst,8778410,261422,0.0082,0.0002,0.0298,1.0,1.0,33.5795,781199,81108,0.3103
tencentBlock.ns8021.oracleGeneral.zst,3487102,111815,0.0032,0.0001,0.0321,1.0,1.0,31.1864,781198,29632,0.265
tencentBlock.ns8018.oracleGeneral.zst,4892821,623140,0.0046,0.0006,0.1274,1.0,1.0,7.8519,781198,130543,0.2095
tencentBlock.ns8011.oracleGeneral.zst,4893222,839392,0.0046,0.0008,0.1715,1.0,1.0,5.8295,781197,218163,0.2599
tencentBlock.ns8006.oracleGeneral.zst,1416821,154769,0.0013,0.0001,0.1092,1.0,1.0,9.1544,781198,13716,0.0886
tencentBlock.ns8000.oracleGeneral.zst,3710578,112453,0.0035,0.0001,0.0303,1.0,1.0,32.9967,781199,19101,0.1699
tencentBlock.ns7997.oracleGeneral.zst,10176547,233365,0.0095,0.0002,0.0229,1.0,1.0,43.6079,781198,51345,0.22
tencentBlock.ns7994.oracleGeneral.zst,1215357,164139,0.0011,0.0002,0.1351,1.0,1.0,7.4044,781196,55652,0.3391
tencentBlock.ns7992.oracleGeneral.zst,3358740,214015,0.0031,0.0002,0.0637,1.0,1.0,15.6939,779681,116287,0.5434
tencentBlock.ns7970.oracleGeneral.zst,1846960,131270,0.0017,0.0001,0.0711,1.0,1.0,14.0699,645760,56036,0.4269
tencentBlock.ns7966.oracleGeneral.zst,2285128,207274,0.0021,0.0002,0.0907,1.0,1.0,11.0247,665559,56034,0.2703
tencentBlock.ns7962.oracleGeneral.zst,5197703,394512,0.0048,0.0004,0.0759,1.0,1.0,13.175,781199,48666,0.1234
tencentBlock.ns7956.oracleGeneral.zst,8237111,781819,0.0077,0.0007,0.0949,1.0,1.0,10.5358,781195,258938,0.3312
tencentBlock.ns7952.oracleGeneral.zst,1792360,178438,0.0017,0.0002,0.0996,1.0,1.0,10.0447,781199,62892,0.3525
tencentBlock.ns7943.oracleGeneral.zst,3076400,101905,0.0029,0.0001,0.0331,1.0,1.0,30.1889,781199,10567,0.1037
tencentBlock.ns7937.oracleGeneral.zst,5956409,177812,0.0055,0.0002,0.0299,1.0,1.0,33.4984,781199,34409,0.1935
tencentBlock.ns7931.oracleGeneral.zst,3612012,887127,0.0034,0.0008,0.2456,1.0,1.0,4.0716,781198,580873,0.6548
tencentBlock.ns7924.oracleGeneral.zst,2785429,308651,0.0026,0.0003,0.1108,1.0,1.0,9.0245,781197,86509,0.2803
tencentBlock.ns7916.oracleGeneral.zst,1004595,111606,0.0009,0.0001,0.1111,1.0,1.0,9.0013,781195,1866,0.0167
tencentBlock.ns7915.oracleGeneral.zst,4869165,697753,0.0045,0.0006,0.1433,1.0,1.0,6.9784,781199,374384,0.5366
tencentBlock.ns7913.oracleGeneral.zst,2655854,148247,0.0025,0.0001,0.0558,1.0,1.0,17.9151,781199,40568,0.2737
tencentBlock.ns7909.oracleGeneral.zst,2739220,212718,0.0026,0.0002,0.0777,1.0,1.0,12.8772,781199,30201,0.142
tencentBlock.ns7904.oracleGeneral.zst,2484767,106679,0.0023,0.0001,0.0429,1.0,1.0,23.292,781198,21440,0.201
tencentBlock.ns7898.oracleGeneral.zst,3525531,138801,0.0033,0.0001,0.0394,1.0,1.0,25.3999,781199,65662,0.4731
tencentBlock.ns7894.oracleGeneral.zst,5751466,276746,0.0054,0.0003,0.0481,1.0,1.0,20.7825,781196,133532,0.4825
tencentBlock.ns7889.oracleGeneral.zst,3383476,611582,0.0032,0.0006,0.1808,1.0,1.0,5.5323,781198,245084,0.4007
tencentBlock.ns7883.oracleGeneral.zst,3774462,307716,0.0035,0.0003,0.0815,1.0,1.0,12.2661,781198,130492,0.4241
tencentBlock.ns7875.oracleGeneral.zst,4358169,110076,0.0041,0.0001,0.0253,1.0,1.0,39.5924,781198,24143,0.2193
tencentBlock.ns7867.oracleGeneral.zst,3782453,187816,0.0035,0.0002,0.0497,1.0,1.0,20.1391,781199,39141,0.2084
tencentBlock.ns7859.oracleGeneral.zst,2676657,596494,0.0025,0.0006,0.2229,1.0,1.0,4.4873,781196,237219,0.3977
tencentBlock.ns7847.oracleGeneral.zst,1595401,256747,0.0015,0.0002,0.1609,1.0,1.0,6.2139,781199,50747,0.1977
tencentBlock.ns7841.oracleGeneral.zst,3682544,431024,0.0034,0.0004,0.117,1.0,1.0,8.5437,781198,101584,0.2357
tencentBlock.ns7828.oracleGeneral.zst,9156933,142519,0.0085,0.0001,0.0156,1.0,1.0,64.2506,781199,25375,0.178
tencentBlock.ns7814.oracleGeneral.zst,4572621,484381,0.0043,0.0005,0.1059,1.0,1.0,9.4401,781199,57831,0.1194
tencentBlock.ns7807.oracleGeneral.zst,8612672,107049,0.008,0.0001,0.0124,1.0,1.0,80.4554,781199,21021,0.1964
tencentBlock.ns7802.oracleGeneral.zst,19655429,278006,0.0183,0.0003,0.0141,1.0,1.0,70.7015,781199,10397,0.0374
tencentBlock.ns7795.oracleGeneral.zst,1015350,177795,0.0009,0.0002,0.1751,1.0,1.0,5.7108,781194,36975,0.208
tencentBlock.ns7792.oracleGeneral.zst,2071815,381903,0.0019,0.0004,0.1843,1.0,1.0,5.425,781199,52834,0.1383
tencentBlock.ns7784.oracleGeneral.zst,3755363,471219,0.0035,0.0004,0.1255,1.0,1.0,7.9695,781195,165718,0.3517
tencentBlock.ns7782.oracleGeneral.zst,11500021,226677,0.0107,0.0002,0.0197,1.0,1.0,50.7331,781197,66973,0.2955
tencentBlock.ns7779.oracleGeneral.zst,1489801,259147,0.0014,0.0002,0.1739,1.0,1.0,5.7489,781194,64705,0.2497
tencentBlock.ns7775.oracleGeneral.zst,4572411,316652,0.0043,0.0003,0.0693,1.0,1.0,14.4399,781199,113092,0.3571
tencentBlock.ns7773.oracleGeneral.zst,2660020,226485,0.0025,0.0002,0.0851,1.0,1.0,11.7448,781198,32589,0.1439
tencentBlock.ns7763.oracleGeneral.zst,2495573,107228,0.0023,0.0001,0.043,1.0,1.0,23.2735,781199,31009,0.2892
tencentBlock.ns7758.oracleGeneral.zst,9906269,162780,0.0092,0.0002,0.0164,1.0,1.0,60.8568,781198,24943,0.1532
tencentBlock.ns7750.oracleGeneral.zst,3962937,369115,0.0037,0.0003,0.0931,1.0,1.0,10.7363,781198,122216,0.3311
tencentBlock.ns7743.oracleGeneral.zst,3272544,630214,0.003,0.0006,0.1926,1.0,1.0,5.1928,781196,302659,0.4802
tencentBlock.ns7741.oracleGeneral.zst,10363158,202223,0.0097,0.0002,0.0195,1.0,1.0,51.2462,781199,51777,0.256
tencentBlock.ns7739.oracleGeneral.zst,1585880,198569,0.0015,0.0002,0.1252,1.0,1.0,7.9865,781195,23667,0.1192
tencentBlock.ns7732.oracleGeneral.zst,10575628,1507961,0.0098,0.0014,0.1426,1.0,1.0,7.0132,781199,586125,0.3887
tencentBlock.ns7726.oracleGeneral.zst,1492913,242016,0.0014,0.0002,0.1621,1.0,1.0,6.1687,781195,39443,0.163
tencentBlock.ns7717.oracleGeneral.zst,4345939,682608,0.004,0.0006,0.1571,1.0,1.0,6.3667,781199,284707,0.4171
tencentBlock.ns7713.oracleGeneral.zst,4904147,126327,0.0046,0.0001,0.0258,1.0,1.0,38.8211,781198,25850,0.2046
tencentBlock.ns7709.oracleGeneral.zst,36405599,6475196,0.0339,0.006,0.1779,1.0,1.0,5.6223,781199,1517179,0.2343
tencentBlock.ns7702.oracleGeneral.zst,7519561,189975,0.007,0.0002,0.0253,1.0,1.0,39.5818,781199,29254,0.154
tencentBlock.ns7696.oracleGeneral.zst,40196997,1180334,0.0374,0.0011,0.0294,1.0,1.0,34.0556,781199,347689,0.2946
tencentBlock.ns7690.oracleGeneral.zst,8950532,595006,0.0083,0.0006,0.0665,1.0,1.0,15.0428,781199,170325,0.2863
tencentBlock.ns7683.oracleGeneral.zst,14628726,840323,0.0136,0.0008,0.0574,1.0,1.0,17.4085,781199,84585,0.1007
tencentBlock.ns7677.oracleGeneral.zst,3841588,135683,0.0036,0.0001,0.0353,1.0,1.0,28.313,781199,19538,0.144
tencentBlock.ns7664.oracleGeneral.zst,3133874,319849,0.0029,0.0003,0.1021,1.0,1.0,9.798,781198,71134,0.2224
tencentBlock.ns7658.oracleGeneral.zst,2684963,293556,0.0025,0.0003,0.1093,1.0,1.0,9.1463,781195,80111,0.2729
tencentBlock.ns7636.oracleGeneral.zst,6572276,326348,0.0061,0.0003,0.0497,1.0,1.0,20.1389,781199,150876,0.4623
tencentBlock.ns7618.oracleGeneral.zst,5451829,713805,0.0051,0.0007,0.1309,1.0,1.0,7.6377,781199,56639,0.0793
tencentBlock.ns7615.oracleGeneral.zst,3190253,137301,0.003,0.0001,0.043,1.0,1.0,23.2355,781199,35453,0.2582
tencentBlock.ns7611.oracleGeneral.zst,2667005,215734,0.0025,0.0002,0.0809,1.0,1.0,12.3625,781195,39182,0.1816
tencentBlock.ns7606.oracleGeneral.zst,1985659,235055,0.0018,0.0002,0.1184,1.0,1.0,8.4476,781196,87655,0.3729
tencentBlock.ns7602.oracleGeneral.zst,9795568,229280,0.0091,0.0002,0.0234,1.0,1.0,42.7232,781199,65848,0.2872
tencentBlock.ns7596.oracleGeneral.zst,1223036,128111,0.0011,0.0001,0.1047,1.0,1.0,9.5467,781196,3814,0.0298
tencentBlock.ns7590.oracleGeneral.zst,2207253,135260,0.0021,0.0001,0.0613,1.0,1.0,16.3186,781199,40297,0.2979
tencentBlock.ns7584.oracleGeneral.zst,19508754,3808906,0.0182,0.0035,0.1952,1.0,1.0,5.1219,781199,977751,0.2567
tencentBlock.ns7579.oracleGeneral.zst,4101571,477023,0.0038,0.0004,0.1163,1.0,1.0,8.5983,781197,109928,0.2304
tencentBlock.ns7576.oracleGeneral.zst,4749885,534044,0.0044,0.0005,0.1124,1.0,1.0,8.8942,781199,103806,0.1944
tencentBlock.ns7574.oracleGeneral.zst,2741137,140962,0.0026,0.0001,0.0514,1.0,1.0,19.4459,781196,40050,0.2841
tencentBlock.ns7569.oracleGeneral.zst,3164885,347262,0.0029,0.0003,0.1097,1.0,1.0,9.1138,781197,66390,0.1912
tencentBlock.ns7568.oracleGeneral.zst,60637391,2986055,0.0565,0.0028,0.0492,1.0,1.0,20.3069,781199,323091,0.1082
tencentBlock.ns7563.oracleGeneral.zst,3043668,114212,0.0028,0.0001,0.0375,1.0,1.0,26.6493,781199,37674,0.3299
tencentBlock.ns7559.oracleGeneral.zst,8095945,234250,0.0075,0.0002,0.0289,1.0,1.0,34.5611,781199,61258,0.2615
tencentBlock.ns7555.oracleGeneral.zst,11209797,114922,0.0104,0.0001,0.0103,1.0,1.0,97.5427,781199,7564,0.0658
tencentBlock.ns7544.oracleGeneral.zst,5266079,288065,0.0049,0.0003,0.0547,1.0,1.0,18.2809,781199,87827,0.3049
tencentBlock.ns7528.oracleGeneral.zst,5818058,563208,0.0054,0.0005,0.0968,1.0,1.0,10.3302,781198,110911,0.1969
tencentBlock.ns7519.oracleGeneral.zst,54552694,128147,0.0508,0.0001,0.0023,1.0,1.0,425.704,781198,9895,0.0772
tencentBlock.ns7510.oracleGeneral.zst,11850908,1306486,0.011,0.0012,0.1102,1.0,1.0,9.0708,186749,231078,0.1769
tencentBlock.ns7509.oracleGeneral.zst,2567124,282392,0.0024,0.0003,0.11,1.0,1.0,9.0906,359546,108005,0.3825
tencentBlock.ns7498.oracleGeneral.zst,6995740,763563,0.0065,0.0007,0.1091,1.0,1.0,9.162,781199,52949,0.0693
tencentBlock.ns7496.oracleGeneral.zst,14089011,425145,0.0131,0.0004,0.0302,1.0,1.0,33.1393,781199,75022,0.1765
tencentBlock.ns7487.oracleGeneral.zst,3195618,657564,0.003,0.0006,0.2058,1.0,1.0,4.8598,781199,275853,0.4195
tencentBlock.ns7482.oracleGeneral.zst,9145006,105202,0.0085,0.0001,0.0115,1.0,1.0,86.9281,781199,21649,0.2058
tencentBlock.ns7471.oracleGeneral.zst,1680957,144338,0.0016,0.0001,0.0859,1.0,1.0,11.646,781199,7723,0.0535
tencentBlock.ns7464.oracleGeneral.zst,7595320,487516,0.0071,0.0005,0.0642,1.0,1.0,15.5796,781199,121069,0.2483
tencentBlock.ns7463.oracleGeneral.zst,3686443,179505,0.0034,0.0002,0.0487,1.0,1.0,20.5367,781199,49434,0.2754
tencentBlock.ns7454.oracleGeneral.zst,1248289,183159,0.0012,0.0002,0.1467,1.0,1.0,6.8153,781199,33485,0.1828
tencentBlock.ns7449.oracleGeneral.zst,27674862,1210639,0.0258,0.0011,0.0437,1.0,1.0,22.8597,781199,275886,0.2279
tencentBlock.ns7440.oracleGeneral.zst,2944616,225069,0.0027,0.0002,0.0764,1.0,1.0,13.0832,781198,137035,0.6089
tencentBlock.ns7436.oracleGeneral.zst,2259879,149627,0.0021,0.0001,0.0662,1.0,1.0,15.1034,781196,7166,0.0479
tencentBlock.ns7432.oracleGeneral.zst,3129297,281174,0.0029,0.0003,0.0899,1.0,1.0,11.1294,781197,69450,0.247
tencentBlock.ns7429.oracleGeneral.zst,2177059,279753,0.002,0.0003,0.1285,1.0,1.0,7.7821,781198,54572,0.1951
tencentBlock.ns7422.oracleGeneral.zst,9234203,103452,0.0086,0.0001,0.0112,1.0,1.0,89.2607,781199,20159,0.1949
tencentBlock.ns7414.oracleGeneral.zst,1858800,225467,0.0017,0.0002,0.1213,1.0,1.0,8.2442,781198,143116,0.6348
tencentBlock.ns7409.oracleGeneral.zst,1537344,151068,0.0014,0.0001,0.0983,1.0,1.0,10.1765,781199,3952,0.0262
tencentBlock.ns7406.oracleGeneral.zst,6720069,148253,0.0063,0.0001,0.0221,1.0,1.0,45.3284,781199,37058,0.25
tencentBlock.ns7400.oracleGeneral.zst,2116654,135006,0.002,0.0001,0.0638,1.0,1.0,15.6782,781199,31756,0.2352
tencentBlock.ns7390.oracleGeneral.zst,3845926,104655,0.0036,0.0001,0.0272,1.0,1.0,36.7486,781199,21751,0.2078
tencentBlock.ns7387.oracleGeneral.zst,2874393,261906,0.0027,0.0002,0.0911,1.0,1.0,10.9749,781196,75369,0.2878
tencentBlock.ns7381.oracleGeneral.zst,2905207,155569,0.0027,0.0001,0.0535,1.0,1.0,18.6747,781199,37407,0.2405
tencentBlock.ns7378.oracleGeneral.zst,48753372,2810214,0.0454,0.0026,0.0576,1.0,1.0,17.3486,781198,289940,0.1032
tencentBlock.ns7369.oracleGeneral.zst,1364954,233272,0.0013,0.0002,0.1709,1.0,1.0,5.8513,781198,67972,0.2914
tencentBlock.ns7347.oracleGeneral.zst,4530253,220981,0.0042,0.0002,0.0488,1.0,1.0,20.5006,781198,93352,0.4224
tencentBlock.ns7336.oracleGeneral.zst,3821758,400969,0.0036,0.0004,0.1049,1.0,1.0,9.5313,781199,95345,0.2378
tencentBlock.ns7327.oracleGeneral.zst,11184753,527785,0.0104,0.0005,0.0472,1.0,1.0,21.1919,781199,129228,0.2448
tencentBlock.ns7321.oracleGeneral.zst,5683091,549928,0.0053,0.0005,0.0968,1.0,1.0,10.3342,781199,124245,0.2259
tencentBlock.ns7315.oracleGeneral.zst,149044977,2728045,0.1388,0.0025,0.0183,1.0,1.0,54.6344,781199,450902,0.1653
tencentBlock.ns7314.oracleGeneral.zst,4774701,211624,0.0044,0.0002,0.0443,1.0,1.0,22.5622,781199,74161,0.3504
tencentBlock.ns7299.oracleGeneral.zst,5811916,1561646,0.0054,0.0015,0.2687,1.0,1.0,3.7217,781196,946077,0.6058
tencentBlock.ns7290.oracleGeneral.zst,2459843,325492,0.0023,0.0003,0.1323,1.0,1.0,7.5573,781199,63758,0.1959
tencentBlock.ns7287.oracleGeneral.zst,1608112,122151,0.0015,0.0001,0.076,1.0,1.0,13.165,781199,44641,0.3655
tencentBlock.ns7282.oracleGeneral.zst,3754640,401065,0.0035,0.0004,0.1068,1.0,1.0,9.3617,781199,77510,0.1933
tencentBlock.ns7279.oracleGeneral.zst,3263507,432940,0.003,0.0004,0.1327,1.0,1.0,7.538,781198,138794,0.3206
tencentBlock.ns7267.oracleGeneral.zst,2326222,201171,0.0022,0.0002,0.0865,1.0,1.0,11.5634,781194,53634,0.2666
tencentBlock.ns7255.oracleGeneral.zst,21537936,4454827,0.0201,0.0041,0.2068,1.0,1.0,4.8347,781198,3721041,0.8353
tencentBlock.ns7250.oracleGeneral.zst,7021432,177919,0.0065,0.0002,0.0253,1.0,1.0,39.4642,781199,20056,0.1127
tencentBlock.ns7246.oracleGeneral.zst,4489858,505497,0.0042,0.0005,0.1126,1.0,1.0,8.8821,781195,130273,0.2577
tencentBlock.ns7243.oracleGeneral.zst,15431885,109716,0.0144,0.0001,0.0071,1.0,1.0,140.653,781199,19951,0.1818
tencentBlock.ns7207.oracleGeneral.zst,2399121,312746,0.0022,0.0003,0.1304,1.0,1.0,7.6711,781198,68155,0.2179
tencentBlock.ns7196.oracleGeneral.zst,2778624,105903,0.0026,0.0001,0.0381,1.0,1.0,26.2374,781199,22685,0.2142
tencentBlock.ns7194.oracleGeneral.zst,5035109,183384,0.0047,0.0002,0.0364,1.0,1.0,27.4566,781199,46282,0.2524
tencentBlock.ns7192.oracleGeneral.zst,4333827,477384,0.004,0.0004,0.1102,1.0,1.0,9.0783,781199,83561,0.175
tencentBlock.ns7186.oracleGeneral.zst,2715273,200375,0.0025,0.0002,0.0738,1.0,1.0,13.551,781199,107181,0.5349
tencentBlock.ns7169.oracleGeneral.zst,3156395,234922,0.0029,0.0002,0.0744,1.0,1.0,13.4359,781196,106079,0.4515
tencentBlock.ns7160.oracleGeneral.zst,16514846,1034948,0.0154,0.001,0.0627,1.0,1.0,15.9572,175958,128861,0.1245
tencentBlock.ns7151.oracleGeneral.zst,6404352,277967,0.006,0.0003,0.0434,1.0,1.0,23.04,781197,122774,0.4417
tencentBlock.ns7149.oracleGeneral.zst,2564093,237990,0.0024,0.0002,0.0928,1.0,1.0,10.774,781199,48086,0.2021
tencentBlock.ns7131.oracleGeneral.zst,9229317,123275,0.0086,0.0001,0.0134,1.0,1.0,74.8677,781199,11966,0.0971
tencentBlock.ns7127.oracleGeneral.zst,1074566,255653,0.001,0.0002,0.2379,1.0,1.0,4.2032,781199,128467,0.5025
tencentBlock.ns7116.oracleGeneral.zst,10675331,2205729,0.0099,0.0021,0.2066,1.0,1.0,4.8398,781195,1316996,0.5971
tencentBlock.ns7109.oracleGeneral.zst,1476878,173854,0.0014,0.0002,0.1177,1.0,1.0,8.4949,781197,2745,0.0158
tencentBlock.ns7101.oracleGeneral.zst,35043139,1052210,0.0326,0.001,0.03,1.0,1.0,33.3043,781197,181982,0.173
tencentBlock.ns7095.oracleGeneral.zst,4960279,166944,0.0046,0.0002,0.0337,1.0,1.0,29.7122,781199,25506,0.1528
tencentBlock.ns7086.oracleGeneral.zst,5116344,102187,0.0048,0.0001,0.02,1.0,1.0,50.0684,781199,11346,0.111
tencentBlock.ns7082.oracleGeneral.zst,3862350,123298,0.0036,0.0001,0.0319,1.0,1.0,31.3253,781199,34357,0.2787
tencentBlock.ns7074.oracleGeneral.zst,5473386,686008,0.0051,0.0006,0.1253,1.0,1.0,7.9786,781199,290403,0.4233
tencentBlock.ns7064.oracleGeneral.zst,1472341,169752,0.0014,0.0002,0.1153,1.0,1.0,8.6735,781199,31039,0.1828
tencentBlock.ns7047.oracleGeneral.zst,4436367,545141,0.0041,0.0005,0.1229,1.0,1.0,8.138,781198,126883,0.2328
tencentBlock.ns7029.oracleGeneral.zst,5930995,183245,0.0055,0.0002,0.0309,1.0,1.0,32.3665,781199,52791,0.2881
tencentBlock.ns7028.oracleGeneral.zst,43731791,481132,0.0407,0.0004,0.011,1.0,1.0,90.8935,781196,118098,0.2455
tencentBlock.ns7027.oracleGeneral.zst,2767356,222008,0.0026,0.0002,0.0802,1.0,1.0,12.4651,781199,55657,0.2507
tencentBlock.ns7022.oracleGeneral.zst,2581680,183415,0.0024,0.0002,0.071,1.0,1.0,14.0756,781199,6057,0.033
tencentBlock.ns7015.oracleGeneral.zst,48672498,1846612,0.0453,0.0017,0.0379,1.0,1.0,26.3577,781199,86151,0.0467
tencentBlock.ns7006.oracleGeneral.zst,3558610,328256,0.0033,0.0003,0.0922,1.0,1.0,10.841,781199,104129,0.3172
tencentBlock.ns6995.oracleGeneral.zst,7267252,309149,0.0068,0.0003,0.0425,1.0,1.0,23.5073,781199,66360,0.2147
tencentBlock.ns6994.oracleGeneral.zst,1984294,318090,0.0018,0.0003,0.1603,1.0,1.0,6.2382,781196,57711,0.1814
tencentBlock.ns6980.oracleGeneral.zst,5257715,388977,0.0049,0.0004,0.074,1.0,1.0,13.5168,781199,140957,0.3624
tencentBlock.ns6976.oracleGeneral.zst,1575299,249647,0.0015,0.0002,0.1585,1.0,1.0,6.3101,781198,104640,0.4192
tencentBlock.ns6971.oracleGeneral.zst,1537865,265796,0.0014,0.0002,0.1728,1.0,1.0,5.7859,781197,59231,0.2228
tencentBlock.ns6965.oracleGeneral.zst,4150841,427604,0.0039,0.0004,0.103,1.0,1.0,9.7072,781199,71754,0.1678
tencentBlock.ns6957.oracleGeneral.zst,2458929,225432,0.0023,0.0002,0.0917,1.0,1.0,10.9076,781199,53715,0.2383
tencentBlock.ns6951.oracleGeneral.zst,4471375,209365,0.0042,0.0002,0.0468,1.0,1.0,21.3568,781199,46827,0.2237
tencentBlock.ns6947.oracleGeneral.zst,1289637,257190,0.0012,0.0002,0.1994,1.0,1.0,5.0143,78189,93887,0.365
tencentBlock.ns6933.oracleGeneral.zst,2174175,312603,0.002,0.0003,0.1438,1.0,1.0,6.9551,781194,65984,0.2111
tencentBlock.ns6930.oracleGeneral.zst,2231846,120928,0.0021,0.0001,0.0542,1.0,1.0,18.456,781199,36801,0.3043
tencentBlock.ns6923.oracleGeneral.zst,9277725,249050,0.0086,0.0002,0.0268,1.0,1.0,37.2525,781198,83789,0.3364
tencentBlock.ns6918.oracleGeneral.zst,17667173,444811,0.0165,0.0004,0.0252,1.0,1.0,39.7184,781199,135848,0.3054
tencentBlock.ns6908.oracleGeneral.zst,1180458,155482,0.0011,0.0001,0.1317,1.0,1.0,7.5922,781199,5731,0.0369
tencentBlock.ns6892.oracleGeneral.zst,41171345,786732,0.0383,0.0007,0.0191,1.0,1.0,52.3321,781195,77107,0.098
tencentBlock.ns6883.oracleGeneral.zst,1196741,196339,0.0011,0.0002,0.1641,1.0,1.0,6.0953,781199,55095,0.2806
tencentBlock.ns6872.oracleGeneral.zst,1780245,289520,0.0017,0.0003,0.1626,1.0,1.0,6.149,781194,56470,0.195
tencentBlock.ns6865.oracleGeneral.zst,3515262,119938,0.0033,0.0001,0.0341,1.0,1.0,29.309,781199,22652,0.1889
tencentBlock.ns6859.oracleGeneral.zst,4374654,473340,0.0041,0.0004,0.1082,1.0,1.0,9.2421,781198,92265,0.1949
tencentBlock.ns6851.oracleGeneral.zst,15580520,968292,0.0145,0.0009,0.0621,1.0,1.0,16.0907,781199,130172,0.1344
tencentBlock.ns6846.oracleGeneral.zst,3761385,164397,0.0035,0.0002,0.0437,1.0,1.0,22.8799,781199,74597,0.4538
tencentBlock.ns6835.oracleGeneral.zst,230819468,901905,0.215,0.0008,0.0039,1.0,1.0,255.9244,781199,138790,0.1539
tencentBlock.ns6834.oracleGeneral.zst,1293507,247885,0.0012,0.0002,0.1916,1.0,1.0,5.2182,781197,83144,0.3354
tencentBlock.ns6831.oracleGeneral.zst,3298263,308585,0.0031,0.0003,0.0936,1.0,1.0,10.6883,781198,91069,0.2951
tencentBlock.ns6823.oracleGeneral.zst,1275702,194552,0.0012,0.0002,0.1525,1.0,1.0,6.5571,781196,68999,0.3547
tencentBlock.ns6822.oracleGeneral.zst,2529655,266636,0.0024,0.0002,0.1054,1.0,1.0,9.4873,781197,66236,0.2484
tencentBlock.ns6814.oracleGeneral.zst,56981299,2246356,0.0531,0.0021,0.0394,1.0,1.0,25.3661,781199,159135,0.0708
tencentBlock.ns6798.oracleGeneral.zst,4099496,389957,0.0038,0.0004,0.0951,1.0,1.0,10.5127,781199,95948,0.246
tencentBlock.ns6795.oracleGeneral.zst,4817381,123104,0.0045,0.0001,0.0256,1.0,1.0,39.1326,781199,20369,0.1655
tencentBlock.ns6768.oracleGeneral.zst,2204439,148046,0.0021,0.0001,0.0672,1.0,1.0,14.8902,781198,45027,0.3041
tencentBlock.ns6764.oracleGeneral.zst,3638501,159844,0.0034,0.0001,0.0439,1.0,1.0,22.7628,676341,61845,0.3869
tencentBlock.ns6740.oracleGeneral.zst,3154673,354761,0.0029,0.0003,0.1125,1.0,1.0,8.8924,781199,83191,0.2345
tencentBlock.ns6731.oracleGeneral.zst,6185843,241178,0.0058,0.0002,0.039,1.0,1.0,25.6485,781199,56105,0.2326
tencentBlock.ns6725.oracleGeneral.zst,6475063,1139428,0.006,0.0011,0.176,1.0,1.0,5.6827,781199,498345,0.4374
tencentBlock.ns6717.oracleGeneral.zst,3599935,393873,0.0034,0.0004,0.1094,1.0,1.0,9.1398,781196,74351,0.1888
tencentBlock.ns6709.oracleGeneral.zst,1254477,124389,0.0012,0.0001,0.0992,1.0,1.0,10.0851,781198,2621,0.0211
tencentBlock.ns6700.oracleGeneral.zst,6507289,620306,0.0061,0.0006,0.0953,1.0,1.0,10.4904,781197,154564,0.2492
tencentBlock.ns6696.oracleGeneral.zst,1201100,207592,0.0011,0.0002,0.1728,1.0,1.0,5.7859,781195,44632,0.215
tencentBlock.ns6689.oracleGeneral.zst,7678203,408288,0.0072,0.0004,0.0532,1.0,1.0,18.8059,781199,198552,0.4863
tencentBlock.ns6687.oracleGeneral.zst,3366381,343655,0.0031,0.0003,0.1021,1.0,1.0,9.7958,781197,80766,0.235
tencentBlock.ns6679.oracleGeneral.zst,8187556,390084,0.0076,0.0004,0.0476,1.0,1.0,20.9892,781199,88652,0.2273
tencentBlock.ns6678.oracleGeneral.zst,3363812,938338,0.0031,0.0009,0.279,1.0,1.0,3.5849,781198,598703,0.638
tencentBlock.ns6676.oracleGeneral.zst,10227215,536212,0.0095,0.0005,0.0524,1.0,1.0,19.0731,781199,217505,0.4056
tencentBlock.ns6669.oracleGeneral.zst,8866311,134295,0.0083,0.0001,0.0151,1.0,1.0,66.0212,781199,17047,0.1269
tencentBlock.ns6644.oracleGeneral.zst,6241362,668613,0.0058,0.0006,0.1071,1.0,1.0,9.3348,781199,190447,0.2848
tencentBlock.ns6639.oracleGeneral.zst,2835266,240867,0.0026,0.0002,0.085,1.0,1.0,11.7711,781199,70871,0.2942
tencentBlock.ns6637.oracleGeneral.zst,3106990,332100,0.0029,0.0003,0.1069,1.0,1.0,9.3556,643951,108390,0.3264
tencentBlock.ns6631.oracleGeneral.zst,6325781,302207,0.0059,0.0003,0.0478,1.0,1.0,20.9319,781199,129345,0.428
tencentBlock.ns6630.oracleGeneral.zst,2040998,317155,0.0019,0.0003,0.1554,1.0,1.0,6.4353,781195,75627,0.2385
tencentBlock.ns6627.oracleGeneral.zst,15864763,479713,0.0148,0.0004,0.0302,1.0,1.0,33.0714,781199,115393,0.2405
tencentBlock.ns6624.oracleGeneral.zst,5510923,156736,0.0051,0.0001,0.0284,1.0,1.0,35.1605,781198,24932,0.1591
tencentBlock.ns6607.oracleGeneral.zst,2754322,236615,0.0026,0.0002,0.0859,1.0,1.0,11.6405,259448,103334,0.4367
tencentBlock.ns6598.oracleGeneral.zst,3291933,276728,0.0031,0.0003,0.0841,1.0,1.0,11.8959,781198,56035,0.2025
tencentBlock.ns6591.oracleGeneral.zst,12956376,942484,0.0121,0.0009,0.0727,1.0,1.0,13.7471,781199,329502,0.3496
tencentBlock.ns6582.oracleGeneral.zst,3530011,301959,0.0033,0.0003,0.0855,1.0,1.0,11.6904,781198,73688,0.244
tencentBlock.ns6579.oracleGeneral.zst,10681212,1508510,0.0099,0.0014,0.1412,1.0,1.0,7.0806,781197,585736,0.3883
tencentBlock.ns6572.oracleGeneral.zst,1955786,103185,0.0018,0.0001,0.0528,1.0,1.0,18.9542,781197,35596,0.345
tencentBlock.ns6558.oracleGeneral.zst,3152049,324315,0.0029,0.0003,0.1029,1.0,1.0,9.7191,781199,57373,0.1769
tencentBlock.ns6554.oracleGeneral.zst,51838889,2845347,0.0483,0.0026,0.0549,1.0,1.0,18.2188,781199,266491,0.0937
tencentBlock.ns6550.oracleGeneral.zst,3046431,2235205,0.0028,0.0021,0.7337,1.0,1.0,1.3629,781199,1602653,0.717
tencentBlock.ns6547.oracleGeneral.zst,3247843,205158,0.003,0.0002,0.0632,1.0,1.0,15.8309,781199,26053,0.127
tencentBlock.ns6543.oracleGeneral.zst,2058351,115289,0.0019,0.0001,0.056,1.0,1.0,17.8538,781198,31138,0.2701
tencentBlock.ns6528.oracleGeneral.zst,18755784,1427071,0.0175,0.0013,0.0761,1.0,1.0,13.1429,781198,447031,0.3133
tencentBlock.ns6527.oracleGeneral.zst,3492831,242925,0.0033,0.0002,0.0695,1.0,1.0,14.3782,781199,104572,0.4305
tencentBlock.ns6525.oracleGeneral.zst,2215723,119747,0.0021,0.0001,0.054,1.0,1.0,18.5034,781198,39373,0.3288
tencentBlock.ns6524.oracleGeneral.zst,54323951,2398390,0.0506,0.0022,0.0441,1.0,1.0,22.6502,781199,152753,0.0637
tencentBlock.ns6517.oracleGeneral.zst,2518478,846254,0.0023,0.0008,0.336,1.0,1.0,2.976,781196,421248,0.4978
tencentBlock.ns6511.oracleGeneral.zst,1359014,236575,0.0013,0.0002,0.1741,1.0,1.0,5.7445,781195,58242,0.2462
tencentBlock.ns6510.oracleGeneral.zst,9780789,495159,0.0091,0.0005,0.0506,1.0,1.0,19.7528,781199,178644,0.3608
tencentBlock.ns6499.oracleGeneral.zst,3651913,157510,0.0034,0.0001,0.0431,1.0,1.0,23.1853,781199,34926,0.2217
tencentBlock.ns6491.oracleGeneral.zst,6363957,200641,0.0059,0.0002,0.0315,1.0,1.0,31.7181,781199,21419,0.1068
tencentBlock.ns6485.oracleGeneral.zst,1721194,250467,0.0016,0.0002,0.1455,1.0,1.0,6.8719,781198,84989,0.3393
tencentBlock.ns6483.oracleGeneral.zst,2088018,186925,0.0019,0.0002,0.0895,1.0,1.0,11.1704,781198,4413,0.0236
tencentBlock.ns6474.oracleGeneral.zst,3407080,243594,0.0032,0.0002,0.0715,1.0,1.0,13.9867,781199,130966,0.5376
tencentBlock.ns6467.oracleGeneral.zst,4016298,428245,0.0037,0.0004,0.1066,1.0,1.0,9.3785,781199,74735,0.1745
tencentBlock.ns6459.oracleGeneral.zst,7696425,275546,0.0072,0.0003,0.0358,1.0,1.0,27.9315,781199,21230,0.077
tencentBlock.ns6458.oracleGeneral.zst,6460384,635328,0.006,0.0006,0.0983,1.0,1.0,10.1686,781199,219362,0.3453
tencentBlock.ns6457.oracleGeneral.zst,1436707,192576,0.0013,0.0002,0.134,1.0,1.0,7.4605,781199,54340,0.2822
tencentBlock.ns6452.oracleGeneral.zst,1266371,218348,0.0012,0.0002,0.1724,1.0,1.0,5.7998,781197,52964,0.2426
tencentBlock.ns6448.oracleGeneral.zst,3521581,100884,0.0033,0.0001,0.0286,1.0,1.0,34.9072,781199,20724,0.2054
tencentBlock.ns6439.oracleGeneral.zst,2424991,184957,0.0023,0.0002,0.0763,1.0,1.0,13.1111,781198,1817,0.0098
tencentBlock.ns6434.oracleGeneral.zst,2967983,333484,0.0028,0.0003,0.1124,1.0,1.0,8.8999,781196,69498,0.2084
tencentBlock.ns6416.oracleGeneral.zst,1523381,121784,0.0014,0.0001,0.0799,1.0,1.0,12.5089,781199,24045,0.1974
tencentBlock.ns6410.oracleGeneral.zst,96532648,3678004,0.0899,0.0034,0.0381,1.0,1.0,26.2459,781199,1726631,0.4694
tencentBlock.ns6402.oracleGeneral.zst,4204310,434348,0.0039,0.0004,0.1033,1.0,1.0,9.6796,781198,118014,0.2717
tencentBlock.ns6394.oracleGeneral.zst,3294644,378356,0.0031,0.0004,0.1148,1.0,1.0,8.7078,781197,73678,0.1947
tencentBlock.ns6390.oracleGeneral.zst,4321831,479767,0.004,0.0004,0.111,1.0,1.0,9.0082,781197,92954,0.1937
tencentBlock.ns6383.oracleGeneral.zst,9405296,480800,0.0088,0.0004,0.0511,1.0,1.0,19.5618,781198,155187,0.3228
tencentBlock.ns6378.oracleGeneral.zst,29732659,1036076,0.0277,0.001,0.0348,1.0,1.0,28.6974,781197,726903,0.7016
tencentBlock.ns6370.oracleGeneral.zst,10905206,864059,0.0102,0.0008,0.0792,1.0,1.0,12.6209,781198,58635,0.0679
tencentBlock.ns6362.oracleGeneral.zst,35084435,589861,0.0327,0.0005,0.0168,1.0,1.0,59.4792,781199,151753,0.2573
tencentBlock.ns6359.oracleGeneral.zst,3133735,161377,0.0029,0.0002,0.0515,1.0,1.0,19.4187,781199,48558,0.3009
tencentBlock.ns6357.oracleGeneral.zst,9579907,394650,0.0089,0.0004,0.0412,1.0,1.0,24.2744,781199,146572,0.3714
tencentBlock.ns6350.oracleGeneral.zst,3224066,236716,0.003,0.0002,0.0734,1.0,1.0,13.62,781199,34170,0.1444
tencentBlock.ns6343.oracleGeneral.zst,61125418,2195069,0.0569,0.002,0.0359,1.0,1.0,27.8467,781199,134444,0.0612
tencentBlock.ns6342.oracleGeneral.zst,23604796,991815,0.022,0.0009,0.042,1.0,1.0,23.7996,781199,258058,0.2602
tencentBlock.ns6334.oracleGeneral.zst,4233881,369970,0.0039,0.0003,0.0874,1.0,1.0,11.4438,781197,98686,0.2667
tencentBlock.ns6327.oracleGeneral.zst,20327474,4367801,0.0189,0.0041,0.2149,1.0,1.0,4.6539,781199,1080696,0.2474
tencentBlock.ns6313.oracleGeneral.zst,2379566,109389,0.0022,0.0001,0.046,1.0,1.0,21.7532,781197,46804,0.4279
tencentBlock.ns6307.oracleGeneral.zst,4968363,481769,0.0046,0.0004,0.097,1.0,1.0,10.3127,781199,81897,0.17
tencentBlock.ns6306.oracleGeneral.zst,1302595,197842,0.0012,0.0002,0.1519,1.0,1.0,6.584,781198,38109,0.1926
tencentBlock.ns6297.oracleGeneral.zst,2558023,310534,0.0024,0.0003,0.1214,1.0,1.0,8.2375,654758,75785,0.244
tencentBlock.ns6291.oracleGeneral.zst,4291606,148076,0.004,0.0001,0.0345,1.0,1.0,28.9825,781199,25409,0.1716
tencentBlock.ns6285.oracleGeneral.zst,7609460,280154,0.0071,0.0003,0.0368,1.0,1.0,27.1617,781199,111365,0.3975
tencentBlock.ns6279.oracleGeneral.zst,1643619,147714,0.0015,0.0001,0.0899,1.0,1.0,11.127,781194,13134,0.0889
tencentBlock.ns6275.oracleGeneral.zst,3715283,443775,0.0035,0.0004,0.1194,1.0,1.0,8.372,781199,137627,0.3101
tencentBlock.ns6269.oracleGeneral.zst,2585013,120950,0.0024,0.0001,0.0468,1.0,1.0,21.3726,781199,7329,0.0606
tencentBlock.ns6261.oracleGeneral.zst,3640075,438065,0.0034,0.0004,0.1203,1.0,1.0,8.3094,781195,112922,0.2578
tencentBlock.ns6254.oracleGeneral.zst,1391154,160326,0.0013,0.0001,0.1152,1.0,1.0,8.677,781199,3447,0.0215
tencentBlock.ns6246.oracleGeneral.zst,3208488,690470,0.003,0.0006,0.2152,1.0,1.0,4.6468,781197,184365,0.267
tencentBlock.ns6239.oracleGeneral.zst,8080273,241599,0.0075,0.0002,0.0299,1.0,1.0,33.445,781199,53081,0.2197
tencentBlock.ns6237.oracleGeneral.zst,6408810,304103,0.006,0.0003,0.0475,1.0,1.0,21.0745,781199,51493,0.1693
tencentBlock.ns6234.oracleGeneral.zst,49094397,2899838,0.0457,0.0027,0.0591,1.0,1.0,16.93,781199,300088,0.1035
tencentBlock.ns6233.oracleGeneral.zst,3059040,110865,0.0028,0.0001,0.0362,1.0,1.0,27.5925,781199,41577,0.375
tencentBlock.ns6222.oracleGeneral.zst,3596981,397768,0.0033,0.0004,0.1106,1.0,1.0,9.0429,781199,68264,0.1716
tencentBlock.ns6209.oracleGeneral.zst,7470235,122323,0.007,0.0001,0.0164,1.0,1.0,61.0697,781199,25471,0.2082
tencentBlock.ns6190.oracleGeneral.zst,6565055,350558,0.0061,0.0003,0.0534,1.0,1.0,18.7274,781199,51797,0.1478
tencentBlock.ns6182.oracleGeneral.zst,5164650,1470439,0.0048,0.0014,0.2847,1.0,1.0,3.5123,781199,882367,0.6001
tencentBlock.ns6181.oracleGeneral.zst,1775573,485911,0.0017,0.0005,0.2737,1.0,1.0,3.6541,781199,158269,0.3257
tencentBlock.ns6164.oracleGeneral.zst,9644221,386353,0.009,0.0004,0.0401,1.0,1.0,24.9622,781199,112701,0.2917
tencentBlock.ns6158.oracleGeneral.zst,3438833,143933,0.0032,0.0001,0.0419,1.0,1.0,23.8919,781199,30894,0.2146
tencentBlock.ns6151.oracleGeneral.zst,3990743,422415,0.0037,0.0004,0.1058,1.0,1.0,9.4474,781195,65202,0.1544
tencentBlock.ns6142.oracleGeneral.zst,4457852,195343,0.0042,0.0002,0.0438,1.0,1.0,22.8206,781199,54994,0.2815
tencentBlock.ns6137.oracleGeneral.zst,2389524,316327,0.0022,0.0003,0.1324,1.0,1.0,7.554,781194,66425,0.21
tencentBlock.ns6132.oracleGeneral.zst,10876754,402282,0.0101,0.0004,0.037,1.0,1.0,27.0376,781199,59255,0.1473
tencentBlock.ns6111.oracleGeneral.zst,4211618,400561,0.0039,0.0004,0.0951,1.0,1.0,10.5143,781198,63207,0.1578
tencentBlock.ns6108.oracleGeneral.zst,3341700,769365,0.0031,0.0007,0.2302,1.0,1.0,4.3435,781198,311435,0.4048
tencentBlock.ns6107.oracleGeneral.zst,6111294,201933,0.0057,0.0002,0.033,1.0,1.0,30.264,781197,49003,0.2427
tencentBlock.ns6102.oracleGeneral.zst,2614490,114323,0.0024,0.0001,0.0437,1.0,1.0,22.8693,781198,26728,0.2338
tencentBlock.ns6099.oracleGeneral.zst,1567934,161777,0.0015,0.0002,0.1032,1.0,1.0,9.6919,781196,3171,0.0196
tencentBlock.ns6076.oracleGeneral.zst,1680717,218100,0.0016,0.0002,0.1298,1.0,1.0,7.7062,350548,48145,0.2207
tencentBlock.ns6068.oracleGeneral.zst,5964323,548117,0.0056,0.0005,0.0919,1.0,1.0,10.8815,781199,405905,0.7405
tencentBlock.ns6065.oracleGeneral.zst,9504991,433165,0.0089,0.0004,0.0456,1.0,1.0,21.9431,781199,129157,0.2982
tencentBlock.ns6063.oracleGeneral.zst,52801374,2882703,0.0492,0.0027,0.0546,1.0,1.0,18.3166,781199,275882,0.0957
tencentBlock.ns6057.oracleGeneral.zst,1607659,330082,0.0015,0.0003,0.2053,1.0,1.0,4.8705,781197,119436,0.3618
tencentBlock.ns6048.oracleGeneral.zst,3182596,294444,0.003,0.0003,0.0925,1.0,1.0,10.8088,781196,74204,0.252
tencentBlock.ns6033.oracleGeneral.zst,3957915,289295,0.0037,0.0003,0.0731,1.0,1.0,13.6812,458569,145814,0.504
tencentBlock.ns6032.oracleGeneral.zst,1386469,235361,0.0013,0.0002,0.1698,1.0,1.0,5.8908,781198,50213,0.2133
tencentBlock.ns6025.oracleGeneral.zst,2930217,133474,0.0027,0.0001,0.0456,1.0,1.0,21.9535,781199,10354,0.0776
tencentBlock.ns6018.oracleGeneral.zst,2243010,650928,0.0021,0.0006,0.2902,1.0,1.0,3.4459,781199,350303,0.5382
tencentBlock.ns6014.oracleGeneral.zst,7968797,489023,0.0074,0.0005,0.0614,1.0,1.0,16.2953,781198,163072,0.3335
tencentBlock.ns6013.oracleGeneral.zst,3414009,103148,0.0032,0.0001,0.0302,1.0,1.0,33.0982,781199,25489,0.2471
tencentBlock.ns6008.oracleGeneral.zst,5112271,382287,0.0048,0.0004,0.0748,1.0,1.0,13.3729,781199,60931,0.1594
tencentBlock.ns5985.oracleGeneral.zst,3262649,352918,0.003,0.0003,0.1082,1.0,1.0,9.2448,781193,73141,0.2072
tencentBlock.ns5979.oracleGeneral.zst,3960216,372926,0.0037,0.0003,0.0942,1.0,1.0,10.6193,781199,107869,0.2893
tencentBlock.ns5975.oracleGeneral.zst,4529550,145486,0.0042,0.0001,0.0321,1.0,1.0,31.1339,781199,25574,0.1758
tencentBlock.ns5971.oracleGeneral.zst,1247141,295230,0.0012,0.0003,0.2367,1.0,1.0,4.2243,781196,233405,0.7906
tencentBlock.ns5963.oracleGeneral.zst,2921583,124603,0.0027,0.0001,0.0426,1.0,1.0,23.4471,781199,21680,0.174
tencentBlock.ns5957.oracleGeneral.zst,3475171,357881,0.0032,0.0003,0.103,1.0,1.0,9.7104,781198,108068,0.302
tencentBlock.ns5933.oracleGeneral.zst,2189928,174494,0.002,0.0002,0.0797,1.0,1.0,12.5502,781199,96954,0.5556
tencentBlock.ns5931.oracleGeneral.zst,1470851,356380,0.0014,0.0003,0.2423,1.0,1.0,4.1272,781198,187115,0.525
tencentBlock.ns5927.oracleGeneral.zst,60987140,2269542,0.0568,0.0021,0.0372,1.0,1.0,26.872,781199,155203,0.0684
tencentBlock.ns5920.oracleGeneral.zst,1892431,166000,0.0018,0.0002,0.0877,1.0,1.0,11.4002,781198,6576,0.0396
tencentBlock.ns5913.oracleGeneral.zst,7585342,2351651,0.0071,0.0022,0.31,1.0,1.0,3.2255,781199,1614249,0.6864
tencentBlock.ns5911.oracleGeneral.zst,4671962,190671,0.0044,0.0002,0.0408,1.0,1.0,24.5027,781198,66723,0.3499
tencentBlock.ns5908.oracleGeneral.zst,4224114,447492,0.0039,0.0004,0.1059,1.0,1.0,9.4395,781199,85866,0.1919
tencentBlock.ns5901.oracleGeneral.zst,1179663,224792,0.0011,0.0002,0.1906,1.0,1.0,5.2478,781199,64108,0.2852
tencentBlock.ns5893.oracleGeneral.zst,2922107,180269,0.0027,0.0002,0.0617,1.0,1.0,16.2097,781199,47041,0.2609
tencentBlock.ns5884.oracleGeneral.zst,2526547,155926,0.0024,0.0001,0.0617,1.0,1.0,16.2035,781198,54393,0.3488
tencentBlock.ns5875.oracleGeneral.zst,5788501,1104622,0.0054,0.001,0.1908,1.0,1.0,5.2403,781199,484234,0.4384
tencentBlock.ns5858.oracleGeneral.zst,13126312,868899,0.0122,0.0008,0.0662,1.0,1.0,15.1068,643961,122894,0.1414
tencentBlock.ns5857.oracleGeneral.zst,1298357,228314,0.0012,0.0002,0.1758,1.0,1.0,5.6867,781198,78787,0.3451
tencentBlock.ns5853.oracleGeneral.zst,2161316,513127,0.002,0.0005,0.2374,1.0,1.0,4.212,781197,259845,0.5064
tencentBlock.ns5851.oracleGeneral.zst,1226385,150361,0.0011,0.0001,0.1226,1.0,1.0,8.1563,781199,6902,0.0459
tencentBlock.ns5842.oracleGeneral.zst,2195138,132899,0.002,0.0001,0.0605,1.0,1.0,16.5173,781198,53393,0.4018
tencentBlock.ns5836.oracleGeneral.zst,1403090,146469,0.0013,0.0001,0.1044,1.0,1.0,9.5794,781197,6897,0.0471
tencentBlock.ns5831.oracleGeneral.zst,4898806,162689,0.0046,0.0002,0.0332,1.0,1.0,30.1115,781199,41626,0.2559
tencentBlock.ns5823.oracleGeneral.zst,2468454,118867,0.0023,0.0001,0.0482,1.0,1.0,20.7665,781196,20892,0.1758
tencentBlock.ns5814.oracleGeneral.zst,1941231,329599,0.0018,0.0003,0.1698,1.0,1.0,5.8897,781198,91318,0.2771
tencentBlock.ns5808.oracleGeneral.zst,4306535,153776,0.004,0.0001,0.0357,1.0,1.0,28.0052,781199,62582,0.407
tencentBlock.ns5806.oracleGeneral.zst,2158572,650813,0.002,0.0006,0.3015,1.0,1.0,3.3167,781199,460991,0.7083
tencentBlock.ns5800.oracleGeneral.zst,1515866,194672,0.0014,0.0002,0.1284,1.0,1.0,7.7868,781194,59342,0.3048
tencentBlock.ns5794.oracleGeneral.zst,4354798,470533,0.0041,0.0004,0.108,1.0,1.0,9.255,781197,104849,0.2228
tencentBlock.ns5788.oracleGeneral.zst,4413126,169883,0.0041,0.0002,0.0385,1.0,1.0,25.9774,781199,59788,0.3519
tencentBlock.ns5783.oracleGeneral.zst,2534574,201196,0.0024,0.0002,0.0794,1.0,1.0,12.5975,781198,52535,0.2611
tencentBlock.ns5778.oracleGeneral.zst,8416819,421700,0.0078,0.0004,0.0501,1.0,1.0,19.9593,781199,125423,0.2974
tencentBlock.ns5771.oracleGeneral.zst,1152394,139279,0.0011,0.0001,0.1209,1.0,1.0,8.274,781196,2231,0.016
tencentBlock.ns5764.oracleGeneral.zst,8714365,559768,0.0081,0.0005,0.0642,1.0,1.0,15.5678,673991,194254,0.347
tencentBlock.ns5756.oracleGeneral.zst,5315630,422866,0.005,0.0004,0.0796,1.0,1.0,12.5705,781199,136195,0.3221
tencentBlock.ns5753.oracleGeneral.zst,2389154,223862,0.0022,0.0002,0.0937,1.0,1.0,10.6724,781192,67789,0.3028
tencentBlock.ns5747.oracleGeneral.zst,37522300,281618,0.0349,0.0003,0.0075,1.0,1.0,133.2383,781199,92029,0.3268
tencentBlock.ns5742.oracleGeneral.zst,2862645,131476,0.0027,0.0001,0.0459,1.0,1.0,21.7731,781197,39997,0.3042
tencentBlock.ns5732.oracleGeneral.zst,9980890,4063193,0.0093,0.0038,0.4071,1.0,1.0,2.4564,781188,1628188,0.4007
tencentBlock.ns5725.oracleGeneral.zst,1073215,166902,0.001,0.0002,0.1555,1.0,1.0,6.4302,781199,38167,0.2287
tencentBlock.ns5719.oracleGeneral.zst,1819129,109888,0.0017,0.0001,0.0604,1.0,1.0,16.5544,781195,37935,0.3452
tencentBlock.ns5710.oracleGeneral.zst,51505348,3737166,0.048,0.0035,0.0726,1.0,1.0,13.7819,781199,645677,0.1728
tencentBlock.ns5709.oracleGeneral.zst,4198698,105486,0.0039,0.0001,0.0251,1.0,1.0,39.8034,781199,10596,0.1004
tencentBlock.ns5702.oracleGeneral.zst,1017028,153916,0.0009,0.0001,0.1513,1.0,1.0,6.6077,781197,77627,0.5043
tencentBlock.ns5690.oracleGeneral.zst,4042423,413885,0.0038,0.0004,0.1024,1.0,1.0,9.767,781198,79455,0.192
tencentBlock.ns5685.oracleGeneral.zst,3671182,112428,0.0034,0.0001,0.0306,1.0,1.0,32.6536,781199,39054,0.3474
tencentBlock.ns5682.oracleGeneral.zst,5545281,193162,0.0052,0.0002,0.0348,1.0,1.0,28.7079,781199,54138,0.2803
tencentBlock.ns5673.oracleGeneral.zst,9081294,155288,0.0085,0.0001,0.0171,1.0,1.0,58.4803,781199,42209,0.2718
tencentBlock.ns5664.oracleGeneral.zst,1411192,138860,0.0013,0.0001,0.0984,1.0,1.0,10.1627,781195,3212,0.0231
tencentBlock.ns5646.oracleGeneral.zst,1617714,197578,0.0015,0.0002,0.1221,1.0,1.0,8.1877,781197,40924,0.2071
tencentBlock.ns5641.oracleGeneral.zst,5020404,114461,0.0047,0.0001,0.0228,1.0,1.0,43.8613,781199,14968,0.1308
tencentBlock.ns5632.oracleGeneral.zst,4464112,121023,0.0042,0.0001,0.0271,1.0,1.0,36.8865,781199,10838,0.0896
tencentBlock.ns5631.oracleGeneral.zst,41725493,2637963,0.0389,0.0025,0.0632,1.0,1.0,15.8173,781199,279737,0.106
tencentBlock.ns5628.oracleGeneral.zst,2510545,126725,0.0023,0.0001,0.0505,1.0,1.0,19.811,781197,52759,0.4163
tencentBlock.ns5623.oracleGeneral.zst,3377773,117269,0.0031,0.0001,0.0347,1.0,1.0,28.8036,781198,27388,0.2335
tencentBlock.ns5615.oracleGeneral.zst,3044594,2233893,0.0028,0.0021,0.7337,1.0,1.0,1.3629,781199,1601282,0.7168
tencentBlock.ns5606.oracleGeneral.zst,1434924,125325,0.0013,0.0001,0.0873,1.0,1.0,11.4496,781199,40798,0.3255
tencentBlock.ns5592.oracleGeneral.zst,101684005,6655034,0.0947,0.0062,0.0654,1.0,1.0,15.2793,781199,2964159,0.4454
tencentBlock.ns5565.oracleGeneral.zst,43392188,20331577,0.0404,0.0189,0.4686,1.0,1.0,2.1342,781199,13096052,0.6441
tencentBlock.ns5560.oracleGeneral.zst,14911126,1137629,0.0139,0.0011,0.0763,1.0,1.0,13.1072,781199,267781,0.2354
tencentBlock.ns5543.oracleGeneral.zst,3380546,122742,0.0031,0.0001,0.0363,1.0,1.0,27.5419,781199,20350,0.1658
tencentBlock.ns5526.oracleGeneral.zst,41074916,2727473,0.0383,0.0025,0.0664,1.0,1.0,15.0597,781199,300992,0.1104
tencentBlock.ns5524.oracleGeneral.zst,1375712,149074,0.0013,0.0001,0.1084,1.0,1.0,9.2284,781199,8048,0.054
tencentBlock.ns5519.oracleGeneral.zst,20383931,3633281,0.019,0.0034,0.1782,1.0,1.0,5.6103,781199,838497,0.2308
tencentBlock.ns5516.oracleGeneral.zst,4177532,394803,0.0039,0.0004,0.0945,1.0,1.0,10.5813,781199,77096,0.1953
tencentBlock.ns5513.oracleGeneral.zst,39252453,828825,0.0366,0.0008,0.0211,1.0,1.0,47.3592,779141,161369,0.1947
tencentBlock.ns5510.oracleGeneral.zst,6883891,947096,0.0064,0.0009,0.1376,1.0,1.0,7.2684,781199,232678,0.2457
tencentBlock.ns5509.oracleGeneral.zst,5450255,113396,0.0051,0.0001,0.0208,1.0,1.0,48.0639,781197,35428,0.3124
tencentBlock.ns5501.oracleGeneral.zst,8252002,349061,0.0077,0.0003,0.0423,1.0,1.0,23.6406,781199,113356,0.3247
tencentBlock.ns5494.oracleGeneral.zst,4529232,164975,0.0042,0.0002,0.0364,1.0,1.0,27.4541,781198,21926,0.1329
tencentBlock.ns5490.oracleGeneral.zst,7379887,165506,0.0069,0.0002,0.0224,1.0,1.0,44.5898,781198,42317,0.2557
tencentBlock.ns5481.oracleGeneral.zst,1771721,284853,0.0017,0.0003,0.1608,1.0,1.0,6.2198,781199,56424,0.1981
tencentBlock.ns5473.oracleGeneral.zst,37307337,5003827,0.0347,0.0047,0.1341,1.0,1.0,7.4558,781199,2428015,0.4852
tencentBlock.ns5458.oracleGeneral.zst,3465855,604095,0.0032,0.0006,0.1743,1.0,1.0,5.7373,781199,263950,0.4369
tencentBlock.ns5457.oracleGeneral.zst,6066961,368158,0.0057,0.0003,0.0607,1.0,1.0,16.4792,781199,85746,0.2329
tencentBlock.ns5449.oracleGeneral.zst,2467583,354425,0.0023,0.0003,0.1436,1.0,1.0,6.9622,781198,45809,0.1292
tencentBlock.ns5441.oracleGeneral.zst,4140706,332411,0.0039,0.0003,0.0803,1.0,1.0,12.4566,781199,140055,0.4213
tencentBlock.ns5430.oracleGeneral.zst,3275454,230403,0.0031,0.0002,0.0703,1.0,1.0,14.2162,781199,116163,0.5042
tencentBlock.ns5429.oracleGeneral.zst,2334389,175632,0.0022,0.0002,0.0752,1.0,1.0,13.2914,781199,111031,0.6322
tencentBlock.ns5427.oracleGeneral.zst,5468080,176860,0.0051,0.0002,0.0323,1.0,1.0,30.9176,781198,50886,0.2877
tencentBlock.ns5422.oracleGeneral.zst,1279984,213042,0.0012,0.0002,0.1664,1.0,1.0,6.0081,781199,52354,0.2457
tencentBlock.ns5413.oracleGeneral.zst,2017838,191828,0.0019,0.0002,0.0951,1.0,1.0,10.519,781199,78179,0.4075
tencentBlock.ns5398.oracleGeneral.zst,25918522,560743,0.0241,0.0005,0.0216,1.0,1.0,46.2217,781199,172902,0.3083
tencentBlock.ns5393.oracleGeneral.zst,9363583,861919,0.0087,0.0008,0.0921,1.0,1.0,10.8636,781197,265743,0.3083
tencentBlock.ns5390.oracleGeneral.zst,49687289,2830084,0.0463,0.0026,0.057,1.0,1.0,17.5568,781199,264552,0.0935
tencentBlock.ns5388.oracleGeneral.zst,15485033,994782,0.0144,0.0009,0.0642,1.0,1.0,15.5663,177759,117901,0.1185
tencentBlock.ns5387.oracleGeneral.zst,1480124,107983,0.0014,0.0001,0.073,1.0,1.0,13.707,647559,44148,0.4088
tencentBlock.ns5382.oracleGeneral.zst,3189792,200639,0.003,0.0002,0.0629,1.0,1.0,15.8982,781198,2686,0.0134
tencentBlock.ns5374.oracleGeneral.zst,57504545,1980189,0.0536,0.0018,0.0344,1.0,1.0,29.0399,781199,91746,0.0463
tencentBlock.ns5372.oracleGeneral.zst,56676063,9156192,0.0528,0.0085,0.1616,1.0,1.0,6.1899,781199,3699851,0.4041
tencentBlock.ns5369.oracleGeneral.zst,26845198,3740182,0.025,0.0035,0.1393,1.0,1.0,7.1775,781199,2890526,0.7728
tencentBlock.ns5361.oracleGeneral.zst,1253698,128168,0.0012,0.0001,0.1022,1.0,1.0,9.7817,781194,2614,0.0204
tencentBlock.ns5359.oracleGeneral.zst,11371348,584913,0.0106,0.0005,0.0514,1.0,1.0,19.4411,781199,37896,0.0648
tencentBlock.ns5351.oracleGeneral.zst,42823122,2752849,0.0399,0.0026,0.0643,1.0,1.0,15.5559,781199,293331,0.1066
tencentBlock.ns5346.oracleGeneral.zst,4626075,566658,0.0043,0.0005,0.1225,1.0,1.0,8.1638,781198,324004,0.5718
tencentBlock.ns5338.oracleGeneral.zst,3036603,386885,0.0028,0.0004,0.1274,1.0,1.0,7.8489,781199,60842,0.1573
tencentBlock.ns5335.oracleGeneral.zst,3070400,265380,0.0029,0.0002,0.0864,1.0,1.0,11.5698,781199,135897,0.5121
tencentBlock.ns5334.oracleGeneral.zst,55045945,1254301,0.0513,0.0012,0.0228,1.0,1.0,43.8858,781199,470447,0.3751
tencentBlock.ns5326.oracleGeneral.zst,4192004,540801,0.0039,0.0005,0.129,1.0,1.0,7.7515,781198,181356,0.3353
tencentBlock.ns5325.oracleGeneral.zst,6762022,249732,0.0063,0.0002,0.0369,1.0,1.0,27.0771,781199,54181,0.217
tencentBlock.ns5296.oracleGeneral.zst,25305074,793395,0.0236,0.0007,0.0314,1.0,1.0,31.8947,781199,120050,0.1513
tencentBlock.ns5284.oracleGeneral.zst,1057131,138880,0.001,0.0001,0.1314,1.0,1.0,7.6118,781195,3383,0.0244
tencentBlock.ns5274.oracleGeneral.zst,3430345,128694,0.0032,0.0001,0.0375,1.0,1.0,26.655,781199,25305,0.1966
tencentBlock.ns5268.oracleGeneral.zst,4867334,168545,0.0045,0.0002,0.0346,1.0,1.0,28.8785,781198,36554,0.2169
tencentBlock.ns5262.oracleGeneral.zst,4026616,180893,0.0038,0.0002,0.0449,1.0,1.0,22.2597,781199,19276,0.1066
tencentBlock.ns5253.oracleGeneral.zst,1746091,290191,0.0016,0.0003,0.1662,1.0,1.0,6.017,781197,70215,0.242
tencentBlock.ns5252.oracleGeneral.zst,2578491,245836,0.0024,0.0002,0.0953,1.0,1.0,10.4887,781198,85119,0.3462
tencentBlock.ns5250.oracleGeneral.zst,3597319,347248,0.0034,0.0003,0.0965,1.0,1.0,10.3595,781198,72258,0.2081
tencentBlock.ns5242.oracleGeneral.zst,56775713,2019552,0.0529,0.0019,0.0356,1.0,1.0,28.113,781199,84958,0.0421
tencentBlock.ns5238.oracleGeneral.zst,4046250,259747,0.0038,0.0002,0.0642,1.0,1.0,15.5777,781199,2257,0.0087
tencentBlock.ns5229.oracleGeneral.zst,10810402,849463,0.0101,0.0008,0.0786,1.0,1.0,12.7262,781199,52784,0.0621
tencentBlock.ns5221.oracleGeneral.zst,3128392,243909,0.0029,0.0002,0.078,1.0,1.0,12.8261,781199,70436,0.2888
tencentBlock.ns5214.oracleGeneral.zst,2747280,212947,0.0026,0.0002,0.0775,1.0,1.0,12.9012,781196,67407,0.3165
tencentBlock.ns5213.oracleGeneral.zst,4064869,184129,0.0038,0.0002,0.0453,1.0,1.0,22.0762,586352,63955,0.3473
tencentBlock.ns5206.oracleGeneral.zst,12898050,1855649,0.012,0.0017,0.1439,1.0,1.0,6.9507,781199,568536,0.3064
tencentBlock.ns5200.oracleGeneral.zst,4970666,557024,0.0046,0.0005,0.1121,1.0,1.0,8.9236,781198,76802,0.1379
tencentBlock.ns5191.oracleGeneral.zst,3146665,121625,0.0029,0.0001,0.0387,1.0,1.0,25.8719,781199,23932,0.1968
tencentBlock.ns5182.oracleGeneral.zst,2292215,218718,0.0021,0.0002,0.0954,1.0,1.0,10.4802,781196,42296,0.1934
tencentBlock.ns5178.oracleGeneral.zst,9580993,4530306,0.0089,0.0042,0.4728,1.0,1.0,2.1149,781197,3445381,0.7605
tencentBlock.ns5172.oracleGeneral.zst,1075909,141756,0.001,0.0001,0.1318,1.0,1.0,7.5899,781197,6275,0.0443
tencentBlock.ns5170.oracleGeneral.zst,3028701,174059,0.0028,0.0002,0.0575,1.0,1.0,17.4004,781191,68095,0.3912
tencentBlock.ns5162.oracleGeneral.zst,2410894,530246,0.0022,0.0005,0.2199,1.0,1.0,4.5467,781199,421292,0.7945
tencentBlock.ns5155.oracleGeneral.zst,1374277,151175,0.0013,0.0001,0.11,1.0,1.0,9.0906,781196,17670,0.1169
tencentBlock.ns5150.oracleGeneral.zst,3235005,1725633,0.003,0.0016,0.5334,1.0,1.0,1.8747,781196,1437982,0.8333
tencentBlock.ns5147.oracleGeneral.zst,4965847,579802,0.0046,0.0005,0.1168,1.0,1.0,8.5647,781199,329642,0.5685
tencentBlock.ns5130.oracleGeneral.zst,17512909,449457,0.0163,0.0004,0.0257,1.0,1.0,38.9646,781197,52186,0.1161
tencentBlock.ns5116.oracleGeneral.zst,4065574,456872,0.0038,0.0004,0.1124,1.0,1.0,8.8987,781198,119344,0.2612
tencentBlock.ns5115.oracleGeneral.zst,5873586,212835,0.0055,0.0002,0.0362,1.0,1.0,27.5969,781199,46740,0.2196
tencentBlock.ns5110.oracleGeneral.zst,1462298,329326,0.0014,0.0003,0.2252,1.0,1.0,4.4403,781199,192419,0.5843
tencentBlock.ns5099.oracleGeneral.zst,23783484,237809,0.0222,0.0002,0.01,1.0,1.0,100.0109,781199,86235,0.3626
tencentBlock.ns5085.oracleGeneral.zst,6853996,271552,0.0064,0.0003,0.0396,1.0,1.0,25.2401,781199,68815,0.2534
tencentBlock.ns5083.oracleGeneral.zst,2468462,245287,0.0023,0.0002,0.0994,1.0,1.0,10.0636,781198,91038,0.3711
tencentBlock.ns5080.oracleGeneral.zst,7115417,516245,0.0066,0.0005,0.0726,1.0,1.0,13.783,781199,181683,0.3519
tencentBlock.ns5075.oracleGeneral.zst,4061572,246568,0.0038,0.0002,0.0607,1.0,1.0,16.4724,781199,77807,0.3156
tencentBlock.ns5071.oracleGeneral.zst,5175933,628667,0.0048,0.0006,0.1215,1.0,1.0,8.2332,781199,399133,0.6349
tencentBlock.ns5066.oracleGeneral.zst,10774843,1501290,0.01,0.0014,0.1393,1.0,1.0,7.1771,781198,566923,0.3776
tencentBlock.ns5061.oracleGeneral.zst,1791795,434664,0.0017,0.0004,0.2426,1.0,1.0,4.1223,781198,266721,0.6136
tencentBlock.ns5054.oracleGeneral.zst,4239109,317847,0.0039,0.0003,0.075,1.0,1.0,13.3369,781197,144086,0.4533
tencentBlock.ns5048.oracleGeneral.zst,71339462,3369037,0.0664,0.0031,0.0472,1.0,1.0,21.175,781199,1269397,0.3768
tencentBlock.ns5047.oracleGeneral.zst,8354349,530043,0.0078,0.0005,0.0634,1.0,1.0,15.7616,781199,188025,0.3547
tencentBlock.ns5046.oracleGeneral.zst,30350820,5668841,0.0283,0.0053,0.1868,1.0,1.0,5.354,781199,1279279,0.2257
tencentBlock.ns5039.oracleGeneral.zst,4686199,580114,0.0044,0.0005,0.1238,1.0,1.0,8.0781,781196,142660,0.2459
tencentBlock.ns5034.oracleGeneral.zst,9826188,177064,0.0092,0.0002,0.018,1.0,1.0,55.4951,781199,29696,0.1677
tencentBlock.ns5020.oracleGeneral.zst,3829230,427269,0.0036,0.0004,0.1116,1.0,1.0,8.9621,781199,141894,0.3321
tencentBlock.ns5018.oracleGeneral.zst,3401908,431338,0.0032,0.0004,0.1268,1.0,1.0,7.8869,781199,287499,0.6665
tencentBlock.ns5002.oracleGeneral.zst,61749082,2614260,0.0575,0.0024,0.0423,1.0,1.0,23.6201,781199,202869,0.0776
tencentBlock.ns4986.oracleGeneral.zst,3588518,184467,0.0033,0.0002,0.0514,1.0,1.0,19.4534,781199,74049,0.4014
tencentBlock.ns4980.oracleGeneral.zst,6862961,326465,0.0064,0.0003,0.0476,1.0,1.0,21.022,781198,51270,0.157
tencentBlock.ns4965.oracleGeneral.zst,4126230,958886,0.0038,0.0009,0.2324,1.0,1.0,4.3031,781198,622869,0.6496
tencentBlock.ns4956.oracleGeneral.zst,3921930,165813,0.0037,0.0002,0.0423,1.0,1.0,23.6527,781199,44641,0.2692
tencentBlock.ns4940.oracleGeneral.zst,8254451,268745,0.0077,0.0003,0.0326,1.0,1.0,30.7148,781199,68400,0.2545
tencentBlock.ns4937.oracleGeneral.zst,8980331,770230,0.0084,0.0007,0.0858,1.0,1.0,11.6593,781199,217247,0.2821
tencentBlock.ns4929.oracleGeneral.zst,3588676,1162043,0.0033,0.0011,0.3238,1.0,1.0,3.0882,781196,784839,0.6754
tencentBlock.ns4927.oracleGeneral.zst,114262496,2202735,0.1064,0.0021,0.0193,1.0,1.0,51.873,781199,434588,0.1973
tencentBlock.ns4900.oracleGeneral.zst,3351565,338803,0.0031,0.0003,0.1011,1.0,1.0,9.8924,781199,60632,0.179
tencentBlock.ns4892.oracleGeneral.zst,4818345,157699,0.0045,0.0001,0.0327,1.0,1.0,30.5541,781198,33892,0.2149
tencentBlock.ns4883.oracleGeneral.zst,15326726,1429982,0.0143,0.0013,0.0933,1.0,1.0,10.7181,781199,380115,0.2658
tencentBlock.ns4879.oracleGeneral.zst,1431729,260559,0.0013,0.0002,0.182,1.0,1.0,5.4948,781198,73485,0.282
tencentBlock.ns4871.oracleGeneral.zst,5634858,115540,0.0052,0.0001,0.0205,1.0,1.0,48.7698,781199,10970,0.0949
tencentBlock.ns4870.oracleGeneral.zst,5745568,963881,0.0054,0.0009,0.1678,1.0,1.0,5.9609,781196,362400,0.376
tencentBlock.ns4858.oracleGeneral.zst,5265504,546021,0.0049,0.0005,0.1037,1.0,1.0,9.6434,781199,250503,0.4588
tencentBlock.ns4851.oracleGeneral.zst,7272713,217283,0.0068,0.0002,0.0299,1.0,1.0,33.4712,781199,23403,0.1077
tencentBlock.ns4845.oracleGeneral.zst,5187461,191702,0.0048,0.0002,0.037,1.0,1.0,27.06,781197,66439,0.3466
tencentBlock.ns4838.oracleGeneral.zst,24213627,2171437,0.0226,0.002,0.0897,1.0,1.0,11.151,781199,187606,0.0864
tencentBlock.ns4836.oracleGeneral.zst,4176088,146698,0.0039,0.0001,0.0351,1.0,1.0,28.4672,781199,21707,0.148
tencentBlock.ns4833.oracleGeneral.zst,11901299,1319840,0.0111,0.0012,0.1109,1.0,1.0,9.0172,781197,959064,0.7267
tencentBlock.ns4830.oracleGeneral.zst,5307161,363298,0.0049,0.0003,0.0685,1.0,1.0,14.6083,781199,61291,0.1687
tencentBlock.ns4828.oracleGeneral.zst,51651630,2227489,0.0481,0.0021,0.0431,1.0,1.0,23.1883,781199,143675,0.0645
tencentBlock.ns4818.oracleGeneral.zst,19472462,1035676,0.0181,0.001,0.0532,1.0,1.0,18.8017,781199,87070,0.0841
tencentBlock.ns4811.oracleGeneral.zst,3011118,263903,0.0028,0.0002,0.0876,1.0,1.0,11.4099,781195,74955,0.284
tencentBlock.ns4805.oracleGeneral.zst,2814849,160578,0.0026,0.0001,0.057,1.0,1.0,17.5295,781199,26587,0.1656
tencentBlock.ns4801.oracleGeneral.zst,9656111,180552,0.009,0.0002,0.0187,1.0,1.0,53.4811,781199,36389,0.2015
tencentBlock.ns4786.oracleGeneral.zst,125221115,4222797,0.1166,0.0039,0.0337,1.0,1.0,29.6536,781199,2058640,0.4875
tencentBlock.ns4778.oracleGeneral.zst,4402336,503250,0.0041,0.0005,0.1143,1.0,1.0,8.7478,781199,132005,0.2623
tencentBlock.ns4775.oracleGeneral.zst,4851445,131581,0.0045,0.0001,0.0271,1.0,1.0,36.8704,781199,25837,0.1964
tencentBlock.ns4769.oracleGeneral.zst,1450604,254667,0.0014,0.0002,0.1756,1.0,1.0,5.6961,781199,67297,0.2643
tencentBlock.ns4760.oracleGeneral.zst,4200769,508447,0.0039,0.0005,0.121,1.0,1.0,8.262,781196,160534,0.3157
tencentBlock.ns4751.oracleGeneral.zst,3469454,164647,0.0032,0.0002,0.0475,1.0,1.0,21.0721,781199,64790,0.3935
tencentBlock.ns4747.oracleGeneral.zst,8729695,1386652,0.0081,0.0013,0.1588,1.0,1.0,6.2955,781198,129920,0.0937
tencentBlock.ns4741.oracleGeneral.zst,37859399,2567201,0.0353,0.0024,0.0678,1.0,1.0,14.7473,781199,271371,0.1057
tencentBlock.ns4739.oracleGeneral.zst,4078634,153767,0.0038,0.0001,0.0377,1.0,1.0,26.5248,781199,49202,0.32
tencentBlock.ns4735.oracleGeneral.zst,2006941,203345,0.0019,0.0002,0.1013,1.0,1.0,9.8696,781199,88826,0.4368
tencentBlock.ns4733.oracleGeneral.zst,1335326,346332,0.0012,0.0003,0.2594,1.0,1.0,3.8556,781197,141146,0.4075
tencentBlock.ns4724.oracleGeneral.zst,5904205,369309,0.0055,0.0003,0.0626,1.0,1.0,15.9872,781199,150474,0.4074
tencentBlock.ns4723.oracleGeneral.zst,1084902,192560,0.001,0.0002,0.1775,1.0,1.0,5.6341,781197,27121,0.1408
tencentBlock.ns4712.oracleGeneral.zst,3096960,119431,0.0029,0.0001,0.0386,1.0,1.0,25.931,781198,46639,0.3905
tencentBlock.ns4704.oracleGeneral.zst,3443046,132925,0.0032,0.0001,0.0386,1.0,1.0,25.9022,781199,18994,0.1429
tencentBlock.ns4693.oracleGeneral.zst,10478651,329348,0.0098,0.0003,0.0314,1.0,1.0,31.8163,781199,107419,0.3262
tencentBlock.ns4689.oracleGeneral.zst,2071314,338998,0.0019,0.0003,0.1637,1.0,1.0,6.1101,781199,230194,0.679
tencentBlock.ns4679.oracleGeneral.zst,4366099,458875,0.0041,0.0004,0.1051,1.0,1.0,9.5148,669161,88262,0.1923
tencentBlock.ns4672.oracleGeneral.zst,1149143,191199,0.0011,0.0002,0.1664,1.0,1.0,6.0102,781195,47604,0.249
tencentBlock.ns4659.oracleGeneral.zst,1061114,129772,0.001,0.0001,0.1223,1.0,1.0,8.1768,781199,7256,0.0559
tencentBlock.ns4651.oracleGeneral.zst,10005388,239999,0.0093,0.0002,0.024,1.0,1.0,41.6893,781199,58412,0.2434
tencentBlock.ns4642.oracleGeneral.zst,9207976,331530,0.0086,0.0003,0.036,1.0,1.0,27.7742,781199,100161,0.3021
tencentBlock.ns4636.oracleGeneral.zst,4511310,521354,0.0042,0.0005,0.1156,1.0,1.0,8.6531,781199,261899,0.5023
tencentBlock.ns4633.oracleGeneral.zst,3305183,205422,0.0031,0.0002,0.0622,1.0,1.0,16.0897,781199,64935,0.3161
tencentBlock.ns4625.oracleGeneral.zst,1965499,182401,0.0018,0.0002,0.0928,1.0,1.0,10.7757,781197,46114,0.2528
tencentBlock.ns4622.oracleGeneral.zst,1606117,100074,0.0015,0.0001,0.0623,1.0,1.0,16.0493,781199,31020,0.31
tencentBlock.ns4620.oracleGeneral.zst,3037030,2230145,0.0028,0.0021,0.7343,1.0,1.0,1.3618,781199,1605691,0.72
tencentBlock.ns4613.oracleGeneral.zst,3967195,366510,0.0037,0.0003,0.0924,1.0,1.0,10.8242,781199,83100,0.2267
tencentBlock.ns4609.oracleGeneral.zst,3681794,408462,0.0034,0.0004,0.1109,1.0,1.0,9.0138,781198,78624,0.1925
tencentBlock.ns4607.oracleGeneral.zst,5825009,1040813,0.0054,0.001,0.1787,1.0,1.0,5.5966,781199,116560,0.112
tencentBlock.ns4597.oracleGeneral.zst,4509764,517294,0.0042,0.0005,0.1147,1.0,1.0,8.718,781199,98333,0.1901
tencentBlock.ns4587.oracleGeneral.zst,3047546,2235672,0.0028,0.0021,0.7336,1.0,1.0,1.3631,781199,1600637,0.716
tencentBlock.ns4586.oracleGeneral.zst,4155308,279363,0.0039,0.0003,0.0672,1.0,1.0,14.8742,781198,58728,0.2102
tencentBlock.ns4579.oracleGeneral.zst,4637017,145366,0.0043,0.0001,0.0313,1.0,1.0,31.8989,781199,19462,0.1339
tencentBlock.ns4573.oracleGeneral.zst,6210774,288254,0.0058,0.0003,0.0464,1.0,1.0,21.5462,781199,47304,0.1641
tencentBlock.ns4566.oracleGeneral.zst,7550513,221969,0.007,0.0002,0.0294,1.0,1.0,34.0161,781199,112180,0.5054
tencentBlock.ns4557.oracleGeneral.zst,3138440,317985,0.0029,0.0003,0.1013,1.0,1.0,9.8698,781199,70454,0.2216
tencentBlock.ns4554.oracleGeneral.zst,4423347,218511,0.0041,0.0002,0.0494,1.0,1.0,20.2431,781199,23579,0.1079
tencentBlock.ns4537.oracleGeneral.zst,5146793,698599,0.0048,0.0007,0.1357,1.0,1.0,7.3673,781198,166641,0.2385
tencentBlock.ns4523.oracleGeneral.zst,20710760,975876,0.0193,0.0009,0.0471,1.0,1.0,21.2227,781199,239771,0.2457
tencentBlock.ns4521.oracleGeneral.zst,1512995,137735,0.0014,0.0001,0.091,1.0,1.0,10.9848,781196,2544,0.0185
tencentBlock.ns4514.oracleGeneral.zst,34922142,262960,0.0325,0.0002,0.0075,1.0,1.0,132.804,781198,40299,0.1533
tencentBlock.ns4507.oracleGeneral.zst,11331638,400774,0.0106,0.0004,0.0354,1.0,1.0,28.2744,781195,128657,0.321
tencentBlock.ns4503.oracleGeneral.zst,5959160,255191,0.0055,0.0002,0.0428,1.0,1.0,23.3518,781198,79620,0.312
tencentBlock.ns4496.oracleGeneral.zst,1556390,141209,0.0014,0.0001,0.0907,1.0,1.0,11.0219,781198,2469,0.0175
tencentBlock.ns4485.oracleGeneral.zst,4591308,663714,0.0043,0.0006,0.1446,1.0,1.0,6.9176,781198,191471,0.2885
tencentBlock.ns4483.oracleGeneral.zst,1535560,143718,0.0014,0.0001,0.0936,1.0,1.0,10.6845,781199,8795,0.0612
tencentBlock.ns4467.oracleGeneral.zst,9674131,140843,0.009,0.0001,0.0146,1.0,1.0,68.6873,781199,31935,0.2267
tencentBlock.ns4462.oracleGeneral.zst,1132172,571656,0.0011,0.0005,0.5049,1.0,1.0,1.9805,781196,443248,0.7754
tencentBlock.ns4445.oracleGeneral.zst,14384775,946375,0.0134,0.0009,0.0658,1.0,1.0,15.1999,658358,186182,0.1967
tencentBlock.ns4437.oracleGeneral.zst,1886280,183583,0.0018,0.0002,0.0973,1.0,1.0,10.2748,781195,12673,0.069
tencentBlock.ns4431.oracleGeneral.zst,4007299,181401,0.0037,0.0002,0.0453,1.0,1.0,22.0908,781199,32176,0.1774
tencentBlock.ns4424.oracleGeneral.zst,7157230,697236,0.0067,0.0006,0.0974,1.0,1.0,10.2651,781199,120346,0.1726
tencentBlock.ns4422.oracleGeneral.zst,2683525,106301,0.0025,0.0001,0.0396,1.0,1.0,25.2446,201254,22535,0.212
tencentBlock.ns4413.oracleGeneral.zst,2419816,237872,0.0023,0.0002,0.0983,1.0,1.0,10.1728,781197,37313,0.1569
tencentBlock.ns4404.oracleGeneral.zst,4018527,398163,0.0037,0.0004,0.0991,1.0,1.0,10.0927,781197,85508,0.2148
tencentBlock.ns4402.oracleGeneral.zst,2460817,107044,0.0023,0.0001,0.0435,1.0,1.0,22.9888,781199,18500,0.1728
tencentBlock.ns4393.oracleGeneral.zst,11035680,1093934,0.0103,0.001,0.0991,1.0,1.0,10.0881,781197,601114,0.5495
tencentBlock.ns4385.oracleGeneral.zst,40904625,6108261,0.0381,0.0057,0.1493,1.0,1.0,6.6966,781199,4745767,0.7769
tencentBlock.ns4377.oracleGeneral.zst,52013869,3369264,0.0484,0.0031,0.0648,1.0,1.0,15.4378,781199,376941,0.1119
tencentBlock.ns4373.oracleGeneral.zst,1215252,143441,0.0011,0.0001,0.118,1.0,1.0,8.4721,781196,5190,0.0362
tencentBlock.ns4370.oracleGeneral.zst,2374240,275089,0.0022,0.0003,0.1159,1.0,1.0,8.6308,781198,72445,0.2634
tencentBlock.ns4361.oracleGeneral.zst,15078415,1532185,0.014,0.0014,0.1016,1.0,1.0,9.8411,781199,331261,0.2162
tencentBlock.ns4356.oracleGeneral.zst,4980601,230991,0.0046,0.0002,0.0464,1.0,1.0,21.5619,781199,74181,0.3211
tencentBlock.ns4350.oracleGeneral.zst,7040856,399470,0.0066,0.0004,0.0567,1.0,1.0,17.6255,781199,180064,0.4508
tencentBlock.ns4344.oracleGeneral.zst,3385475,180914,0.0032,0.0002,0.0534,1.0,1.0,18.7132,781198,71211,0.3936
tencentBlock.ns4335.oracleGeneral.zst,57053772,2249857,0.0531,0.0021,0.0394,1.0,1.0,25.3588,781199,149701,0.0665
tencentBlock.ns4332.oracleGeneral.zst,15438386,2448969,0.0144,0.0023,0.1586,1.0,1.0,6.304,781199,900698,0.3678
tencentBlock.ns4323.oracleGeneral.zst,15651161,1056347,0.0146,0.001,0.0675,1.0,1.0,14.8163,781199,418936,0.3966
tencentBlock.ns4316.oracleGeneral.zst,1623384,187004,0.0015,0.0002,0.1152,1.0,1.0,8.681,781198,59891,0.3203
tencentBlock.ns4310.oracleGeneral.zst,4489504,245507,0.0042,0.0002,0.0547,1.0,1.0,18.2867,781199,83019,0.3382
tencentBlock.ns4309.oracleGeneral.zst,2239591,116579,0.0021,0.0001,0.0521,1.0,1.0,19.2109,781198,38902,0.3337
tencentBlock.ns4304.oracleGeneral.zst,10671323,867133,0.0099,0.0008,0.0813,1.0,1.0,12.3064,781199,54498,0.0628
tencentBlock.ns4296.oracleGeneral.zst,3881936,415432,0.0036,0.0004,0.107,1.0,1.0,9.3443,781195,76907,0.1851
tencentBlock.ns4287.oracleGeneral.zst,55292400,16896007,0.0515,0.0157,0.3056,1.0,1.0,3.2725,781199,12740971,0.7541
tencentBlock.ns4284.oracleGeneral.zst,20755248,279465,0.0193,0.0003,0.0135,1.0,1.0,74.2678,781199,10127,0.0362
tencentBlock.ns4282.oracleGeneral.zst,1508294,165735,0.0014,0.0002,0.1099,1.0,1.0,9.1006,781196,18010,0.1087
tencentBlock.ns4278.oracleGeneral.zst,5182845,384430,0.0048,0.0004,0.0742,1.0,1.0,13.4819,781198,124639,0.3242
tencentBlock.ns4276.oracleGeneral.zst,5772059,320558,0.0054,0.0003,0.0555,1.0,1.0,18.0063,781199,105446,0.3289
tencentBlock.ns4271.oracleGeneral.zst,2477374,354772,0.0023,0.0003,0.1432,1.0,1.0,6.983,781197,118391,0.3337
tencentBlock.ns4262.oracleGeneral.zst,1541365,250611,0.0014,0.0002,0.1626,1.0,1.0,6.1504,781196,44112,0.176
tencentBlock.ns4253.oracleGeneral.zst,8232212,664947,0.0077,0.0006,0.0808,1.0,1.0,12.3803,781199,156424,0.2352
tencentBlock.ns4246.oracleGeneral.zst,59376565,2972474,0.0553,0.0028,0.0501,1.0,1.0,19.9755,781199,321476,0.1082
tencentBlock.ns4241.oracleGeneral.zst,5487024,141256,0.0051,0.0001,0.0257,1.0,1.0,38.8445,781198,34749,0.246
tencentBlock.ns4235.oracleGeneral.zst,19257092,221368,0.0179,0.0002,0.0115,1.0,1.0,86.9913,781199,22402,0.1012
tencentBlock.ns4226.oracleGeneral.zst,3699709,322811,0.0034,0.0003,0.0873,1.0,1.0,11.4609,781199,75517,0.2339
tencentBlock.ns4218.oracleGeneral.zst,3965664,378606,0.0037,0.0004,0.0955,1.0,1.0,10.4744,781199,124993,0.3301
tencentBlock.ns4211.oracleGeneral.zst,3613776,169455,0.0034,0.0002,0.0469,1.0,1.0,21.3259,781197,44474,0.2625
tencentBlock.ns4206.oracleGeneral.zst,2711049,252003,0.0025,0.0002,0.093,1.0,1.0,10.758,781199,76563,0.3038
tencentBlock.ns4205.oracleGeneral.zst,4272527,529229,0.004,0.0005,0.1239,1.0,1.0,8.0731,781198,159453,0.3013
tencentBlock.ns4200.oracleGeneral.zst,4200731,142724,0.0039,0.0001,0.034,1.0,1.0,29.4325,781199,39383,0.2759
tencentBlock.ns4199.oracleGeneral.zst,3116162,339909,0.0029,0.0003,0.1091,1.0,1.0,9.1676,781197,70507,0.2074
tencentBlock.ns4191.oracleGeneral.zst,5021499,558619,0.0047,0.0005,0.1112,1.0,1.0,8.9891,781199,103861,0.1859
tencentBlock.ns4176.oracleGeneral.zst,1781735,197889,0.0017,0.0002,0.1111,1.0,1.0,9.0037,781199,45376,0.2293
tencentBlock.ns4162.oracleGeneral.zst,13711485,977887,0.0128,0.0009,0.0713,1.0,1.0,14.0215,781199,529140,0.5411
tencentBlock.ns4145.oracleGeneral.zst,38518283,5988058,0.0359,0.0056,0.1555,1.0,1.0,6.4325,781199,4713712,0.7872
tencentBlock.ns4124.oracleGeneral.zst,11110057,968448,0.0103,0.0009,0.0872,1.0,1.0,11.472,781199,211419,0.2183
tencentBlock.ns4116.oracleGeneral.zst,45020916,2224377,0.0419,0.0021,0.0494,1.0,1.0,20.2398,781199,149758,0.0673
tencentBlock.ns4111.oracleGeneral.zst,62548699,6679101,0.0583,0.0062,0.1068,1.0,1.0,9.3648,781199,2153533,0.3224
tencentBlock.ns4108.oracleGeneral.zst,2480802,123478,0.0023,0.0001,0.0498,1.0,1.0,20.091,781198,29383,0.238
tencentBlock.ns4105.oracleGeneral.zst,3851735,103584,0.0036,0.0001,0.0269,1.0,1.0,37.1847,781199,19560,0.1888
tencentBlock.ns4100.oracleGeneral.zst,4810271,654047,0.0045,0.0006,0.136,1.0,1.0,7.3546,781200,318753,0.4874
tencentBlock.ns4091.oracleGeneral.zst,56941567,226099,0.053,0.0002,0.004,1.0,1.0,251.8435,781199,11531,0.051
tencentBlock.ns4083.oracleGeneral.zst,5340911,584913,0.005,0.0005,0.1095,1.0,1.0,9.1311,781199,128562,0.2198
tencentBlock.ns4075.oracleGeneral.zst,2540050,146350,0.0024,0.0001,0.0576,1.0,1.0,17.356,781199,36943,0.2524
tencentBlock.ns4072.oracleGeneral.zst,2210188,207422,0.0021,0.0002,0.0938,1.0,1.0,10.6555,781199,67812,0.3269
tencentBlock.ns4064.oracleGeneral.zst,1234663,144946,0.0011,0.0001,0.1174,1.0,1.0,8.5181,781195,956,0.0066
tencentBlock.ns4046.oracleGeneral.zst,3053133,2238767,0.0028,0.0021,0.7333,1.0,1.0,1.3638,781198,1602341,0.7157
tencentBlock.ns4041.oracleGeneral.zst,4599116,747457,0.0043,0.0007,0.1625,1.0,1.0,6.153,781198,458019,0.6128
tencentBlock.ns4033.oracleGeneral.zst,3976911,357342,0.0037,0.0003,0.0899,1.0,1.0,11.1291,781198,91984,0.2574
tencentBlock.ns4027.oracleGeneral.zst,4358204,202368,0.0041,0.0002,0.0464,1.0,1.0,21.536,781197,23074,0.114
tencentBlock.ns4019.oracleGeneral.zst,10335860,3184526,0.0096,0.003,0.3081,1.0,1.0,3.2457,781198,250755,0.0787
tencentBlock.ns4014.oracleGeneral.zst,1794201,288432,0.0017,0.0003,0.1608,1.0,1.0,6.2205,781194,113498,0.3935
tencentBlock.ns4011.oracleGeneral.zst,3640093,984307,0.0034,0.0009,0.2704,1.0,1.0,3.6981,781199,602439,0.612
tencentBlock.ns4010.oracleGeneral.zst,6203663,106651,0.0058,0.0001,0.0172,1.0,1.0,58.1679,781199,7546,0.0708
tencentBlock.ns4008.oracleGeneral.zst,3223671,364198,0.003,0.0003,0.113,1.0,1.0,8.8514,781196,106996,0.2938
tencentBlock.ns4000.oracleGeneral.zst,4826629,199023,0.0045,0.0002,0.0412,1.0,1.0,24.2516,781199,51767,0.2601
tencentBlock.ns3994.oracleGeneral.zst,46858197,1286350,0.0436,0.0012,0.0275,1.0,1.0,36.4273,781199,562318,0.4371
tencentBlock.ns3980.oracleGeneral.zst,2450946,528826,0.0023,0.0005,0.2158,1.0,1.0,4.6347,781199,257811,0.4875
tencentBlock.ns3971.oracleGeneral.zst,5044734,265025,0.0047,0.0002,0.0525,1.0,1.0,19.0349,781199,72661,0.2742
tencentBlock.ns3964.oracleGeneral.zst,13625211,3585524,0.0127,0.0033,0.2632,1.0,1.0,3.8001,781199,2180420,0.6081
tencentBlock.ns3963.oracleGeneral.zst,42357693,6245086,0.0394,0.0058,0.1474,1.0,1.0,6.7826,781199,1797887,0.2879
tencentBlock.ns3961.oracleGeneral.zst,2620287,148372,0.0024,0.0001,0.0566,1.0,1.0,17.6603,781198,40496,0.2729
tencentBlock.ns3944.oracleGeneral.zst,25965545,8970382,0.0242,0.0084,0.3455,1.0,1.0,2.8946,781199,4082255,0.4551
tencentBlock.ns3937.oracleGeneral.zst,1433943,159635,0.0013,0.0001,0.1113,1.0,1.0,8.9826,781197,14903,0.0934
tencentBlock.ns3933.oracleGeneral.zst,2401144,175301,0.0022,0.0002,0.073,1.0,1.0,13.6973,781199,12648,0.0722
tencentBlock.ns3925.oracleGeneral.zst,3367236,119870,0.0031,0.0001,0.0356,1.0,1.0,28.0907,781197,22179,0.185
tencentBlock.ns3923.oracleGeneral.zst,2959088,570486,0.0028,0.0005,0.1928,1.0,1.0,5.187,781196,213525,0.3743
tencentBlock.ns3915.oracleGeneral.zst,49852176,2405627,0.0464,0.0022,0.0483,1.0,1.0,20.7232,781198,145907,0.0607
tencentBlock.ns3911.oracleGeneral.zst,1593844,161624,0.0015,0.0002,0.1014,1.0,1.0,9.8614,781197,5588,0.0346
tencentBlock.ns3906.oracleGeneral.zst,52617733,2929310,0.049,0.0027,0.0557,1.0,1.0,17.9625,781196,316978,0.1082
tencentBlock.ns3900.oracleGeneral.zst,61851829,2065483,0.0576,0.0019,0.0334,1.0,1.0,29.9455,781199,138547,0.0671
tencentBlock.ns3886.oracleGeneral.zst,50146804,2883330,0.0467,0.0027,0.0575,1.0,1.0,17.392,781199,300186,0.1041
tencentBlock.ns3879.oracleGeneral.zst,39080050,2718350,0.0364,0.0025,0.0696,1.0,1.0,14.3764,781199,419279,0.1542
tencentBlock.ns3869.oracleGeneral.zst,1909425,578639,0.0018,0.0005,0.303,1.0,1.0,3.2999,781198,230724,0.3987
tencentBlock.ns3863.oracleGeneral.zst,2776780,176346,0.0026,0.0002,0.0635,1.0,1.0,15.7462,781199,55703,0.3159
tencentBlock.ns3858.oracleGeneral.zst,14019103,626504,0.0131,0.0006,0.0447,1.0,1.0,22.3767,781198,288610,0.4607
tencentBlock.ns3855.oracleGeneral.zst,3654855,122136,0.0034,0.0001,0.0334,1.0,1.0,29.9245,781199,11005,0.0901
tencentBlock.ns3847.oracleGeneral.zst,3239299,965446,0.003,0.0009,0.298,1.0,1.0,3.3552,781199,615218,0.6372
tencentBlock.ns3841.oracleGeneral.zst,177435425,691185,0.1652,0.0006,0.0039,1.0,1.0,256.7119,781199,37183,0.0538
tencentBlock.ns3834.oracleGeneral.zst,4053379,494760,0.0038,0.0005,0.1221,1.0,1.0,8.1926,781199,55205,0.1116
tencentBlock.ns3810.oracleGeneral.zst,151708730,959543,0.1413,0.0009,0.0063,1.0,1.0,158.1052,781199,325168,0.3389
tencentBlock.ns3809.oracleGeneral.zst,4140550,130477,0.0039,0.0001,0.0315,1.0,1.0,31.7339,781199,35131,0.2693
tencentBlock.ns3806.oracleGeneral.zst,25130279,3686416,0.0234,0.0034,0.1467,1.0,1.0,6.817,781199,638812,0.1733
tencentBlock.ns3801.oracleGeneral.zst,23854768,1585556,0.0222,0.0015,0.0665,1.0,1.0,15.045,781199,145982,0.0921
tencentBlock.ns3799.oracleGeneral.zst,3402055,119926,0.0032,0.0001,0.0353,1.0,1.0,28.368,781199,25853,0.2156
tencentBlock.ns3790.oracleGeneral.zst,3716967,382172,0.0035,0.0004,0.1028,1.0,1.0,9.7259,781197,69528,0.1819
tencentBlock.ns3784.oracleGeneral.zst,2973430,236601,0.0028,0.0002,0.0796,1.0,1.0,12.5673,781198,31271,0.1322
tencentBlock.ns3776.oracleGeneral.zst,2447630,102862,0.0023,0.0001,0.042,1.0,1.0,23.7953,781198,8181,0.0795
tencentBlock.ns3774.oracleGeneral.zst,4214826,994558,0.0039,0.0009,0.236,1.0,1.0,4.2379,781199,613527,0.6169
tencentBlock.ns3772.oracleGeneral.zst,2530546,246781,0.0024,0.0002,0.0975,1.0,1.0,10.2542,781195,78859,0.3196
tencentBlock.ns3770.oracleGeneral.zst,3047200,2235398,0.0028,0.0021,0.7336,1.0,1.0,1.3632,781199,1602062,0.7167
tencentBlock.ns3768.oracleGeneral.zst,53971437,2914828,0.0503,0.0027,0.054,1.0,1.0,18.5162,781199,297722,0.1021
tencentBlock.ns3762.oracleGeneral.zst,21787602,1576612,0.0203,0.0015,0.0724,1.0,1.0,13.8193,781199,639063,0.4053
tencentBlock.ns3728.oracleGeneral.zst,2521570,492172,0.0023,0.0005,0.1952,1.0,1.0,5.1234,781198,284438,0.5779
tencentBlock.ns3708.oracleGeneral.zst,53465069,2922347,0.0498,0.0027,0.0547,1.0,1.0,18.2953,781199,309413,0.1059
tencentBlock.ns3699.oracleGeneral.zst,44084830,2671106,0.0411,0.0025,0.0606,1.0,1.0,16.5043,781199,254399,0.0952
tencentBlock.ns3690.oracleGeneral.zst,5088152,379570,0.0047,0.0004,0.0746,1.0,1.0,13.405,781197,67288,0.1773
tencentBlock.ns3681.oracleGeneral.zst,4887035,588483,0.0046,0.0005,0.1204,1.0,1.0,8.3045,781199,442665,0.7522
tencentBlock.ns3678.oracleGeneral.zst,44961056,2185660,0.0419,0.002,0.0486,1.0,1.0,20.5709,781199,217567,0.0995
tencentBlock.ns3671.oracleGeneral.zst,1504987,166702,0.0014,0.0002,0.1108,1.0,1.0,9.028,781197,25966,0.1558
tencentBlock.ns3656.oracleGeneral.zst,2339191,113451,0.0022,0.0001,0.0485,1.0,1.0,20.6185,781199,62491,0.5508
tencentBlock.ns3647.oracleGeneral.zst,1886940,615372,0.0018,0.0006,0.3261,1.0,1.0,3.0663,781198,264644,0.4301
tencentBlock.ns3641.oracleGeneral.zst,3230745,355261,0.003,0.0003,0.11,1.0,1.0,9.094,781196,71049,0.2
tencentBlock.ns3636.oracleGeneral.zst,1227871,297268,0.0011,0.0003,0.2421,1.0,1.0,4.1305,781198,139267,0.4685
tencentBlock.ns3633.oracleGeneral.zst,3410862,143422,0.0032,0.0001,0.042,1.0,1.0,23.782,781196,8873,0.0619
tencentBlock.ns3626.oracleGeneral.zst,4926406,403000,0.0046,0.0004,0.0818,1.0,1.0,12.2243,781199,141868,0.352
tencentBlock.ns3622.oracleGeneral.zst,7262967,165601,0.0068,0.0002,0.0228,1.0,1.0,43.8582,781199,31312,0.1891
tencentBlock.ns3618.oracleGeneral.zst,7710474,1180758,0.0072,0.0011,0.1531,1.0,1.0,6.5301,781199,798236,0.676
tencentBlock.ns3616.oracleGeneral.zst,4055865,162478,0.0038,0.0002,0.0401,1.0,1.0,24.9625,781199,52765,0.3248
tencentBlock.ns3607.oracleGeneral.zst,3139618,123499,0.0029,0.0001,0.0393,1.0,1.0,25.4222,781198,56965,0.4613
tencentBlock.ns3603.oracleGeneral.zst,3103439,159774,0.0029,0.0001,0.0515,1.0,1.0,19.4239,781198,520,0.0033
tencentBlock.ns3596.oracleGeneral.zst,3272938,390275,0.003,0.0004,0.1192,1.0,1.0,8.3862,781199,138153,0.354
tencentBlock.ns3590.oracleGeneral.zst,5264778,952046,0.0049,0.0009,0.1808,1.0,1.0,5.53,781198,283527,0.2978
tencentBlock.ns3584.oracleGeneral.zst,2673402,130217,0.0025,0.0001,0.0487,1.0,1.0,20.5304,781199,49577,0.3807
tencentBlock.ns3583.oracleGeneral.zst,2568487,126894,0.0024,0.0001,0.0494,1.0,1.0,20.2412,781198,18418,0.1451
tencentBlock.ns3580.oracleGeneral.zst,172914234,668665,0.161,0.0006,0.0039,1.0,1.0,258.5962,781200,141546,0.2117
tencentBlock.ns3571.oracleGeneral.zst,2063480,141091,0.0019,0.0001,0.0684,1.0,1.0,14.6252,781199,49297,0.3494
tencentBlock.ns3566.oracleGeneral.zst,9453608,384421,0.0088,0.0004,0.0407,1.0,1.0,24.5918,781196,39392,0.1025
tencentBlock.ns3561.oracleGeneral.zst,22544816,1740366,0.021,0.0016,0.0772,1.0,1.0,12.9541,781199,273657,0.1572
tencentBlock.ns3557.oracleGeneral.zst,88286209,3383744,0.0822,0.0032,0.0383,1.0,1.0,26.0913,781199,1644158,0.4859
tencentBlock.ns3548.oracleGeneral.zst,42930663,763956,0.04,0.0007,0.0178,1.0,1.0,56.1952,781199,47000,0.0615
tencentBlock.ns3542.oracleGeneral.zst,1103925,132195,0.001,0.0001,0.1197,1.0,1.0,8.3507,781199,4298,0.0325
tencentBlock.ns3535.oracleGeneral.zst,15397858,749807,0.0143,0.0007,0.0487,1.0,1.0,20.5358,781199,149969,0.2
tencentBlock.ns3526.oracleGeneral.zst,1789644,242962,0.0017,0.0002,0.1358,1.0,1.0,7.3659,781195,92087,0.379
tencentBlock.ns3521.oracleGeneral.zst,4558306,107250,0.0042,0.0001,0.0235,1.0,1.0,42.5017,781199,21860,0.2038
tencentBlock.ns3512.oracleGeneral.zst,6339586,1946905,0.0059,0.0018,0.3071,1.0,1.0,3.2562,780615,1097444,0.5637
tencentBlock.ns3495.oracleGeneral.zst,33414052,2415275,0.0311,0.0022,0.0723,1.0,1.0,13.8345,658362,277588,0.1149
tencentBlock.ns3493.oracleGeneral.zst,2856948,100943,0.0027,0.0001,0.0353,1.0,1.0,28.3026,781197,22064,0.2186
tencentBlock.ns3484.oracleGeneral.zst,11495497,728565,0.0107,0.0007,0.0634,1.0,1.0,15.7783,781198,319515,0.4386
tencentBlock.ns3475.oracleGeneral.zst,8491328,757123,0.0079,0.0007,0.0892,1.0,1.0,11.2153,781198,182709,0.2413
tencentBlock.ns3466.oracleGeneral.zst,1388852,230495,0.0013,0.0002,0.166,1.0,1.0,6.0255,781198,50695,0.2199
tencentBlock.ns3457.oracleGeneral.zst,3645868,262746,0.0034,0.0002,0.0721,1.0,1.0,13.876,781197,53203,0.2025
tencentBlock.ns3443.oracleGeneral.zst,53882141,2299799,0.0502,0.0021,0.0427,1.0,1.0,23.4291,781199,154934,0.0674
tencentBlock.ns3434.oracleGeneral.zst,1443752,167465,0.0013,0.0002,0.116,1.0,1.0,8.6212,781197,29556,0.1765
tencentBlock.ns3404.oracleGeneral.zst,1260458,126972,0.0012,0.0001,0.1007,1.0,1.0,9.9271,781198,3605,0.0284
tencentBlock.ns3397.oracleGeneral.zst,8331451,667691,0.0078,0.0006,0.0801,1.0,1.0,12.478,781199,226783,0.3397
tencentBlock.ns3389.oracleGeneral.zst,1551670,247863,0.0014,0.0002,0.1597,1.0,1.0,6.2602,781199,51197,0.2066
tencentBlock.ns3385.oracleGeneral.zst,13776372,523664,0.0128,0.0005,0.038,1.0,1.0,26.3077,781199,222790,0.4254
tencentBlock.ns3378.oracleGeneral.zst,2047599,270144,0.0019,0.0003,0.1319,1.0,1.0,7.5797,781194,82556,0.3056
tencentBlock.ns3371.oracleGeneral.zst,1642112,171416,0.0015,0.0002,0.1044,1.0,1.0,9.5797,781194,2442,0.0142
tencentBlock.ns3367.oracleGeneral.zst,16580098,395558,0.0154,0.0004,0.0239,1.0,1.0,41.9157,781199,85659,0.2166
tencentBlock.ns3365.oracleGeneral.zst,2280622,224640,0.0021,0.0002,0.0985,1.0,1.0,10.1523,781198,151092,0.6726
tencentBlock.ns3360.oracleGeneral.zst,4476873,337203,0.0042,0.0003,0.0753,1.0,1.0,13.2765,781198,136563,0.405
tencentBlock.ns3353.oracleGeneral.zst,43088563,2740280,0.0401,0.0026,0.0636,1.0,1.0,15.7241,781199,302690,0.1105
tencentBlock.ns3351.oracleGeneral.zst,2790413,118369,0.0026,0.0001,0.0424,1.0,1.0,23.5738,781198,9693,0.0819
tencentBlock.ns3342.oracleGeneral.zst,100086697,5534976,0.0932,0.0052,0.0553,1.0,1.0,18.0826,781199,1138838,0.2058
tencentBlock.ns3324.oracleGeneral.zst,5472270,107001,0.0051,0.0001,0.0196,1.0,1.0,51.1422,781199,35924,0.3357
tencentBlock.ns3317.oracleGeneral.zst,5088762,574022,0.0047,0.0005,0.1128,1.0,1.0,8.8651,781196,117953,0.2055
tencentBlock.ns3310.oracleGeneral.zst,14102489,6677088,0.0131,0.0062,0.4735,1.0,1.0,2.1121,781200,4399592,0.6589
tencentBlock.ns3308.oracleGeneral.zst,6753763,546645,0.0063,0.0005,0.0809,1.0,1.0,12.3549,781199,203061,0.3715
tencentBlock.ns3304.oracleGeneral.zst,10171115,518513,0.0095,0.0005,0.051,1.0,1.0,19.6159,781199,266295,0.5136
tencentBlock.ns3300.oracleGeneral.zst,38391481,5444621,0.0358,0.0051,0.1418,1.0,1.0,7.0513,781199,4220731,0.7752
tencentBlock.ns3294.oracleGeneral.zst,2235927,176585,0.0021,0.0002,0.079,1.0,1.0,12.662,781199,43804,0.2481
tencentBlock.ns3284.oracleGeneral.zst,3455111,209234,0.0032,0.0002,0.0606,1.0,1.0,16.5131,781199,24645,0.1178
tencentBlock.ns3265.oracleGeneral.zst,44522022,2275069,0.0415,0.0021,0.0511,1.0,1.0,19.5695,781199,149816,0.0659
tencentBlock.ns3254.oracleGeneral.zst,7915914,597079,0.0074,0.0006,0.0754,1.0,1.0,13.2577,781199,294831,0.4938
tencentBlock.ns3247.oracleGeneral.zst,1680320,207385,0.0016,0.0002,0.1234,1.0,1.0,8.1024,781197,46942,0.2264
tencentBlock.ns3246.oracleGeneral.zst,23701633,5094539,0.0221,0.0047,0.2149,1.0,1.0,4.6524,781199,1847691,0.3627
tencentBlock.ns3240.oracleGeneral.zst,32443969,5550646,0.0302,0.0052,0.1711,1.0,1.0,5.8451,781199,1314416,0.2368
tencentBlock.ns3223.oracleGeneral.zst,7106535,315498,0.0066,0.0003,0.0444,1.0,1.0,22.5248,781197,111111,0.3522
tencentBlock.ns3218.oracleGeneral.zst,15711859,973481,0.0146,0.0009,0.062,1.0,1.0,16.1399,781199,223279,0.2294
tencentBlock.ns3210.oracleGeneral.zst,7702427,107258,0.0072,0.0001,0.0139,1.0,1.0,71.8121,781198,25423,0.237
tencentBlock.ns3204.oracleGeneral.zst,9540350,1112903,0.0089,0.001,0.1167,1.0,1.0,8.5725,781199,532325,0.4783
tencentBlock.ns3200.oracleGeneral.zst,5639709,296151,0.0053,0.0003,0.0525,1.0,1.0,19.0434,781199,78691,0.2657
tencentBlock.ns3196.oracleGeneral.zst,2284029,144663,0.0021,0.0001,0.0633,1.0,1.0,15.7886,781197,4532,0.0313
tencentBlock.ns3192.oracleGeneral.zst,3467567,299696,0.0032,0.0003,0.0864,1.0,1.0,11.5703,781192,93925,0.3134
tencentBlock.ns3189.oracleGeneral.zst,5809166,947586,0.0054,0.0009,0.1631,1.0,1.0,6.1305,781199,592944,0.6257
tencentBlock.ns3185.oracleGeneral.zst,1557359,193200,0.0015,0.0002,0.1241,1.0,1.0,8.0609,781199,50932,0.2636
tencentBlock.ns3180.oracleGeneral.zst,1340834,112990,0.0012,0.0001,0.0843,1.0,1.0,11.8668,407652,22010,0.1948
tencentBlock.ns3167.oracleGeneral.zst,1356543,225633,0.0013,0.0002,0.1663,1.0,1.0,6.0122,781196,47487,0.2105
tencentBlock.ns3154.oracleGeneral.zst,2918611,306499,0.0027,0.0003,0.105,1.0,1.0,9.5224,781200,80019,0.2611
tencentBlock.ns3145.oracleGeneral.zst,9760086,461622,0.0091,0.0004,0.0473,1.0,1.0,21.143,781200,118289,0.2562
tencentBlock.ns3142.oracleGeneral.zst,4502497,551552,0.0042,0.0005,0.1225,1.0,1.0,8.1633,781199,146131,0.2649
tencentBlock.ns3135.oracleGeneral.zst,53307484,2880373,0.0496,0.0027,0.054,1.0,1.0,18.5071,781199,275881,0.0958
tencentBlock.ns3124.oracleGeneral.zst,1056059,396933,0.001,0.0004,0.3759,1.0,1.0,2.6605,781193,319643,0.8053
tencentBlock.ns3113.oracleGeneral.zst,12374586,656368,0.0115,0.0006,0.053,1.0,1.0,18.8531,781199,158409,0.2413
tencentBlock.ns3109.oracleGeneral.zst,45155228,2683559,0.0421,0.0025,0.0594,1.0,1.0,16.8266,781199,265092,0.0988
tencentBlock.ns3104.oracleGeneral.zst,57982358,2349527,0.054,0.0022,0.0405,1.0,1.0,24.6783,781199,147241,0.0627
tencentBlock.ns3097.oracleGeneral.zst,1968351,139474,0.0018,0.0001,0.0709,1.0,1.0,14.1127,781199,6102,0.0438
tencentBlock.ns3091.oracleGeneral.zst,4409435,499873,0.0041,0.0005,0.1134,1.0,1.0,8.8211,781198,118202,0.2365
tencentBlock.ns3084.oracleGeneral.zst,28730015,1670022,0.0268,0.0016,0.0581,1.0,1.0,17.2034,781199,443637,0.2656
tencentBlock.ns3075.oracleGeneral.zst,2462179,183515,0.0023,0.0002,0.0745,1.0,1.0,13.4168,781199,40158,0.2188
tencentBlock.ns3069.oracleGeneral.zst,3953159,343447,0.0037,0.0003,0.0869,1.0,1.0,11.5102,781199,58313,0.1698
tencentBlock.ns3060.oracleGeneral.zst,3112908,107932,0.0029,0.0001,0.0347,1.0,1.0,28.8414,781199,22319,0.2068
tencentBlock.ns3053.oracleGeneral.zst,4939824,309373,0.0046,0.0003,0.0626,1.0,1.0,15.9672,781199,117147,0.3787
tencentBlock.ns3039.oracleGeneral.zst,3924660,190728,0.0037,0.0002,0.0486,1.0,1.0,20.5773,781199,63822,0.3346
tencentBlock.ns3036.oracleGeneral.zst,6966374,1484875,0.0065,0.0014,0.2131,1.0,1.0,4.6916,781199,1010606,0.6806
tencentBlock.ns3027.oracleGeneral.zst,50848776,2358761,0.0474,0.0022,0.0464,1.0,1.0,21.5574,781199,153589,0.0651
tencentBlock.ns3021.oracleGeneral.zst,45909002,2325574,0.0428,0.0022,0.0507,1.0,1.0,19.7409,781198,158268,0.0681
tencentBlock.ns3015.oracleGeneral.zst,1823895,107405,0.0017,0.0001,0.0589,1.0,1.0,16.9815,287559,35455,0.3301
tencentBlock.ns3011.oracleGeneral.zst,4520821,124777,0.0042,0.0001,0.0276,1.0,1.0,36.2312,781198,25009,0.2004
tencentBlock.ns3004.oracleGeneral.zst,2885296,189746,0.0027,0.0002,0.0658,1.0,1.0,15.2061,781198,55096,0.2904
tencentBlock.ns2990.oracleGeneral.zst,2760965,395608,0.0026,0.0004,0.1433,1.0,1.0,6.979,781200,238290,0.6023
tencentBlock.ns2982.oracleGeneral.zst,169624719,13723819,0.158,0.0128,0.0809,1.0,1.0,12.3599,781199,10499724,0.7651
tencentBlock.ns2976.oracleGeneral.zst,7754796,430498,0.0072,0.0004,0.0555,1.0,1.0,18.0135,781197,186064,0.4322
tencentBlock.ns2974.oracleGeneral.zst,6694772,392831,0.0062,0.0004,0.0587,1.0,1.0,17.0424,781199,77774,0.198
tencentBlock.ns2965.oracleGeneral.zst,2194593,127372,0.002,0.0001,0.058,1.0,1.0,17.2298,781198,32203,0.2528
tencentBlock.ns2956.oracleGeneral.zst,8781265,107537,0.0082,0.0001,0.0122,1.0,1.0,81.6581,781199,18467,0.1717
tencentBlock.ns2954.oracleGeneral.zst,8112703,332977,0.0076,0.0003,0.041,1.0,1.0,24.3642,781198,120049,0.3605
tencentBlock.ns2946.oracleGeneral.zst,7686454,794835,0.0072,0.0007,0.1034,1.0,1.0,9.6705,661972,192229,0.2418
tencentBlock.ns2937.oracleGeneral.zst,3931442,175506,0.0037,0.0002,0.0446,1.0,1.0,22.4006,449548,62607,0.3567
tencentBlock.ns2932.oracleGeneral.zst,49574281,2038634,0.0462,0.0019,0.0411,1.0,1.0,24.3174,781197,102612,0.0503
tencentBlock.ns2911.oracleGeneral.zst,24461153,1896131,0.0228,0.0018,0.0775,1.0,1.0,12.9006,781199,112134,0.0591
tencentBlock.ns2893.oracleGeneral.zst,2187990,144642,0.002,0.0001,0.0661,1.0,1.0,15.1269,781197,5109,0.0353
tencentBlock.ns2892.oracleGeneral.zst,7543105,723896,0.007,0.0007,0.096,1.0,1.0,10.4202,781199,241216,0.3332
tencentBlock.ns2878.oracleGeneral.zst,9734672,697986,0.0091,0.0007,0.0717,1.0,1.0,13.9468,781199,77188,0.1106
tencentBlock.ns2877.oracleGeneral.zst,3122001,155529,0.0029,0.0001,0.0498,1.0,1.0,20.0734,781198,42849,0.2755
tencentBlock.ns2873.oracleGeneral.zst,1700568,234065,0.0016,0.0002,0.1376,1.0,1.0,7.2654,781198,46053,0.1968
tencentBlock.ns2871.oracleGeneral.zst,1715629,165129,0.0016,0.0002,0.0962,1.0,1.0,10.3896,781198,3038,0.0184
tencentBlock.ns2863.oracleGeneral.zst,2750766,489402,0.0026,0.0005,0.1779,1.0,1.0,5.6207,781199,237148,0.4846
tencentBlock.ns2861.oracleGeneral.zst,2106483,311408,0.002,0.0003,0.1478,1.0,1.0,6.7644,781198,50576,0.1624
tencentBlock.ns2846.oracleGeneral.zst,5898790,380306,0.0055,0.0004,0.0645,1.0,1.0,15.5106,781198,138887,0.3652
tencentBlock.ns2840.oracleGeneral.zst,4019099,363094,0.0037,0.0003,0.0903,1.0,1.0,11.069,781199,108446,0.2987
tencentBlock.ns2830.oracleGeneral.zst,1948005,384833,0.0018,0.0004,0.1976,1.0,1.0,5.0619,781198,90831,0.236
tencentBlock.ns2827.oracleGeneral.zst,5976830,680997,0.0056,0.0006,0.1139,1.0,1.0,8.7766,781198,178796,0.2626
tencentBlock.ns2823.oracleGeneral.zst,1815768,134272,0.0017,0.0001,0.0739,1.0,1.0,13.5231,781199,4037,0.0301
tencentBlock.ns2816.oracleGeneral.zst,1553055,149394,0.0014,0.0001,0.0962,1.0,1.0,10.3957,781198,4280,0.0286
tencentBlock.ns2809.oracleGeneral.zst,1896512,189157,0.0018,0.0002,0.0997,1.0,1.0,10.0261,781198,59252,0.3132
tencentBlock.ns2801.oracleGeneral.zst,2503592,241725,0.0023,0.0002,0.0966,1.0,1.0,10.3572,781199,112383,0.4649
tencentBlock.ns2792.oracleGeneral.zst,1010760,230658,0.0009,0.0002,0.2282,1.0,1.0,4.3821,781198,96038,0.4164
tencentBlock.ns2786.oracleGeneral.zst,6119554,263771,0.0057,0.0002,0.0431,1.0,1.0,23.2003,781199,78891,0.2991
tencentBlock.ns2777.oracleGeneral.zst,3055821,174665,0.0028,0.0002,0.0572,1.0,1.0,17.4953,781199,17635,0.101
tencentBlock.ns2773.oracleGeneral.zst,3905112,341925,0.0036,0.0003,0.0876,1.0,1.0,11.421,781199,126779,0.3708
tencentBlock.ns2771.oracleGeneral.zst,22902640,3699992,0.0213,0.0034,0.1616,1.0,1.0,6.1899,781196,2334008,0.6308
tencentBlock.ns2767.oracleGeneral.zst,3002008,283052,0.0028,0.0003,0.0943,1.0,1.0,10.6059,781195,70676,0.2497
tencentBlock.ns2761.oracleGeneral.zst,15062439,1665009,0.014,0.0016,0.1105,1.0,1.0,9.0465,781199,1312982,0.7886
tencentBlock.ns2758.oracleGeneral.zst,5261829,921381,0.0049,0.0009,0.1751,1.0,1.0,5.7108,781199,386367,0.4193
tencentBlock.ns2745.oracleGeneral.zst,6072420,795443,0.0057,0.0007,0.131,1.0,1.0,7.634,781199,371287,0.4668
tencentBlock.ns2744.oracleGeneral.zst,3316808,413599,0.0031,0.0004,0.1247,1.0,1.0,8.0194,781199,132433,0.3202
tencentBlock.ns2737.oracleGeneral.zst,5275792,144652,0.0049,0.0001,0.0274,1.0,1.0,36.4723,403895,32716,0.2262
tencentBlock.ns2732.oracleGeneral.zst,1001038,155718,0.0009,0.0001,0.1556,1.0,1.0,6.4285,781199,48996,0.3146
tencentBlock.ns2727.oracleGeneral.zst,6671380,180920,0.0062,0.0002,0.0271,1.0,1.0,36.8748,781199,42885,0.237
tencentBlock.ns2716.oracleGeneral.zst,1036730,126297,0.001,0.0001,0.1218,1.0,1.0,8.2087,781198,1332,0.0105
tencentBlock.ns2712.oracleGeneral.zst,3598866,299345,0.0034,0.0003,0.0832,1.0,1.0,12.0225,781198,110793,0.3701
tencentBlock.ns2707.oracleGeneral.zst,2814184,456139,0.0026,0.0004,0.1621,1.0,1.0,6.1696,781198,237286,0.5202
tencentBlock.ns2706.oracleGeneral.zst,10659334,1520923,0.0099,0.0014,0.1427,1.0,1.0,7.0085,781199,602478,0.3961
tencentBlock.ns2693.oracleGeneral.zst,9999255,158975,0.0093,0.0001,0.0159,1.0,1.0,62.8983,781199,14513,0.0913
tencentBlock.ns2691.oracleGeneral.zst,5153629,599887,0.0048,0.0006,0.1164,1.0,1.0,8.591,781199,117474,0.1958
tencentBlock.ns2690.oracleGeneral.zst,44305975,2271830,0.0413,0.0021,0.0513,1.0,1.0,19.5023,781196,122169,0.0538
tencentBlock.ns2687.oracleGeneral.zst,3795166,180909,0.0035,0.0002,0.0477,1.0,1.0,20.9783,781196,3529,0.0195
tencentBlock.ns2685.oracleGeneral.zst,16938113,818926,0.0158,0.0008,0.0483,1.0,1.0,20.6833,781199,288756,0.3526
tencentBlock.ns2678.oracleGeneral.zst,1366700,179369,0.0013,0.0002,0.1312,1.0,1.0,7.6195,781194,57819,0.3223
tencentBlock.ns2672.oracleGeneral.zst,2500041,236077,0.0023,0.0002,0.0944,1.0,1.0,10.5899,781199,56749,0.2404
tencentBlock.ns2666.oracleGeneral.zst,7110092,613707,0.0066,0.0006,0.0863,1.0,1.0,11.5855,781199,170623,0.278
tencentBlock.ns2659.oracleGeneral.zst,4335181,266328,0.004,0.0002,0.0614,1.0,1.0,16.2776,781199,47719,0.1792
tencentBlock.ns2653.oracleGeneral.zst,4753172,122286,0.0044,0.0001,0.0257,1.0,1.0,38.8693,781199,9755,0.0798
tencentBlock.ns2647.oracleGeneral.zst,5713150,808743,0.0053,0.0008,0.1416,1.0,1.0,7.0642,781199,65338,0.0808
tencentBlock.ns2644.oracleGeneral.zst,3666521,320848,0.0034,0.0003,0.0875,1.0,1.0,11.4276,781194,84905,0.2646
tencentBlock.ns2641.oracleGeneral.zst,2389703,124094,0.0022,0.0001,0.0519,1.0,1.0,19.2572,781199,52845,0.4258
tencentBlock.ns2637.oracleGeneral.zst,7071149,948864,0.0066,0.0009,0.1342,1.0,1.0,7.4522,781199,503005,0.5301
tencentBlock.ns2636.oracleGeneral.zst,1322181,202169,0.0012,0.0002,0.1529,1.0,1.0,6.54,781194,37421,0.1851
tencentBlock.ns2627.oracleGeneral.zst,41465886,7142374,0.0386,0.0067,0.1722,1.0,1.0,5.8056,781199,5873978,0.8224
tencentBlock.ns2617.oracleGeneral.zst,1096098,557210,0.001,0.0005,0.5084,1.0,1.0,1.9671,781199,475218,0.8529
tencentBlock.ns2610.oracleGeneral.zst,5353701,623829,0.005,0.0006,0.1165,1.0,1.0,8.582,781199,147399,0.2363
tencentBlock.ns2605.oracleGeneral.zst,3163650,314249,0.0029,0.0003,0.0993,1.0,1.0,10.0673,781195,96515,0.3071
tencentBlock.ns2598.oracleGeneral.zst,3857525,221966,0.0036,0.0002,0.0575,1.0,1.0,17.3789,781198,6245,0.0281
tencentBlock.ns2596.oracleGeneral.zst,1084662,608117,0.001,0.0006,0.5607,1.0,1.0,1.7836,781198,535186,0.8801
tencentBlock.ns2594.oracleGeneral.zst,2670348,195446,0.0025,0.0002,0.0732,1.0,1.0,13.6628,781199,20498,0.1049
tencentBlock.ns2586.oracleGeneral.zst,4425864,201513,0.0041,0.0002,0.0455,1.0,1.0,21.9632,781199,83379,0.4138
tencentBlock.ns2583.oracleGeneral.zst,116501488,1226812,0.1085,0.0011,0.0105,1.0,1.0,94.9628,781200,169020,0.1378
tencentBlock.ns2576.oracleGeneral.zst,1228794,148797,0.0011,0.0001,0.1211,1.0,1.0,8.2582,781197,5551,0.0373
tencentBlock.ns25697.oracleGeneral.zst,3150043,1325569,0.0029,0.0012,0.4208,1.0,1.0,2.3764,213812,994326,0.7501
tencentBlock.ns2568.oracleGeneral.zst,5871040,678861,0.0055,0.0006,0.1156,1.0,1.0,8.6484,781198,163778,0.2413
tencentBlock.ns25669.oracleGeneral.zst,23473948,9723430,0.0219,0.0091,0.4142,1.0,1.0,2.4142,328206,3137710,0.3227
tencentBlock.ns25663.oracleGeneral.zst,1888496,278436,0.0018,0.0003,0.1474,1.0,1.0,6.7825,308518,104829,0.3765
tencentBlock.ns25650.oracleGeneral.zst,2312623,300525,0.0022,0.0003,0.1299,1.0,1.0,7.6953,307123,88780,0.2954
tencentBlock.ns25640.oracleGeneral.zst,1129018,155556,0.0011,0.0001,0.1378,1.0,1.0,7.258,303382,93116,0.5986
tencentBlock.ns25639.oracleGeneral.zst,1953042,242480,0.0018,0.0002,0.1242,1.0,1.0,8.0544,295743,78089,0.322
tencentBlock.ns25630.oracleGeneral.zst,3144355,192871,0.0029,0.0002,0.0613,1.0,1.0,16.3029,314130,66592,0.3453
tencentBlock.ns25621.oracleGeneral.zst,1924609,789181,0.0018,0.0007,0.41,1.0,1.0,2.4387,335532,598738,0.7587
tencentBlock.ns25616.oracleGeneral.zst,2014606,236606,0.0019,0.0002,0.1174,1.0,1.0,8.5146,304752,117720,0.4975
tencentBlock.ns2561.oracleGeneral.zst,2329554,356179,0.0022,0.0003,0.1529,1.0,1.0,6.5404,781194,103850,0.2916
tencentBlock.ns25599.oracleGeneral.zst,1781314,313890,0.0017,0.0003,0.1762,1.0,1.0,5.675,354776,128862,0.4105
tencentBlock.ns2559.oracleGeneral.zst,1181266,277209,0.0011,0.0003,0.2347,1.0,1.0,4.2613,781196,174366,0.629
tencentBlock.ns25585.oracleGeneral.zst,2421592,860616,0.0023,0.0008,0.3554,1.0,1.0,2.8138,412898,621911,0.7226
tencentBlock.ns25578.oracleGeneral.zst,1176267,127353,0.0011,0.0001,0.1083,1.0,1.0,9.2363,483002,48955,0.3844
tencentBlock.ns25563.oracleGeneral.zst,1108072,464716,0.001,0.0004,0.4194,1.0,1.0,2.3844,506961,373282,0.8032
tencentBlock.ns2554.oracleGeneral.zst,4745281,125491,0.0044,0.0001,0.0264,1.0,1.0,37.8137,781199,49848,0.3972
tencentBlock.ns25494.oracleGeneral.zst,1028230,135263,0.001,0.0001,0.1315,1.0,1.0,7.6017,593588,55194,0.408
tencentBlock.ns25476.oracleGeneral.zst,9950670,730996,0.0093,0.0007,0.0735,1.0,1.0,13.6125,767689,267330,0.3657
tencentBlock.ns25467.oracleGeneral.zst,1041462,138689,0.001,0.0001,0.1332,1.0,1.0,7.5093,768779,57938,0.4178
tencentBlock.ns25452.oracleGeneral.zst,1091331,143589,0.001,0.0001,0.1316,1.0,1.0,7.6004,767878,55161,0.3842
tencentBlock.ns2545.oracleGeneral.zst,4229280,478457,0.0039,0.0004,0.1131,1.0,1.0,8.8394,781196,125087,0.2614
tencentBlock.ns25428.oracleGeneral.zst,1163404,489991,0.0011,0.0005,0.4212,1.0,1.0,2.3743,600698,387886,0.7916
tencentBlock.ns25415.oracleGeneral.zst,2066653,229819,0.0019,0.0002,0.1112,1.0,1.0,8.9925,777332,59610,0.2594
tencentBlock.ns25411.oracleGeneral.zst,8327680,1145676,0.0078,0.0011,0.1376,1.0,1.0,7.2688,738379,567671,0.4955
tencentBlock.ns25402.oracleGeneral.zst,12355175,713920,0.0115,0.0007,0.0578,1.0,1.0,17.3061,738379,373724,0.5235
tencentBlock.ns25394.oracleGeneral.zst,3217990,179088,0.003,0.0002,0.0557,1.0,1.0,17.9688,736972,76158,0.4253
tencentBlock.ns25387.oracleGeneral.zst,7460937,288063,0.0069,0.0003,0.0386,1.0,1.0,25.9004,738378,138728,0.4816
tencentBlock.ns2536.oracleGeneral.zst,3952960,483280,0.0037,0.0005,0.1223,1.0,1.0,8.1794,781199,257721,0.5333
tencentBlock.ns2534.oracleGeneral.zst,9848142,1277681,0.0092,0.0012,0.1297,1.0,1.0,7.7078,781199,491588,0.3848
tencentBlock.ns2525.oracleGeneral.zst,2307117,294268,0.0021,0.0003,0.1275,1.0,1.0,7.8402,781196,59417,0.2019
tencentBlock.ns2520.oracleGeneral.zst,13523251,627572,0.0126,0.0006,0.0464,1.0,1.0,21.5485,781198,223432,0.356
tencentBlock.ns2511.oracleGeneral.zst,1713447,242754,0.0016,0.0002,0.1417,1.0,1.0,7.0584,781197,50340,0.2074
tencentBlock.ns2508.oracleGeneral.zst,4561976,104075,0.0042,0.0001,0.0228,1.0,1.0,43.8335,781199,23126,0.2222
tencentBlock.ns25013.oracleGeneral.zst,2460570,372667,0.0023,0.0003,0.1515,1.0,1.0,6.6026,781082,157578,0.4228
tencentBlock.ns2499.oracleGeneral.zst,1020735,128127,0.001,0.0001,0.1255,1.0,1.0,7.9666,781197,2178,0.017
tencentBlock.ns2495.oracleGeneral.zst,3667098,347895,0.0034,0.0003,0.0949,1.0,1.0,10.5408,781199,63754,0.1833
tencentBlock.ns24948.oracleGeneral.zst,3127706,239424,0.0029,0.0002,0.0765,1.0,1.0,13.0635,781138,39990,0.167
tencentBlock.ns2489.oracleGeneral.zst,2956149,207539,0.0028,0.0002,0.0702,1.0,1.0,14.2438,781200,35699,0.172
tencentBlock.ns24855.oracleGeneral.zst,1104814,157315,0.001,0.0001,0.1424,1.0,1.0,7.0229,781138,37583,0.2389
tencentBlock.ns2482.oracleGeneral.zst,4976569,969029,0.0046,0.0009,0.1947,1.0,1.0,5.1356,781199,516600,0.5331
tencentBlock.ns2478.oracleGeneral.zst,4822960,392424,0.0045,0.0004,0.0814,1.0,1.0,12.2902,781197,94092,0.2398
tencentBlock.ns2473.oracleGeneral.zst,1797153,284185,0.0017,0.0003,0.1581,1.0,1.0,6.3239,781198,79833,0.2809
tencentBlock.ns24725.oracleGeneral.zst,1842375,917748,0.0017,0.0009,0.4981,1.0,1.0,2.0075,781168,572328,0.6236
tencentBlock.ns2467.oracleGeneral.zst,1171075,194948,0.0011,0.0002,0.1665,1.0,1.0,6.0071,781199,123285,0.6324
tencentBlock.ns2458.oracleGeneral.zst,1530166,252214,0.0014,0.0002,0.1648,1.0,1.0,6.0669,781199,55508,0.2201
tencentBlock.ns2454.oracleGeneral.zst,2835993,285085,0.0026,0.0003,0.1005,1.0,1.0,9.9479,781199,74081,0.2599
tencentBlock.ns24497.oracleGeneral.zst,1220504,141576,0.0011,0.0001,0.116,1.0,1.0,8.6208,781174,34283,0.2422
tencentBlock.ns2447.oracleGeneral.zst,1751312,170475,0.0016,0.0002,0.0973,1.0,1.0,10.2731,781195,2912,0.0171
tencentBlock.ns2444.oracleGeneral.zst,4254203,464084,0.004,0.0004,0.1091,1.0,1.0,9.1669,781195,120705,0.2601
tencentBlock.ns24398.oracleGeneral.zst,1916642,493700,0.0018,0.0005,0.2576,1.0,1.0,3.8822,781172,245993,0.4983
tencentBlock.ns2438.oracleGeneral.zst,10250987,2611719,0.0095,0.0024,0.2548,1.0,1.0,3.925,781199,1683562,0.6446
tencentBlock.ns2434.oracleGeneral.zst,3002992,360506,0.0028,0.0003,0.12,1.0,1.0,8.3299,781199,49647,0.1377
tencentBlock.ns24332.oracleGeneral.zst,9723009,2456292,0.0091,0.0023,0.2526,1.0,1.0,3.9584,781175,1559805,0.635
tencentBlock.ns2430.oracleGeneral.zst,2897089,326431,0.0027,0.0003,0.1127,1.0,1.0,8.875,781200,18478,0.0566
tencentBlock.ns24254.oracleGeneral.zst,1414307,874548,0.0013,0.0008,0.6184,1.0,1.0,1.6172,781185,636713,0.728
tencentBlock.ns24247.oracleGeneral.zst,1928712,512936,0.0018,0.0005,0.2659,1.0,1.0,3.7601,781185,350190,0.6827
tencentBlock.ns24223.oracleGeneral.zst,5823107,960956,0.0054,0.0009,0.165,1.0,1.0,6.0597,781165,357519,0.372
tencentBlock.ns24190.oracleGeneral.zst,40368213,3593392,0.0376,0.0033,0.089,1.0,1.0,11.234,781188,1836080,0.511
tencentBlock.ns24157.oracleGeneral.zst,1310022,160952,0.0012,0.0001,0.1229,1.0,1.0,8.1392,781178,44538,0.2767
tencentBlock.ns24111.oracleGeneral.zst,2571813,294404,0.0024,0.0003,0.1145,1.0,1.0,8.7357,781186,62737,0.2131
tencentBlock.ns2399.oracleGeneral.zst,2755079,423048,0.0026,0.0004,0.1536,1.0,1.0,6.5125,781195,186345,0.4405
tencentBlock.ns23952.oracleGeneral.zst,3896606,749485,0.0036,0.0007,0.1923,1.0,1.0,5.199,781191,488318,0.6515
tencentBlock.ns23930.oracleGeneral.zst,1888445,482706,0.0018,0.0004,0.2556,1.0,1.0,3.9122,781177,239991,0.4972
tencentBlock.ns23925.oracleGeneral.zst,1365450,216503,0.0013,0.0002,0.1586,1.0,1.0,6.3068,781189,63572,0.2936
tencentBlock.ns23908.oracleGeneral.zst,2432013,222456,0.0023,0.0002,0.0915,1.0,1.0,10.9326,781191,62886,0.2827
tencentBlock.ns23905.oracleGeneral.zst,2845910,298077,0.0027,0.0003,0.1047,1.0,1.0,9.5476,781170,102541,0.344
tencentBlock.ns2390.oracleGeneral.zst,5684316,936747,0.0053,0.0009,0.1648,1.0,1.0,6.0681,781198,373133,0.3983
tencentBlock.ns2386.oracleGeneral.zst,26322707,830865,0.0245,0.0008,0.0316,1.0,1.0,31.6811,781200,157163,0.1892
tencentBlock.ns23855.oracleGeneral.zst,3249568,284191,0.003,0.0003,0.0875,1.0,1.0,11.4345,781190,73150,0.2574
tencentBlock.ns23842.oracleGeneral.zst,1257216,136798,0.0012,0.0001,0.1088,1.0,1.0,9.1903,497035,43483,0.3179
tencentBlock.ns23834.oracleGeneral.zst,4179561,527072,0.0039,0.0005,0.1261,1.0,1.0,7.9298,781189,127750,0.2424
tencentBlock.ns23831.oracleGeneral.zst,3029752,303889,0.0028,0.0003,0.1003,1.0,1.0,9.9699,781174,63359,0.2085
tencentBlock.ns23816.oracleGeneral.zst,4819412,406196,0.0045,0.0004,0.0843,1.0,1.0,11.8647,781191,85756,0.2111
tencentBlock.ns23781.oracleGeneral.zst,3451422,374056,0.0032,0.0003,0.1084,1.0,1.0,9.227,781189,87096,0.2328
tencentBlock.ns2377.oracleGeneral.zst,3217570,317775,0.003,0.0003,0.0988,1.0,1.0,10.1253,781198,102901,0.3238
tencentBlock.ns23767.oracleGeneral.zst,1892253,231370,0.0018,0.0002,0.1223,1.0,1.0,8.1785,781192,80451,0.3477
tencentBlock.ns2376.oracleGeneral.zst,60202760,2256401,0.0561,0.0021,0.0375,1.0,1.0,26.6809,781200,153924,0.0682
tencentBlock.ns23754.oracleGeneral.zst,2638661,240390,0.0025,0.0002,0.0911,1.0,1.0,10.9766,781192,71350,0.2968
tencentBlock.ns23740.oracleGeneral.zst,2776570,264444,0.0026,0.0002,0.0952,1.0,1.0,10.4997,781190,90903,0.3438
tencentBlock.ns23734.oracleGeneral.zst,2254182,201875,0.0021,0.0002,0.0896,1.0,1.0,11.1662,781191,58462,0.2896
tencentBlock.ns23730.oracleGeneral.zst,1293381,252756,0.0012,0.0002,0.1954,1.0,1.0,5.1171,781192,69270,0.2741
tencentBlock.ns2372.oracleGeneral.zst,3962930,490413,0.0037,0.0005,0.1238,1.0,1.0,8.0808,781196,160887,0.3281
tencentBlock.ns23716.oracleGeneral.zst,2282076,395411,0.0021,0.0004,0.1733,1.0,1.0,5.7714,781193,230096,0.5819
tencentBlock.ns23707.oracleGeneral.zst,5213615,1175701,0.0049,0.0011,0.2255,1.0,1.0,4.4345,781191,619219,0.5267
tencentBlock.ns23698.oracleGeneral.zst,4354776,246124,0.0041,0.0002,0.0565,1.0,1.0,17.6934,781189,44153,0.1794
tencentBlock.ns23692.oracleGeneral.zst,6551520,835277,0.0061,0.0008,0.1275,1.0,1.0,7.8435,781193,247490,0.2963
tencentBlock.ns23689.oracleGeneral.zst,14503139,3609131,0.0135,0.0034,0.2489,1.0,1.0,4.0185,781193,2834610,0.7854
tencentBlock.ns23687.oracleGeneral.zst,1005339,177301,0.0009,0.0002,0.1764,1.0,1.0,5.6702,781189,42649,0.2405
tencentBlock.ns23672.oracleGeneral.zst,1105128,148402,0.001,0.0001,0.1343,1.0,1.0,7.4469,309143,33312,0.2245
tencentBlock.ns23650.oracleGeneral.zst,1850617,189784,0.0017,0.0002,0.1026,1.0,1.0,9.7512,781193,5104,0.0269
tencentBlock.ns2363.oracleGeneral.zst,5373101,495525,0.005,0.0005,0.0922,1.0,1.0,10.8432,781200,119839,0.2418
tencentBlock.ns2362.oracleGeneral.zst,30340926,2150332,0.0283,0.002,0.0709,1.0,1.0,14.1099,781198,152387,0.0709
tencentBlock.ns23611.oracleGeneral.zst,2902162,317267,0.0027,0.0003,0.1093,1.0,1.0,9.1474,781194,122745,0.3869
tencentBlock.ns23605.oracleGeneral.zst,2409067,160229,0.0022,0.0001,0.0665,1.0,1.0,15.0351,781192,32896,0.2053
tencentBlock.ns23588.oracleGeneral.zst,1236616,124012,0.0012,0.0001,0.1003,1.0,1.0,9.9717,781193,41775,0.3369
tencentBlock.ns23577.oracleGeneral.zst,4415536,479315,0.0041,0.0004,0.1086,1.0,1.0,9.2122,781190,104015,0.217
tencentBlock.ns23573.oracleGeneral.zst,4094797,424705,0.0038,0.0004,0.1037,1.0,1.0,9.6415,781192,127654,0.3006
tencentBlock.ns2357.oracleGeneral.zst,1413580,362954,0.0013,0.0003,0.2568,1.0,1.0,3.8947,781199,204507,0.5635
tencentBlock.ns23561.oracleGeneral.zst,3773422,503144,0.0035,0.0005,0.1333,1.0,1.0,7.4997,781193,78573,0.1562
tencentBlock.ns2356.oracleGeneral.zst,11212284,689622,0.0104,0.0006,0.0615,1.0,1.0,16.2586,781199,337700,0.4897
tencentBlock.ns23544.oracleGeneral.zst,1130666,196677,0.0011,0.0002,0.1739,1.0,1.0,5.7488,781194,47257,0.2403
tencentBlock.ns2354.oracleGeneral.zst,5413105,567156,0.005,0.0005,0.1048,1.0,1.0,9.5443,781199,106374,0.1876
tencentBlock.ns23521.oracleGeneral.zst,1715860,176905,0.0016,0.0002,0.1031,1.0,1.0,9.6993,781191,55555,0.314
tencentBlock.ns23519.oracleGeneral.zst,6429062,691352,0.006,0.0006,0.1075,1.0,1.0,9.2993,781194,119134,0.1723
tencentBlock.ns23509.oracleGeneral.zst,2043214,222535,0.0019,0.0002,0.1089,1.0,1.0,9.1815,781191,26827,0.1206
tencentBlock.ns23497.oracleGeneral.zst,3316025,362238,0.0031,0.0003,0.1092,1.0,1.0,9.1543,781194,62118,0.1715
tencentBlock.ns23491.oracleGeneral.zst,5819414,729463,0.0054,0.0007,0.1253,1.0,1.0,7.9777,781192,151532,0.2077
tencentBlock.ns23488.oracleGeneral.zst,1003969,181151,0.0009,0.0002,0.1804,1.0,1.0,5.5422,781194,39756,0.2195
tencentBlock.ns23478.oracleGeneral.zst,1169660,200892,0.0011,0.0002,0.1718,1.0,1.0,5.8223,781193,41449,0.2063
tencentBlock.ns2347.oracleGeneral.zst,5449975,380275,0.0051,0.0004,0.0698,1.0,1.0,14.3317,781193,131684,0.3463
tencentBlock.ns23464.oracleGeneral.zst,1668642,192047,0.0016,0.0002,0.1151,1.0,1.0,8.6887,558241,40025,0.2084
tencentBlock.ns23455.oracleGeneral.zst,2140416,209617,0.002,0.0002,0.0979,1.0,1.0,10.2111,781192,54713,0.261
tencentBlock.ns23443.oracleGeneral.zst,3094949,323161,0.0029,0.0003,0.1044,1.0,1.0,9.5771,781194,79661,0.2465
tencentBlock.ns23434.oracleGeneral.zst,1564915,141163,0.0015,0.0001,0.0902,1.0,1.0,11.0859,781190,41437,0.2935
tencentBlock.ns23429.oracleGeneral.zst,24597750,1259265,0.0229,0.0012,0.0512,1.0,1.0,19.5334,781194,322892,0.2564
tencentBlock.ns23426.oracleGeneral.zst,2348998,203304,0.0022,0.0002,0.0865,1.0,1.0,11.5541,781193,5910,0.0291
tencentBlock.ns23420.oracleGeneral.zst,1275413,155591,0.0012,0.0001,0.122,1.0,1.0,8.1972,781193,75582,0.4858
tencentBlock.ns23418.oracleGeneral.zst,2457921,166313,0.0023,0.0002,0.0677,1.0,1.0,14.7789,781193,56707,0.341
tencentBlock.ns23409.oracleGeneral.zst,1372167,180080,0.0013,0.0002,0.1312,1.0,1.0,7.6198,781194,5879,0.0326
tencentBlock.ns23399.oracleGeneral.zst,3361614,381162,0.0031,0.0004,0.1134,1.0,1.0,8.8194,781192,63829,0.1675
tencentBlock.ns23398.oracleGeneral.zst,4012210,457298,0.0037,0.0004,0.114,1.0,1.0,8.7737,781194,98563,0.2155
tencentBlock.ns23391.oracleGeneral.zst,1133902,137598,0.0011,0.0001,0.1213,1.0,1.0,8.2407,781193,2351,0.0171
tencentBlock.ns23390.oracleGeneral.zst,2216156,189217,0.0021,0.0002,0.0854,1.0,1.0,11.7122,781195,37970,0.2007
tencentBlock.ns2339.oracleGeneral.zst,6442415,492578,0.006,0.0005,0.0765,1.0,1.0,13.079,781199,135429,0.2749
tencentBlock.ns23386.oracleGeneral.zst,1844338,228999,0.0017,0.0002,0.1242,1.0,1.0,8.0539,781194,35464,0.1549
tencentBlock.ns23374.oracleGeneral.zst,3325968,1152246,0.0031,0.0011,0.3464,1.0,1.0,2.8865,781195,540281,0.4689
tencentBlock.ns2337.oracleGeneral.zst,46746367,2870398,0.0435,0.0027,0.0614,1.0,1.0,16.2857,781199,324181,0.1129
tencentBlock.ns23368.oracleGeneral.zst,7252763,426251,0.0068,0.0004,0.0588,1.0,1.0,17.0152,781194,171420,0.4022
tencentBlock.ns23354.oracleGeneral.zst,3221289,569134,0.003,0.0005,0.1767,1.0,1.0,5.66,781195,84296,0.1481
tencentBlock.ns23349.oracleGeneral.zst,1252637,201137,0.0012,0.0002,0.1606,1.0,1.0,6.2278,781195,34731,0.1727
tencentBlock.ns23340.oracleGeneral.zst,4804901,535456,0.0045,0.0005,0.1114,1.0,1.0,8.9735,781195,96291,0.1798
tencentBlock.ns23337.oracleGeneral.zst,1520903,217393,0.0014,0.0002,0.1429,1.0,1.0,6.9961,781191,44161,0.2031
tencentBlock.ns23336.oracleGeneral.zst,3865183,455501,0.0036,0.0004,0.1178,1.0,1.0,8.4856,781195,123854,0.2719
tencentBlock.ns2333.oracleGeneral.zst,4716853,510818,0.0044,0.0005,0.1083,1.0,1.0,9.2339,781195,140125,0.2743
tencentBlock.ns23325.oracleGeneral.zst,2514485,249647,0.0023,0.0002,0.0993,1.0,1.0,10.0722,781190,71031,0.2845
tencentBlock.ns23324.oracleGeneral.zst,2989426,299719,0.0028,0.0003,0.1003,1.0,1.0,9.9741,588842,63264,0.2111
tencentBlock.ns23322.oracleGeneral.zst,1330167,141357,0.0012,0.0001,0.1063,1.0,1.0,9.41,781195,41038,0.2903
tencentBlock.ns23320.oracleGeneral.zst,1660124,214118,0.0015,0.0002,0.129,1.0,1.0,7.7533,781192,37748,0.1763
tencentBlock.ns23319.oracleGeneral.zst,3557171,320042,0.0033,0.0003,0.09,1.0,1.0,11.1147,781194,47314,0.1478
tencentBlock.ns23307.oracleGeneral.zst,3993327,464202,0.0037,0.0004,0.1162,1.0,1.0,8.6026,781195,146549,0.3157
tencentBlock.ns23302.oracleGeneral.zst,3988654,450989,0.0037,0.0004,0.1131,1.0,1.0,8.8442,781195,144032,0.3194
tencentBlock.ns23299.oracleGeneral.zst,5853022,3540399,0.0055,0.0033,0.6049,1.0,1.0,1.6532,781191,2182596,0.6165
tencentBlock.ns23283.oracleGeneral.zst,5001709,883088,0.0047,0.0008,0.1766,1.0,1.0,5.6639,781193,371811,0.421
tencentBlock.ns2328.oracleGeneral.zst,3816924,225935,0.0036,0.0002,0.0592,1.0,1.0,16.8939,781199,36224,0.1603
tencentBlock.ns23279.oracleGeneral.zst,2737133,172420,0.0025,0.0002,0.063,1.0,1.0,15.8748,781195,102571,0.5949
tencentBlock.ns23274.oracleGeneral.zst,21413066,116762,0.0199,0.0001,0.0055,1.0,1.0,183.3907,781195,29935,0.2564
tencentBlock.ns23272.oracleGeneral.zst,1738188,210854,0.0016,0.0002,0.1213,1.0,1.0,8.2436,781191,68593,0.3253
tencentBlock.ns23266.oracleGeneral.zst,2544897,232293,0.0024,0.0002,0.0913,1.0,1.0,10.9555,781190,56818,0.2446
tencentBlock.ns23257.oracleGeneral.zst,5935149,552506,0.0055,0.0005,0.0931,1.0,1.0,10.7422,781195,177974,0.3221
tencentBlock.ns23230.oracleGeneral.zst,9192714,946377,0.0086,0.0009,0.1029,1.0,1.0,9.7136,781195,135880,0.1436
tencentBlock.ns2322.oracleGeneral.zst,1566607,277665,0.0015,0.0003,0.1772,1.0,1.0,5.6421,781198,38865,0.14
tencentBlock.ns23219.oracleGeneral.zst,1257731,148383,0.0012,0.0001,0.118,1.0,1.0,8.4762,781193,6436,0.0434
tencentBlock.ns23218.oracleGeneral.zst,1836338,125217,0.0017,0.0001,0.0682,1.0,1.0,14.6652,781194,38720,0.3092
tencentBlock.ns23215.oracleGeneral.zst,1087008,342332,0.001,0.0003,0.3149,1.0,1.0,3.1753,781193,245988,0.7186
tencentBlock.ns23214.oracleGeneral.zst,2165864,229771,0.002,0.0002,0.1061,1.0,1.0,9.4262,781191,75796,0.3299
tencentBlock.ns23209.oracleGeneral.zst,1413222,131505,0.0013,0.0001,0.0931,1.0,1.0,10.7465,781191,20904,0.159
tencentBlock.ns23204.oracleGeneral.zst,3423727,375779,0.0032,0.0003,0.1098,1.0,1.0,9.111,781195,79166,0.2107
tencentBlock.ns23202.oracleGeneral.zst,4825125,363565,0.0045,0.0003,0.0753,1.0,1.0,13.2717,781195,61150,0.1682
tencentBlock.ns23186.oracleGeneral.zst,2454859,219029,0.0023,0.0002,0.0892,1.0,1.0,11.2079,781195,110615,0.505
tencentBlock.ns23173.oracleGeneral.zst,2241805,294352,0.0021,0.0003,0.1313,1.0,1.0,7.6161,781194,94297,0.3204
tencentBlock.ns23164.oracleGeneral.zst,1702867,199226,0.0016,0.0002,0.117,1.0,1.0,8.5474,781192,49850,0.2502
tencentBlock.ns23155.oracleGeneral.zst,1248081,376001,0.0012,0.0004,0.3013,1.0,1.0,3.3194,781195,197251,0.5246
tencentBlock.ns2315.oracleGeneral.zst,1943119,316564,0.0018,0.0003,0.1629,1.0,1.0,6.1382,781190,54980,0.1737
tencentBlock.ns23147.oracleGeneral.zst,1407267,186841,0.0013,0.0002,0.1328,1.0,1.0,7.5319,781194,24709,0.1322
tencentBlock.ns23140.oracleGeneral.zst,1341594,520192,0.0012,0.0005,0.3877,1.0,1.0,2.579,781191,408525,0.7853
tencentBlock.ns23130.oracleGeneral.zst,1309905,145905,0.0012,0.0001,0.1114,1.0,1.0,8.9778,781194,4603,0.0315
tencentBlock.ns2313.oracleGeneral.zst,98013165,16838253,0.0913,0.0157,0.1718,1.0,1.0,5.8209,781200,11513585,0.6838
tencentBlock.ns23119.oracleGeneral.zst,1778445,139544,0.0017,0.0001,0.0785,1.0,1.0,12.7447,781195,21573,0.1546
tencentBlock.ns23111.oracleGeneral.zst,2226124,186530,0.0021,0.0002,0.0838,1.0,1.0,11.9344,781193,6882,0.0369
tencentBlock.ns23109.oracleGeneral.zst,1068904,258784,0.001,0.0002,0.2421,1.0,1.0,4.1305,781192,126990,0.4907
tencentBlock.ns23107.oracleGeneral.zst,2569514,744840,0.0024,0.0007,0.2899,1.0,1.0,3.4498,781193,524004,0.7035
tencentBlock.ns23102.oracleGeneral.zst,2103801,345350,0.002,0.0003,0.1642,1.0,1.0,6.0918,781195,131210,0.3799
tencentBlock.ns23087.oracleGeneral.zst,1461188,180023,0.0014,0.0002,0.1232,1.0,1.0,8.1167,781194,34768,0.1931
tencentBlock.ns2308.oracleGeneral.zst,61432220,2078357,0.0572,0.0019,0.0338,1.0,1.0,29.5581,781200,617210,0.297
tencentBlock.ns23078.oracleGeneral.zst,1177895,213704,0.0011,0.0002,0.1814,1.0,1.0,5.5118,294742,91578,0.4285
tencentBlock.ns23074.oracleGeneral.zst,2282828,304198,0.0021,0.0003,0.1333,1.0,1.0,7.5044,474737,71055,0.2336
tencentBlock.ns23061.oracleGeneral.zst,1559004,215036,0.0015,0.0002,0.1379,1.0,1.0,7.25,781193,35843,0.1667
tencentBlock.ns23053.oracleGeneral.zst,1367784,234581,0.0013,0.0002,0.1715,1.0,1.0,5.8308,781195,49690,0.2118
tencentBlock.ns23047.oracleGeneral.zst,2261461,292443,0.0021,0.0003,0.1293,1.0,1.0,7.733,781195,130201,0.4452
tencentBlock.ns23037.oracleGeneral.zst,3209085,302255,0.003,0.0003,0.0942,1.0,1.0,10.6171,781191,96076,0.3179
tencentBlock.ns23030.oracleGeneral.zst,1058660,163172,0.001,0.0002,0.1541,1.0,1.0,6.488,781193,57051,0.3496
tencentBlock.ns2303.oracleGeneral.zst,4143847,446980,0.0039,0.0004,0.1079,1.0,1.0,9.2708,781198,17401,0.0389
tencentBlock.ns23026.oracleGeneral.zst,6625678,527451,0.0062,0.0005,0.0796,1.0,1.0,12.5617,781193,107886,0.2045
tencentBlock.ns23016.oracleGeneral.zst,1372398,229611,0.0013,0.0002,0.1673,1.0,1.0,5.9771,781195,64514,0.281
tencentBlock.ns23014.oracleGeneral.zst,18539056,283194,0.0173,0.0003,0.0153,1.0,1.0,65.4642,781165,51440,0.1816
tencentBlock.ns23007.oracleGeneral.zst,1159696,129685,0.0011,0.0001,0.1118,1.0,1.0,8.9424,781195,51670,0.3984
tencentBlock.ns22998.oracleGeneral.zst,1194361,202132,0.0011,0.0002,0.1692,1.0,1.0,5.9088,781190,61187,0.3027
tencentBlock.ns22989.oracleGeneral.zst,1408003,236877,0.0013,0.0002,0.1682,1.0,1.0,5.944,781191,48130,0.2032
tencentBlock.ns22982.oracleGeneral.zst,1381764,144628,0.0013,0.0001,0.1047,1.0,1.0,9.5539,781192,4411,0.0305
tencentBlock.ns22960.oracleGeneral.zst,1673625,258761,0.0016,0.0002,0.1546,1.0,1.0,6.4678,781193,68894,0.2662
tencentBlock.ns22956.oracleGeneral.zst,2414741,795878,0.0022,0.0007,0.3296,1.0,1.0,3.0341,781194,567152,0.7126
tencentBlock.ns22948.oracleGeneral.zst,1085435,170917,0.001,0.0002,0.1575,1.0,1.0,6.3507,781195,32057,0.1876
tencentBlock.ns2294.oracleGeneral.zst,5572397,423812,0.0052,0.0004,0.0761,1.0,1.0,13.1483,781199,173626,0.4097
tencentBlock.ns22930.oracleGeneral.zst,1825089,203315,0.0017,0.0002,0.1114,1.0,1.0,8.9767,781191,38115,0.1875
tencentBlock.ns22923.oracleGeneral.zst,79152382,16043882,0.0737,0.0149,0.2027,1.0,1.0,4.9335,781194,12479671,0.7778
tencentBlock.ns22912.oracleGeneral.zst,1514307,184827,0.0014,0.0002,0.1221,1.0,1.0,8.1931,781194,9241,0.05
tencentBlock.ns22908.oracleGeneral.zst,1435318,129353,0.0013,0.0001,0.0901,1.0,1.0,11.0961,781193,38602,0.2984
tencentBlock.ns22905.oracleGeneral.zst,3084183,388274,0.0029,0.0004,0.1259,1.0,1.0,7.9433,781193,126286,0.3252
tencentBlock.ns22897.oracleGeneral.zst,2283779,279671,0.0021,0.0003,0.1225,1.0,1.0,8.1659,781195,98459,0.3521
tencentBlock.ns22890.oracleGeneral.zst,1272678,141758,0.0012,0.0001,0.1114,1.0,1.0,8.9778,781190,2254,0.0159
tencentBlock.ns22886.oracleGeneral.zst,6850187,357140,0.0064,0.0003,0.0521,1.0,1.0,19.1807,781192,98401,0.2755
tencentBlock.ns22874.oracleGeneral.zst,1401515,191186,0.0013,0.0002,0.1364,1.0,1.0,7.3306,781192,19563,0.1023
tencentBlock.ns22869.oracleGeneral.zst,2281938,191633,0.0021,0.0002,0.084,1.0,1.0,11.9079,781191,6307,0.0329
tencentBlock.ns2286.oracleGeneral.zst,15907007,1274094,0.0148,0.0012,0.0801,1.0,1.0,12.485,781200,599065,0.4702
tencentBlock.ns22855.oracleGeneral.zst,1383244,106673,0.0013,0.0001,0.0771,1.0,1.0,12.9671,781192,40076,0.3757
tencentBlock.ns22852.oracleGeneral.zst,2548822,302533,0.0024,0.0003,0.1187,1.0,1.0,8.4249,781195,115153,0.3806
tencentBlock.ns2284.oracleGeneral.zst,2197898,377100,0.002,0.0004,0.1716,1.0,1.0,5.8284,781200,90742,0.2406
tencentBlock.ns22831.oracleGeneral.zst,1715043,110767,0.0016,0.0001,0.0646,1.0,1.0,15.4833,781192,7202,0.065
tencentBlock.ns22828.oracleGeneral.zst,8148370,822133,0.0076,0.0008,0.1009,1.0,1.0,9.9113,781195,188414,0.2292
tencentBlock.ns22826.oracleGeneral.zst,4072454,457879,0.0038,0.0004,0.1124,1.0,1.0,8.8942,781191,129470,0.2828
tencentBlock.ns22822.oracleGeneral.zst,2397568,328523,0.0022,0.0003,0.137,1.0,1.0,7.298,781195,61673,0.1877
tencentBlock.ns22806.oracleGeneral.zst,6261082,932003,0.0058,0.0009,0.1489,1.0,1.0,6.7179,781195,352777,0.3785
tencentBlock.ns22798.oracleGeneral.zst,2701929,339674,0.0025,0.0003,0.1257,1.0,1.0,7.9545,781151,203400,0.5988
tencentBlock.ns22789.oracleGeneral.zst,1617475,155215,0.0015,0.0001,0.096,1.0,1.0,10.4209,781195,61337,0.3952
tencentBlock.ns22778.oracleGeneral.zst,2834464,309976,0.0026,0.0003,0.1094,1.0,1.0,9.1441,781190,67709,0.2184
tencentBlock.ns22766.oracleGeneral.zst,5420336,515396,0.005,0.0005,0.0951,1.0,1.0,10.5168,781193,102293,0.1985
tencentBlock.ns22762.oracleGeneral.zst,1208374,217702,0.0011,0.0002,0.1802,1.0,1.0,5.5506,781190,52798,0.2425
tencentBlock.ns22752.oracleGeneral.zst,6722489,712547,0.0063,0.0007,0.106,1.0,1.0,9.4344,781195,236948,0.3325
tencentBlock.ns2275.oracleGeneral.zst,34535201,23256868,0.0322,0.0217,0.6734,1.0,1.0,1.4849,781197,16174087,0.6955
tencentBlock.ns22749.oracleGeneral.zst,2995911,257266,0.0028,0.0002,0.0859,1.0,1.0,11.6452,781191,72091,0.2802
tencentBlock.ns22740.oracleGeneral.zst,4934847,583739,0.0046,0.0005,0.1183,1.0,1.0,8.4539,781194,175104,0.3
tencentBlock.ns22739.oracleGeneral.zst,1090807,127818,0.001,0.0001,0.1172,1.0,1.0,8.5341,781195,1979,0.0155
tencentBlock.ns22736.oracleGeneral.zst,1425170,156464,0.0013,0.0001,0.1098,1.0,1.0,9.1086,781195,22516,0.1439
tencentBlock.ns22724.oracleGeneral.zst,2246186,240492,0.0021,0.0002,0.1071,1.0,1.0,9.34,781191,85397,0.3551
tencentBlock.ns22717.oracleGeneral.zst,3695224,460020,0.0034,0.0004,0.1245,1.0,1.0,8.0327,781191,132337,0.2877
tencentBlock.ns22715.oracleGeneral.zst,2257309,252297,0.0021,0.0002,0.1118,1.0,1.0,8.947,781193,76407,0.3028
tencentBlock.ns22709.oracleGeneral.zst,1493013,267400,0.0014,0.0002,0.1791,1.0,1.0,5.5834,781191,67093,0.2509
tencentBlock.ns22704.oracleGeneral.zst,1713759,283637,0.0016,0.0003,0.1655,1.0,1.0,6.0421,781192,60330,0.2127
tencentBlock.ns22696.oracleGeneral.zst,48691052,665904,0.0453,0.0006,0.0137,1.0,1.0,73.1202,781195,289743,0.4351
tencentBlock.ns22672.oracleGeneral.zst,1229267,210308,0.0011,0.0002,0.1711,1.0,1.0,5.8451,781195,50683,0.241
tencentBlock.ns2266.oracleGeneral.zst,2586673,336666,0.0024,0.0003,0.1302,1.0,1.0,7.6832,781198,63288,0.188
tencentBlock.ns22657.oracleGeneral.zst,1284956,181618,0.0012,0.0002,0.1413,1.0,1.0,7.075,404530,31899,0.1756
tencentBlock.ns2265.oracleGeneral.zst,1659874,146115,0.0015,0.0001,0.088,1.0,1.0,11.3601,781199,44113,0.3019
tencentBlock.ns22649.oracleGeneral.zst,1347222,339109,0.0013,0.0003,0.2517,1.0,1.0,3.9728,781195,141649,0.4177
tencentBlock.ns22632.oracleGeneral.zst,2177775,133489,0.002,0.0001,0.0613,1.0,1.0,16.3143,781195,41918,0.314
tencentBlock.ns2263.oracleGeneral.zst,3206759,399778,0.003,0.0004,0.1247,1.0,1.0,8.0213,781198,48219,0.1206
tencentBlock.ns22601.oracleGeneral.zst,1705610,353490,0.0016,0.0003,0.2073,1.0,1.0,4.8251,781196,156030,0.4414
tencentBlock.ns22596.oracleGeneral.zst,1550892,177770,0.0014,0.0002,0.1146,1.0,1.0,8.7241,781196,35015,0.197
tencentBlock.ns22587.oracleGeneral.zst,6861872,966292,0.0064,0.0009,0.1408,1.0,1.0,7.1012,781194,464067,0.4803
tencentBlock.ns22583.oracleGeneral.zst,1011279,170930,0.0009,0.0002,0.169,1.0,1.0,5.9163,781195,41553,0.2431
tencentBlock.ns22578.oracleGeneral.zst,1094478,199790,0.001,0.0002,0.1825,1.0,1.0,5.4781,781192,114702,0.5741
tencentBlock.ns22570.oracleGeneral.zst,1191116,184550,0.0011,0.0002,0.1549,1.0,1.0,6.4542,781196,38459,0.2084
tencentBlock.ns2257.oracleGeneral.zst,3297972,310069,0.0031,0.0003,0.094,1.0,1.0,10.6363,781198,93847,0.3027
tencentBlock.ns22559.oracleGeneral.zst,3261491,308942,0.003,0.0003,0.0947,1.0,1.0,10.557,781195,82684,0.2676
tencentBlock.ns22555.oracleGeneral.zst,3172939,309868,0.003,0.0003,0.0977,1.0,1.0,10.2396,781192,73021,0.2357
tencentBlock.ns22547.oracleGeneral.zst,1423083,149196,0.0013,0.0001,0.1048,1.0,1.0,9.5383,781196,19181,0.1286
tencentBlock.ns22545.oracleGeneral.zst,3295031,392798,0.0031,0.0004,0.1192,1.0,1.0,8.3886,781196,86124,0.2193
tencentBlock.ns22534.oracleGeneral.zst,1399151,197537,0.0013,0.0002,0.1412,1.0,1.0,7.083,781195,35051,0.1774
tencentBlock.ns22533.oracleGeneral.zst,2204949,323767,0.0021,0.0003,0.1468,1.0,1.0,6.8103,781196,52209,0.1613
tencentBlock.ns22521.oracleGeneral.zst,5818027,502374,0.0054,0.0005,0.0863,1.0,1.0,11.5811,781196,118924,0.2367
tencentBlock.ns2252.oracleGeneral.zst,6346130,481271,0.0059,0.0004,0.0758,1.0,1.0,13.1862,781200,87674,0.1822
tencentBlock.ns22516.oracleGeneral.zst,1659354,354000,0.0015,0.0003,0.2133,1.0,1.0,4.6874,781196,89833,0.2538
tencentBlock.ns22495.oracleGeneral.zst,2133469,157982,0.002,0.0001,0.074,1.0,1.0,13.5045,781195,23954,0.1516
tencentBlock.ns22488.oracleGeneral.zst,1629287,148090,0.0015,0.0001,0.0909,1.0,1.0,11.002,781191,1882,0.0127
tencentBlock.ns22486.oracleGeneral.zst,2915667,321459,0.0027,0.0003,0.1103,1.0,1.0,9.0701,781196,121337,0.3775
tencentBlock.ns22481.oracleGeneral.zst,4287976,557152,0.004,0.0005,0.1299,1.0,1.0,7.6962,781193,175305,0.3146
tencentBlock.ns22475.oracleGeneral.zst,1430108,234899,0.0013,0.0002,0.1643,1.0,1.0,6.0882,781196,49565,0.211
tencentBlock.ns22468.oracleGeneral.zst,1469144,131676,0.0014,0.0001,0.0896,1.0,1.0,11.1573,781192,687,0.0052
tencentBlock.ns2245.oracleGeneral.zst,2795628,164175,0.0026,0.0002,0.0587,1.0,1.0,17.0283,781197,28993,0.1766
tencentBlock.ns22437.oracleGeneral.zst,1611766,155408,0.0015,0.0001,0.0964,1.0,1.0,10.3712,781194,1527,0.0098
tencentBlock.ns22436.oracleGeneral.zst,1558101,136404,0.0015,0.0001,0.0875,1.0,1.0,11.4227,781196,1138,0.0083
tencentBlock.ns22428.oracleGeneral.zst,9177618,761307,0.0085,0.0007,0.083,1.0,1.0,12.0551,781196,184219,0.242
tencentBlock.ns22419.oracleGeneral.zst,2751529,259722,0.0026,0.0002,0.0944,1.0,1.0,10.5941,781196,81205,0.3127
tencentBlock.ns22404.oracleGeneral.zst,3496681,962965,0.0033,0.0009,0.2754,1.0,1.0,3.6312,781196,475420,0.4937
tencentBlock.ns22392.oracleGeneral.zst,3183075,350758,0.003,0.0003,0.1102,1.0,1.0,9.0748,781194,81559,0.2325
tencentBlock.ns22388.oracleGeneral.zst,2630315,243045,0.0024,0.0002,0.0924,1.0,1.0,10.8223,781196,35090,0.1444
tencentBlock.ns22382.oracleGeneral.zst,2755180,337417,0.0026,0.0003,0.1225,1.0,1.0,8.1655,781195,113497,0.3364
tencentBlock.ns22373.oracleGeneral.zst,2083908,130721,0.0019,0.0001,0.0627,1.0,1.0,15.9416,781196,37609,0.2877
tencentBlock.ns22364.oracleGeneral.zst,3369590,358968,0.0031,0.0003,0.1065,1.0,1.0,9.3869,781192,70467,0.1963
tencentBlock.ns2235.oracleGeneral.zst,4790665,510297,0.0045,0.0005,0.1065,1.0,1.0,9.388,781195,180937,0.3546
tencentBlock.ns22331.oracleGeneral.zst,1732853,220972,0.0016,0.0002,0.1275,1.0,1.0,7.842,781195,80044,0.3622
tencentBlock.ns22327.oracleGeneral.zst,1591148,194255,0.0015,0.0002,0.1221,1.0,1.0,8.191,781194,47586,0.245
tencentBlock.ns22319.oracleGeneral.zst,4499457,340226,0.0042,0.0003,0.0756,1.0,1.0,13.2249,781196,253248,0.7444
tencentBlock.ns22313.oracleGeneral.zst,3354624,234876,0.0031,0.0002,0.07,1.0,1.0,14.2825,781194,55135,0.2347
tencentBlock.ns22306.oracleGeneral.zst,1352595,219384,0.0013,0.0002,0.1622,1.0,1.0,6.1654,781196,47454,0.2163
tencentBlock.ns22303.oracleGeneral.zst,1719979,269890,0.0016,0.0003,0.1569,1.0,1.0,6.3729,781194,77092,0.2856
tencentBlock.ns2230.oracleGeneral.zst,29603965,5352816,0.0276,0.005,0.1808,1.0,1.0,5.5305,781199,2272330,0.4245
tencentBlock.ns22296.oracleGeneral.zst,2247924,235583,0.0021,0.0002,0.1048,1.0,1.0,9.542,781195,45398,0.1927
tencentBlock.ns22284.oracleGeneral.zst,9787884,256598,0.0091,0.0002,0.0262,1.0,1.0,38.1448,781196,88953,0.3467
tencentBlock.ns22280.oracleGeneral.zst,1344578,111943,0.0013,0.0001,0.0833,1.0,1.0,12.0113,781195,14760,0.1319
tencentBlock.ns2228.oracleGeneral.zst,11648530,952040,0.0108,0.0009,0.0817,1.0,1.0,12.2353,781200,376445,0.3954
tencentBlock.ns22275.oracleGeneral.zst,4354994,440380,0.0041,0.0004,0.1011,1.0,1.0,9.8892,781195,116889,0.2654
tencentBlock.ns22271.oracleGeneral.zst,2649290,108849,0.0025,0.0001,0.0411,1.0,1.0,24.3391,781196,25543,0.2347
tencentBlock.ns22262.oracleGeneral.zst,1217381,114049,0.0011,0.0001,0.0937,1.0,1.0,10.6742,781196,31680,0.2778
tencentBlock.ns22249.oracleGeneral.zst,1397043,147889,0.0013,0.0001,0.1059,1.0,1.0,9.4466,781192,6988,0.0473
tencentBlock.ns22242.oracleGeneral.zst,1950417,271031,0.0018,0.0003,0.139,1.0,1.0,7.1963,781194,50914,0.1879
tencentBlock.ns2224.oracleGeneral.zst,3973292,241899,0.0037,0.0002,0.0609,1.0,1.0,16.4254,781197,90354,0.3735
tencentBlock.ns22228.oracleGeneral.zst,4243648,520603,0.004,0.0005,0.1227,1.0,1.0,8.1514,781196,123817,0.2378
tencentBlock.ns22222.oracleGeneral.zst,1372864,146261,0.0013,0.0001,0.1065,1.0,1.0,9.3864,781195,3179,0.0217
tencentBlock.ns22218.oracleGeneral.zst,1601774,193100,0.0015,0.0002,0.1206,1.0,1.0,8.295,781195,5724,0.0296
tencentBlock.ns22213.oracleGeneral.zst,2557775,226324,0.0024,0.0002,0.0885,1.0,1.0,11.3014,658345,60418,0.267
tencentBlock.ns22209.oracleGeneral.zst,3006992,300370,0.0028,0.0003,0.0999,1.0,1.0,10.011,781191,61023,0.2032
tencentBlock.ns22201.oracleGeneral.zst,7504281,835417,0.007,0.0008,0.1113,1.0,1.0,8.9827,781196,213705,0.2558
tencentBlock.ns22194.oracleGeneral.zst,2008905,312392,0.0019,0.0003,0.1555,1.0,1.0,6.4307,781196,142379,0.4558
tencentBlock.ns2219.oracleGeneral.zst,56215893,2264059,0.0524,0.0021,0.0403,1.0,1.0,24.8297,781199,130772,0.0578
tencentBlock.ns22187.oracleGeneral.zst,1309102,198039,0.0012,0.0002,0.1513,1.0,1.0,6.6103,781193,43148,0.2179
tencentBlock.ns22183.oracleGeneral.zst,1058375,189497,0.001,0.0002,0.179,1.0,1.0,5.5852,781194,43940,0.2319
tencentBlock.ns22174.oracleGeneral.zst,4222290,529075,0.0039,0.0005,0.1253,1.0,1.0,7.9805,781194,157771,0.2982
tencentBlock.ns22173.oracleGeneral.zst,1923426,213894,0.0018,0.0002,0.1112,1.0,1.0,8.9924,781193,47540,0.2223
tencentBlock.ns22165.oracleGeneral.zst,5435342,560593,0.0051,0.0005,0.1031,1.0,1.0,9.6957,781196,123410,0.2201
tencentBlock.ns22164.oracleGeneral.zst,37097906,820403,0.0346,0.0008,0.0221,1.0,1.0,45.2191,781196,193760,0.2362
tencentBlock.ns2216.oracleGeneral.zst,49119671,1929392,0.0457,0.0018,0.0393,1.0,1.0,25.4586,781199,97896,0.0507
tencentBlock.ns22158.oracleGeneral.zst,3996763,368800,0.0037,0.0003,0.0923,1.0,1.0,10.8372,781194,106796,0.2896
tencentBlock.ns22157.oracleGeneral.zst,5444814,558247,0.0051,0.0005,0.1025,1.0,1.0,9.7534,781195,95298,0.1707
tencentBlock.ns22150.oracleGeneral.zst,1132305,141215,0.0011,0.0001,0.1247,1.0,1.0,8.0183,781195,4003,0.0283
tencentBlock.ns22139.oracleGeneral.zst,1872965,205537,0.0017,0.0002,0.1097,1.0,1.0,9.1125,781195,34178,0.1663
tencentBlock.ns22137.oracleGeneral.zst,1086471,185577,0.001,0.0002,0.1708,1.0,1.0,5.8546,781195,44121,0.2378
tencentBlock.ns22128.oracleGeneral.zst,1062991,124682,0.001,0.0001,0.1173,1.0,1.0,8.5256,781194,3503,0.0281
tencentBlock.ns22120.oracleGeneral.zst,1665958,185510,0.0016,0.0002,0.1114,1.0,1.0,8.9804,781193,18634,0.1004
tencentBlock.ns2212.oracleGeneral.zst,33935177,5123003,0.0316,0.0048,0.151,1.0,1.0,6.6241,781199,3993023,0.7794
tencentBlock.ns22114.oracleGeneral.zst,1828914,180969,0.0017,0.0002,0.0989,1.0,1.0,10.1062,781187,48534,0.2682
tencentBlock.ns22106.oracleGeneral.zst,1139728,179442,0.0011,0.0002,0.1574,1.0,1.0,6.3515,781194,31578,0.176
tencentBlock.ns22095.oracleGeneral.zst,4785461,570454,0.0045,0.0005,0.1192,1.0,1.0,8.3889,781194,190853,0.3346
tencentBlock.ns22093.oracleGeneral.zst,3041385,283611,0.0028,0.0003,0.0933,1.0,1.0,10.7238,781195,98998,0.3491
tencentBlock.ns22092.oracleGeneral.zst,1484031,184037,0.0014,0.0002,0.124,1.0,1.0,8.0638,781194,45945,0.2497
tencentBlock.ns22088.oracleGeneral.zst,2777522,252909,0.0026,0.0002,0.0911,1.0,1.0,10.9823,781194,89328,0.3532
tencentBlock.ns22081.oracleGeneral.zst,2932679,481951,0.0027,0.0004,0.1643,1.0,1.0,6.085,781194,135725,0.2816
tencentBlock.ns22072.oracleGeneral.zst,2480467,316812,0.0023,0.0003,0.1277,1.0,1.0,7.8295,781168,80062,0.2527
tencentBlock.ns2207.oracleGeneral.zst,3376041,353618,0.0031,0.0003,0.1047,1.0,1.0,9.5471,781195,63984,0.1809
tencentBlock.ns22064.oracleGeneral.zst,1525085,222978,0.0014,0.0002,0.1462,1.0,1.0,6.8396,781193,50340,0.2258
tencentBlock.ns22063.oracleGeneral.zst,1893361,330403,0.0018,0.0003,0.1745,1.0,1.0,5.7305,781196,96632,0.2925
tencentBlock.ns22054.oracleGeneral.zst,7020947,926437,0.0065,0.0009,0.132,1.0,1.0,7.5784,781195,465307,0.5023
tencentBlock.ns22050.oracleGeneral.zst,1662266,205681,0.0015,0.0002,0.1237,1.0,1.0,8.0818,781196,34017,0.1654
tencentBlock.ns22041.oracleGeneral.zst,1807091,255047,0.0017,0.0002,0.1411,1.0,1.0,7.0853,781196,53115,0.2083
tencentBlock.ns22037.oracleGeneral.zst,2047918,219288,0.0019,0.0002,0.1071,1.0,1.0,9.3389,781195,40899,0.1865
tencentBlock.ns22035.oracleGeneral.zst,1919410,370896,0.0018,0.0003,0.1932,1.0,1.0,5.1751,781196,61868,0.1668
tencentBlock.ns22029.oracleGeneral.zst,1537781,152514,0.0014,0.0001,0.0992,1.0,1.0,10.0829,781194,5094,0.0334
tencentBlock.ns22024.oracleGeneral.zst,1431748,258825,0.0013,0.0002,0.1808,1.0,1.0,5.5317,781196,64843,0.2505
tencentBlock.ns22022.oracleGeneral.zst,1036926,343871,0.001,0.0003,0.3316,1.0,1.0,3.0155,781193,215929,0.6279
tencentBlock.ns22017.oracleGeneral.zst,3033623,359544,0.0028,0.0003,0.1185,1.0,1.0,8.4374,781193,73718,0.205
tencentBlock.ns22008.oracleGeneral.zst,1365602,142137,0.0013,0.0001,0.1041,1.0,1.0,9.6076,781196,6056,0.0426
tencentBlock.ns22004.oracleGeneral.zst,1175240,196090,0.0011,0.0002,0.1669,1.0,1.0,5.9934,781196,46645,0.2379
tencentBlock.ns21998.oracleGeneral.zst,2031402,357940,0.0019,0.0003,0.1762,1.0,1.0,5.6753,781194,74074,0.2069
tencentBlock.ns21993.oracleGeneral.zst,11037877,624344,0.0103,0.0006,0.0566,1.0,1.0,17.6792,781196,151703,0.243
tencentBlock.ns21981.oracleGeneral.zst,1534813,253800,0.0014,0.0002,0.1654,1.0,1.0,6.0473,781192,59486,0.2344
tencentBlock.ns21977.oracleGeneral.zst,4009325,478326,0.0037,0.0004,0.1193,1.0,1.0,8.382,781196,84482,0.1766
tencentBlock.ns21974.oracleGeneral.zst,2699848,807704,0.0025,0.0008,0.2992,1.0,1.0,3.3426,781194,511622,0.6334
tencentBlock.ns21970.oracleGeneral.zst,1399249,147307,0.0013,0.0001,0.1053,1.0,1.0,9.4989,781196,3365,0.0228
tencentBlock.ns2197.oracleGeneral.zst,3651254,557718,0.0034,0.0005,0.1527,1.0,1.0,6.5468,781199,72304,0.1296
tencentBlock.ns21964.oracleGeneral.zst,2539369,328995,0.0024,0.0003,0.1296,1.0,1.0,7.7186,781196,145351,0.4418
tencentBlock.ns2195.oracleGeneral.zst,11021127,633065,0.0103,0.0006,0.0574,1.0,1.0,17.4092,781199,189048,0.2986
tencentBlock.ns21949.oracleGeneral.zst,1375266,229029,0.0013,0.0002,0.1665,1.0,1.0,6.0048,781194,50745,0.2216
tencentBlock.ns21945.oracleGeneral.zst,5261917,577970,0.0049,0.0005,0.1098,1.0,1.0,9.1041,781196,146069,0.2527
tencentBlock.ns21942.oracleGeneral.zst,3829495,395849,0.0036,0.0004,0.1034,1.0,1.0,9.6741,781195,90383,0.2283
tencentBlock.ns21940.oracleGeneral.zst,1493884,179904,0.0014,0.0002,0.1204,1.0,1.0,8.3038,781196,23165,0.1288
tencentBlock.ns21938.oracleGeneral.zst,1542325,191281,0.0014,0.0002,0.124,1.0,1.0,8.0631,781196,34287,0.1792
tencentBlock.ns21931.oracleGeneral.zst,3575073,426289,0.0033,0.0004,0.1192,1.0,1.0,8.3865,781195,139801,0.3279
tencentBlock.ns21918.oracleGeneral.zst,1177530,134255,0.0011,0.0001,0.114,1.0,1.0,8.7708,781195,3989,0.0297
tencentBlock.ns21909.oracleGeneral.zst,2848900,193513,0.0027,0.0002,0.0679,1.0,1.0,14.722,781195,69096,0.3571
tencentBlock.ns21908.oracleGeneral.zst,16551305,223575,0.0154,0.0002,0.0135,1.0,1.0,74.0302,781194,32574,0.1457
tencentBlock.ns21905.oracleGeneral.zst,1557244,168819,0.0015,0.0002,0.1084,1.0,1.0,9.2243,781196,19379,0.1148
tencentBlock.ns21898.oracleGeneral.zst,1390313,163118,0.0013,0.0002,0.1173,1.0,1.0,8.5234,781191,22615,0.1386
tencentBlock.ns21896.oracleGeneral.zst,3820373,507703,0.0036,0.0005,0.1329,1.0,1.0,7.5248,781196,158959,0.3131
tencentBlock.ns21893.oracleGeneral.zst,1450138,161875,0.0014,0.0002,0.1116,1.0,1.0,8.9584,781192,19760,0.1221
tencentBlock.ns21886.oracleGeneral.zst,2480031,296621,0.0023,0.0003,0.1196,1.0,1.0,8.3609,781191,100753,0.3397
tencentBlock.ns21872.oracleGeneral.zst,7857879,617622,0.0073,0.0006,0.0786,1.0,1.0,12.7228,781193,86899,0.1407
tencentBlock.ns2186.oracleGeneral.zst,1666474,228712,0.0016,0.0002,0.1372,1.0,1.0,7.2863,781198,54321,0.2375
tencentBlock.ns21858.oracleGeneral.zst,1268530,251663,0.0012,0.0002,0.1984,1.0,1.0,5.0406,781193,93104,0.37
tencentBlock.ns21854.oracleGeneral.zst,1482291,252176,0.0014,0.0002,0.1701,1.0,1.0,5.878,781195,51485,0.2042
tencentBlock.ns21851.oracleGeneral.zst,3020053,273796,0.0028,0.0003,0.0907,1.0,1.0,11.0303,781196,89578,0.3272
tencentBlock.ns21843.oracleGeneral.zst,1406879,229377,0.0013,0.0002,0.163,1.0,1.0,6.1335,781195,60761,0.2649
tencentBlock.ns21837.oracleGeneral.zst,4303610,466745,0.004,0.0004,0.1085,1.0,1.0,9.2205,781196,116059,0.2487
tencentBlock.ns21817.oracleGeneral.zst,3754171,342312,0.0035,0.0003,0.0912,1.0,1.0,10.9671,781195,95253,0.2783
tencentBlock.ns21814.oracleGeneral.zst,1580841,270466,0.0015,0.0003,0.1711,1.0,1.0,5.8449,781193,80743,0.2985
tencentBlock.ns21812.oracleGeneral.zst,5804329,650988,0.0054,0.0006,0.1122,1.0,1.0,8.9162,781196,167090,0.2567
tencentBlock.ns21805.oracleGeneral.zst,9614566,1898066,0.009,0.0018,0.1974,1.0,1.0,5.0655,781194,999863,0.5268
tencentBlock.ns21798.oracleGeneral.zst,3096664,295722,0.0029,0.0003,0.0955,1.0,1.0,10.4715,781196,91157,0.3083
tencentBlock.ns21795.oracleGeneral.zst,5968738,1608933,0.0056,0.0015,0.2696,1.0,1.0,3.7097,781196,973817,0.6053
tencentBlock.ns21784.oracleGeneral.zst,1945201,209181,0.0018,0.0002,0.1075,1.0,1.0,9.2991,781196,38557,0.1843
tencentBlock.ns21778.oracleGeneral.zst,12481067,179888,0.0116,0.0002,0.0144,1.0,1.0,69.3824,781193,31852,0.1771
tencentBlock.ns21775.oracleGeneral.zst,1449656,246806,0.0014,0.0002,0.1703,1.0,1.0,5.8737,781195,47419,0.1921
tencentBlock.ns21770.oracleGeneral.zst,2466257,268034,0.0023,0.0002,0.1087,1.0,1.0,9.2013,781194,55422,0.2068
tencentBlock.ns2177.oracleGeneral.zst,18463243,223488,0.0172,0.0002,0.0121,1.0,1.0,82.614,781199,40259,0.1801
tencentBlock.ns21766.oracleGeneral.zst,1363213,145340,0.0013,0.0001,0.1066,1.0,1.0,9.3795,781196,7268,0.05
tencentBlock.ns21759.oracleGeneral.zst,1694653,195560,0.0016,0.0002,0.1154,1.0,1.0,8.6656,781196,6693,0.0342
tencentBlock.ns2174.oracleGeneral.zst,1339972,167805,0.0012,0.0002,0.1252,1.0,1.0,7.9853,781197,25565,0.1523
tencentBlock.ns21733.oracleGeneral.zst,2391638,266411,0.0022,0.0002,0.1114,1.0,1.0,8.9772,781192,108605,0.4077
tencentBlock.ns21724.oracleGeneral.zst,2305774,253593,0.0021,0.0002,0.11,1.0,1.0,9.0924,781197,84553,0.3334
tencentBlock.ns21716.oracleGeneral.zst,3625466,133478,0.0034,0.0001,0.0368,1.0,1.0,27.1615,781197,15922,0.1193
tencentBlock.ns21711.oracleGeneral.zst,1627478,120951,0.0015,0.0001,0.0743,1.0,1.0,13.4557,781197,38868,0.3214
tencentBlock.ns21698.oracleGeneral.zst,4949349,106322,0.0046,0.0001,0.0215,1.0,1.0,46.5506,781197,29051,0.2732
tencentBlock.ns21691.oracleGeneral.zst,2325563,233769,0.0022,0.0002,0.1005,1.0,1.0,9.9481,781196,64125,0.2743
tencentBlock.ns21686.oracleGeneral.zst,1965825,177802,0.0018,0.0002,0.0904,1.0,1.0,11.0563,781196,6579,0.037
tencentBlock.ns21677.oracleGeneral.zst,4891344,514773,0.0046,0.0005,0.1052,1.0,1.0,9.5019,781197,101305,0.1968
tencentBlock.ns21670.oracleGeneral.zst,3904770,455226,0.0036,0.0004,0.1166,1.0,1.0,8.5777,781197,97066,0.2132
tencentBlock.ns21661.oracleGeneral.zst,4061504,108145,0.0038,0.0001,0.0266,1.0,1.0,37.5561,781197,9126,0.0844
tencentBlock.ns21658.oracleGeneral.zst,1711836,180081,0.0016,0.0002,0.1052,1.0,1.0,9.5059,781195,4671,0.0259
tencentBlock.ns21653.oracleGeneral.zst,1698929,244307,0.0016,0.0002,0.1438,1.0,1.0,6.9541,781195,91128,0.373
tencentBlock.ns2165.oracleGeneral.zst,2616928,592064,0.0024,0.0006,0.2262,1.0,1.0,4.42,781200,350909,0.5927
tencentBlock.ns21647.oracleGeneral.zst,2023225,282779,0.0019,0.0003,0.1398,1.0,1.0,7.1548,781194,93227,0.3297
tencentBlock.ns21640.oracleGeneral.zst,1679619,175962,0.0016,0.0002,0.1048,1.0,1.0,9.5454,781195,2456,0.014
tencentBlock.ns21633.oracleGeneral.zst,1869313,301588,0.0017,0.0003,0.1613,1.0,1.0,6.1982,781194,83236,0.276
tencentBlock.ns21630.oracleGeneral.zst,1265086,262341,0.0012,0.0002,0.2074,1.0,1.0,4.8223,781194,90489,0.3449
tencentBlock.ns21624.oracleGeneral.zst,1558507,288861,0.0015,0.0003,0.1853,1.0,1.0,5.3954,781197,81530,0.2822
tencentBlock.ns21607.oracleGeneral.zst,1399937,363568,0.0013,0.0003,0.2597,1.0,1.0,3.8506,781195,206442,0.5678
tencentBlock.ns21597.oracleGeneral.zst,2796533,353140,0.0026,0.0003,0.1263,1.0,1.0,7.919,781195,97882,0.2772
tencentBlock.ns21592.oracleGeneral.zst,1680791,196596,0.0016,0.0002,0.117,1.0,1.0,8.5495,781196,35393,0.18
tencentBlock.ns21590.oracleGeneral.zst,7883232,872468,0.0073,0.0008,0.1107,1.0,1.0,9.0356,781195,187395,0.2148
tencentBlock.ns21580.oracleGeneral.zst,1217103,199203,0.0011,0.0002,0.1637,1.0,1.0,6.1099,781193,46915,0.2355
tencentBlock.ns21572.oracleGeneral.zst,4298376,390582,0.004,0.0004,0.0909,1.0,1.0,11.0051,781195,48710,0.1247
tencentBlock.ns2157.oracleGeneral.zst,6208518,131520,0.0058,0.0001,0.0212,1.0,1.0,47.2059,781200,40655,0.3091
tencentBlock.ns21564.oracleGeneral.zst,59644046,2238854,0.0555,0.0021,0.0375,1.0,1.0,26.6404,781197,142361,0.0636
tencentBlock.ns21558.oracleGeneral.zst,1494326,115522,0.0014,0.0001,0.0773,1.0,1.0,12.9354,781196,24844,0.2151
tencentBlock.ns21551.oracleGeneral.zst,3639456,430846,0.0034,0.0004,0.1184,1.0,1.0,8.4472,781193,85430,0.1983
tencentBlock.ns21544.oracleGeneral.zst,3939515,330950,0.0037,0.0003,0.084,1.0,1.0,11.9037,781196,95028,0.2871
tencentBlock.ns21541.oracleGeneral.zst,3276191,214459,0.0031,0.0002,0.0655,1.0,1.0,15.2765,781194,84634,0.3946
tencentBlock.ns2154.oracleGeneral.zst,11143525,781108,0.0104,0.0007,0.0701,1.0,1.0,14.2663,781200,220364,0.2821
tencentBlock.ns21533.oracleGeneral.zst,2108059,250273,0.002,0.0002,0.1187,1.0,1.0,8.423,781195,83611,0.3341
tencentBlock.ns21532.oracleGeneral.zst,3073648,235030,0.0029,0.0002,0.0765,1.0,1.0,13.0777,781197,29680,0.1263
tencentBlock.ns21525.oracleGeneral.zst,2065785,363121,0.0019,0.0003,0.1758,1.0,1.0,5.689,781194,229375,0.6317
tencentBlock.ns21523.oracleGeneral.zst,1402583,142649,0.0013,0.0001,0.1017,1.0,1.0,9.8324,781196,10470,0.0734
tencentBlock.ns21516.oracleGeneral.zst,1845252,278221,0.0017,0.0003,0.1508,1.0,1.0,6.6323,781196,70431,0.2531
tencentBlock.ns21507.oracleGeneral.zst,1572251,164935,0.0015,0.0002,0.1049,1.0,1.0,9.5325,781193,16426,0.0996
tencentBlock.ns21505.oracleGeneral.zst,4652968,582326,0.0043,0.0005,0.1252,1.0,1.0,7.9903,781196,193683,0.3326
tencentBlock.ns21504.oracleGeneral.zst,4400145,502257,0.0041,0.0005,0.1141,1.0,1.0,8.7607,781197,99559,0.1982
tencentBlock.ns21494.oracleGeneral.zst,3187099,352566,0.003,0.0003,0.1106,1.0,1.0,9.0397,781193,207960,0.5898
tencentBlock.ns21488.oracleGeneral.zst,2856895,372792,0.0027,0.0003,0.1305,1.0,1.0,7.6635,781197,40260,0.108
tencentBlock.ns21469.oracleGeneral.zst,2221603,282730,0.0021,0.0003,0.1273,1.0,1.0,7.8577,781197,103905,0.3675
tencentBlock.ns21462.oracleGeneral.zst,1424166,211697,0.0013,0.0002,0.1486,1.0,1.0,6.7274,781196,47918,0.2264
tencentBlock.ns21459.oracleGeneral.zst,2106712,879860,0.002,0.0008,0.4176,1.0,1.0,2.3944,781192,688298,0.7823
tencentBlock.ns21452.oracleGeneral.zst,4056050,480045,0.0038,0.0004,0.1184,1.0,1.0,8.4493,781195,152739,0.3182
tencentBlock.ns2145.oracleGeneral.zst,5368412,1084134,0.005,0.001,0.2019,1.0,1.0,4.9518,781200,427111,0.394
tencentBlock.ns21445.oracleGeneral.zst,4580258,302724,0.0043,0.0003,0.0661,1.0,1.0,15.1301,781197,80593,0.2662
tencentBlock.ns21442.oracleGeneral.zst,6617055,289879,0.0062,0.0003,0.0438,1.0,1.0,22.827,781196,55682,0.1921
tencentBlock.ns21436.oracleGeneral.zst,1112579,174155,0.001,0.0002,0.1565,1.0,1.0,6.3884,781196,34456,0.1978
tencentBlock.ns21427.oracleGeneral.zst,1033023,173105,0.001,0.0002,0.1676,1.0,1.0,5.9676,781190,43943,0.2539
tencentBlock.ns21422.oracleGeneral.zst,1354097,614182,0.0013,0.0006,0.4536,1.0,1.0,2.2047,781192,397133,0.6466
tencentBlock.ns21421.oracleGeneral.zst,7085921,299937,0.0066,0.0003,0.0423,1.0,1.0,23.6247,781197,131232,0.4375
tencentBlock.ns21415.oracleGeneral.zst,4513508,547337,0.0042,0.0005,0.1213,1.0,1.0,8.2463,781195,120481,0.2201
tencentBlock.ns21413.oracleGeneral.zst,1302251,140958,0.0012,0.0001,0.1082,1.0,1.0,9.2386,781195,4683,0.0332
tencentBlock.ns21411.oracleGeneral.zst,2876683,237551,0.0027,0.0002,0.0826,1.0,1.0,12.1097,781196,36131,0.1521
tencentBlock.ns21407.oracleGeneral.zst,2019320,205684,0.0019,0.0002,0.1019,1.0,1.0,9.8176,781195,30215,0.1469
tencentBlock.ns21399.oracleGeneral.zst,5254297,105595,0.0049,0.0001,0.0201,1.0,1.0,49.759,781197,26291,0.249
tencentBlock.ns21390.oracleGeneral.zst,3282999,1082569,0.0031,0.001,0.3298,1.0,1.0,3.0326,781196,394985,0.3649
tencentBlock.ns21387.oracleGeneral.zst,2239472,195504,0.0021,0.0002,0.0873,1.0,1.0,11.4549,781197,36079,0.1845
tencentBlock.ns21380.oracleGeneral.zst,1126362,187432,0.001,0.0002,0.1664,1.0,1.0,6.0094,781196,42583,0.2272
tencentBlock.ns21371.oracleGeneral.zst,3034499,225675,0.0028,0.0002,0.0744,1.0,1.0,13.4463,781197,77358,0.3428
tencentBlock.ns21369.oracleGeneral.zst,3162671,2799636,0.0029,0.0026,0.8852,1.0,1.0,1.1297,781174,2704921,0.9662
tencentBlock.ns21352.oracleGeneral.zst,2294196,265534,0.0021,0.0002,0.1157,1.0,1.0,8.6399,781195,100920,0.3801
tencentBlock.ns21349.oracleGeneral.zst,1240368,209416,0.0012,0.0002,0.1688,1.0,1.0,5.923,781195,43415,0.2073
tencentBlock.ns21346.oracleGeneral.zst,56456554,2264047,0.0526,0.0021,0.0401,1.0,1.0,24.9361,781197,160980,0.0711
tencentBlock.ns21341.oracleGeneral.zst,1056394,130568,0.001,0.0001,0.1236,1.0,1.0,8.0908,781191,2823,0.0216
tencentBlock.ns21333.oracleGeneral.zst,1186203,144354,0.0011,0.0001,0.1217,1.0,1.0,8.2173,781196,3823,0.0265
tencentBlock.ns21332.oracleGeneral.zst,3189938,436028,0.003,0.0004,0.1367,1.0,1.0,7.3159,781196,85725,0.1966
tencentBlock.ns21331.oracleGeneral.zst,1158854,183921,0.0011,0.0002,0.1587,1.0,1.0,6.3008,781196,62745,0.3412
tencentBlock.ns21322.oracleGeneral.zst,2953769,383167,0.0028,0.0004,0.1297,1.0,1.0,7.7088,781197,122268,0.3191
tencentBlock.ns21315.oracleGeneral.zst,2546895,494314,0.0024,0.0005,0.1941,1.0,1.0,5.1524,781195,102500,0.2074
tencentBlock.ns21311.oracleGeneral.zst,3127155,295429,0.0029,0.0003,0.0945,1.0,1.0,10.5851,781195,88395,0.2992
tencentBlock.ns21306.oracleGeneral.zst,1352240,227685,0.0013,0.0002,0.1684,1.0,1.0,5.9391,781197,44095,0.1937
tencentBlock.ns21298.oracleGeneral.zst,1586158,150524,0.0015,0.0001,0.0949,1.0,1.0,10.5376,781197,4973,0.033
tencentBlock.ns21277.oracleGeneral.zst,3519139,413687,0.0033,0.0004,0.1176,1.0,1.0,8.5068,781195,94118,0.2275
tencentBlock.ns21276.oracleGeneral.zst,9620076,764480,0.009,0.0007,0.0795,1.0,1.0,12.5838,781197,186396,0.2438
tencentBlock.ns2127.oracleGeneral.zst,21783253,1532599,0.0203,0.0014,0.0704,1.0,1.0,14.2133,781199,361765,0.236
tencentBlock.ns21269.oracleGeneral.zst,1821404,162479,0.0017,0.0002,0.0892,1.0,1.0,11.2101,781196,40121,0.2469
tencentBlock.ns21263.oracleGeneral.zst,3797383,489922,0.0035,0.0005,0.129,1.0,1.0,7.751,781196,159058,0.3247
tencentBlock.ns21256.oracleGeneral.zst,3969616,166708,0.0037,0.0002,0.042,1.0,1.0,23.8118,781197,31154,0.1869
tencentBlock.ns21247.oracleGeneral.zst,2730070,390874,0.0025,0.0004,0.1432,1.0,1.0,6.9845,781196,112516,0.2879
tencentBlock.ns21242.oracleGeneral.zst,2457865,246223,0.0023,0.0002,0.1002,1.0,1.0,9.9823,781193,81610,0.3314
tencentBlock.ns2124.oracleGeneral.zst,5048163,474857,0.0047,0.0004,0.0941,1.0,1.0,10.6309,781199,141860,0.2987
tencentBlock.ns21235.oracleGeneral.zst,3807512,148784,0.0035,0.0001,0.0391,1.0,1.0,25.5909,781194,10690,0.0718
tencentBlock.ns21224.oracleGeneral.zst,3444991,405831,0.0032,0.0004,0.1178,1.0,1.0,8.4887,781196,138309,0.3408
tencentBlock.ns21217.oracleGeneral.zst,3109098,137196,0.0029,0.0001,0.0441,1.0,1.0,22.6617,781194,6225,0.0454
tencentBlock.ns21209.oracleGeneral.zst,3336402,319580,0.0031,0.0003,0.0958,1.0,1.0,10.44,781196,40046,0.1253
tencentBlock.ns21198.oracleGeneral.zst,2574297,197984,0.0024,0.0002,0.0769,1.0,1.0,13.0026,781196,96381,0.4868
tencentBlock.ns21191.oracleGeneral.zst,3050522,235342,0.0028,0.0002,0.0771,1.0,1.0,12.9621,781197,126169,0.5361
tencentBlock.ns21183.oracleGeneral.zst,2053797,218333,0.0019,0.0002,0.1063,1.0,1.0,9.4067,781197,38260,0.1752
tencentBlock.ns21176.oracleGeneral.zst,2092122,756796,0.0019,0.0007,0.3617,1.0,1.0,2.7644,781190,580160,0.7666
tencentBlock.ns21168.oracleGeneral.zst,2864068,213365,0.0027,0.0002,0.0745,1.0,1.0,13.4233,642490,73644,0.3452
tencentBlock.ns21164.oracleGeneral.zst,1310262,267040,0.0012,0.0002,0.2038,1.0,1.0,4.9066,781197,103386,0.3872
tencentBlock.ns21153.oracleGeneral.zst,3665716,444676,0.0034,0.0004,0.1213,1.0,1.0,8.2436,781195,113289,0.2548
tencentBlock.ns21152.oracleGeneral.zst,1482261,162534,0.0014,0.0002,0.1097,1.0,1.0,9.1197,781196,24484,0.1506
tencentBlock.ns2115.oracleGeneral.zst,32077502,310598,0.0299,0.0003,0.0097,1.0,1.0,103.2766,781200,88301,0.2843
tencentBlock.ns21145.oracleGeneral.zst,2409436,174177,0.0022,0.0002,0.0723,1.0,1.0,13.8333,781197,89881,0.516
tencentBlock.ns21126.oracleGeneral.zst,1591491,276793,0.0015,0.0003,0.1739,1.0,1.0,5.7498,781197,59323,0.2143
tencentBlock.ns21124.oracleGeneral.zst,1300052,187363,0.0012,0.0002,0.1441,1.0,1.0,6.9387,781195,27885,0.1488
tencentBlock.ns21121.oracleGeneral.zst,1604086,222073,0.0015,0.0002,0.1384,1.0,1.0,7.2232,781193,41291,0.1859
tencentBlock.ns21108.oracleGeneral.zst,2755638,355189,0.0026,0.0003,0.1289,1.0,1.0,7.7582,781196,109256,0.3076
tencentBlock.ns21096.oracleGeneral.zst,8585481,789602,0.008,0.0007,0.092,1.0,1.0,10.8732,781197,134410,0.1702
tencentBlock.ns21091.oracleGeneral.zst,1586755,316352,0.0015,0.0003,0.1994,1.0,1.0,5.0158,781196,115424,0.3649
tencentBlock.ns2109.oracleGeneral.zst,56844956,2250010,0.0529,0.0021,0.0396,1.0,1.0,25.2643,781200,123203,0.0548
tencentBlock.ns21084.oracleGeneral.zst,2901249,419052,0.0027,0.0004,0.1444,1.0,1.0,6.9234,781196,141391,0.3374
tencentBlock.ns21083.oracleGeneral.zst,2415291,252354,0.0022,0.0002,0.1045,1.0,1.0,9.571,781197,76097,0.3015
tencentBlock.ns21078.oracleGeneral.zst,4326535,476546,0.004,0.0004,0.1101,1.0,1.0,9.0789,781197,106957,0.2244
tencentBlock.ns21062.oracleGeneral.zst,4239272,516568,0.0039,0.0005,0.1219,1.0,1.0,8.2066,781194,162461,0.3145
tencentBlock.ns21054.oracleGeneral.zst,56928890,2299661,0.053,0.0021,0.0404,1.0,1.0,24.7553,781197,164111,0.0714
tencentBlock.ns21040.oracleGeneral.zst,2685854,829017,0.0025,0.0008,0.3087,1.0,1.0,3.2398,781197,522032,0.6297
tencentBlock.ns21031.oracleGeneral.zst,8890669,1818136,0.0083,0.0017,0.2045,1.0,1.0,4.89,781197,565024,0.3108
tencentBlock.ns21025.oracleGeneral.zst,37962624,519161,0.0354,0.0005,0.0137,1.0,1.0,73.123,781197,194138,0.3739
tencentBlock.ns21012.oracleGeneral.zst,1962886,111043,0.0018,0.0001,0.0566,1.0,1.0,17.6768,781194,50115,0.4513
tencentBlock.ns21007.oracleGeneral.zst,1283884,267101,0.0012,0.0002,0.208,1.0,1.0,4.8067,781196,91435,0.3423
tencentBlock.ns2100.oracleGeneral.zst,2496042,132053,0.0023,0.0001,0.0529,1.0,1.0,18.9018,672742,51136,0.3872
tencentBlock.ns20980.oracleGeneral.zst,2542724,425976,0.0024,0.0004,0.1675,1.0,1.0,5.9692,384746,161990,0.3803
tencentBlock.ns20979.oracleGeneral.zst,25317691,2040618,0.0236,0.0019,0.0806,1.0,1.0,12.4069,781197,144658,0.0709
tencentBlock.ns20976.oracleGeneral.zst,4944080,795784,0.0046,0.0007,0.161,1.0,1.0,6.2128,781197,331512,0.4166
tencentBlock.ns20974.oracleGeneral.zst,4172005,546367,0.0039,0.0005,0.131,1.0,1.0,7.6359,781195,188555,0.3451
tencentBlock.ns20972.oracleGeneral.zst,2138413,166754,0.002,0.0002,0.078,1.0,1.0,12.8238,781194,7646,0.0459
tencentBlock.ns20969.oracleGeneral.zst,3374050,296547,0.0031,0.0003,0.0879,1.0,1.0,11.3778,781193,93816,0.3164
tencentBlock.ns20957.oracleGeneral.zst,1849940,228460,0.0017,0.0002,0.1235,1.0,1.0,8.0974,781194,86244,0.3775
tencentBlock.ns20951.oracleGeneral.zst,2009568,134384,0.0019,0.0001,0.0669,1.0,1.0,14.9539,781196,38297,0.285
tencentBlock.ns20944.oracleGeneral.zst,19028117,364691,0.0177,0.0003,0.0192,1.0,1.0,52.176,781195,46694,0.128
tencentBlock.ns20941.oracleGeneral.zst,2785390,721755,0.0026,0.0007,0.2591,1.0,1.0,3.8592,781197,599718,0.8309
tencentBlock.ns20932.oracleGeneral.zst,1059335,154101,0.001,0.0001,0.1455,1.0,1.0,6.8743,229935,45008,0.2921
tencentBlock.ns20930.oracleGeneral.zst,1821846,397384,0.0017,0.0004,0.2181,1.0,1.0,4.5846,781193,162133,0.408
tencentBlock.ns20923.oracleGeneral.zst,4389642,192408,0.0041,0.0002,0.0438,1.0,1.0,22.8142,781197,66383,0.345
tencentBlock.ns2092.oracleGeneral.zst,3396938,626412,0.0032,0.0006,0.1844,1.0,1.0,5.4228,781198,321300,0.5129
tencentBlock.ns20915.oracleGeneral.zst,1203665,173791,0.0011,0.0002,0.1444,1.0,1.0,6.9259,781197,34217,0.1969
tencentBlock.ns20912.oracleGeneral.zst,2271035,314919,0.0021,0.0003,0.1387,1.0,1.0,7.2115,781192,84496,0.2683
tencentBlock.ns20901.oracleGeneral.zst,2334554,329919,0.0022,0.0003,0.1413,1.0,1.0,7.0761,781196,128409,0.3892
tencentBlock.ns20893.oracleGeneral.zst,3689602,444637,0.0034,0.0004,0.1205,1.0,1.0,8.298,781197,141850,0.319
tencentBlock.ns20887.oracleGeneral.zst,1503659,116627,0.0014,0.0001,0.0776,1.0,1.0,12.8929,781178,13634,0.1169
tencentBlock.ns20879.oracleGeneral.zst,3647214,392439,0.0034,0.0004,0.1076,1.0,1.0,9.2937,781195,88215,0.2248
tencentBlock.ns20870.oracleGeneral.zst,2211756,118423,0.0021,0.0001,0.0535,1.0,1.0,18.6767,781191,39560,0.3341
tencentBlock.ns2087.oracleGeneral.zst,5434537,249747,0.0051,0.0002,0.046,1.0,1.0,21.7602,781200,144350,0.578
tencentBlock.ns20868.oracleGeneral.zst,4433913,577129,0.0041,0.0005,0.1302,1.0,1.0,7.6827,781197,193314,0.335
tencentBlock.ns20861.oracleGeneral.zst,4376817,516862,0.0041,0.0005,0.1181,1.0,1.0,8.4681,781197,137474,0.266
tencentBlock.ns20859.oracleGeneral.zst,18318102,464193,0.0171,0.0004,0.0253,1.0,1.0,39.4623,781195,203161,0.4377
tencentBlock.ns20856.oracleGeneral.zst,2289851,107622,0.0021,0.0001,0.047,1.0,1.0,21.2768,781196,24582,0.2284
tencentBlock.ns20847.oracleGeneral.zst,1372985,228422,0.0013,0.0002,0.1664,1.0,1.0,6.0107,781197,52852,0.2314
tencentBlock.ns20838.oracleGeneral.zst,1225671,192853,0.0011,0.0002,0.1573,1.0,1.0,6.3555,781191,44004,0.2282
tencentBlock.ns20823.oracleGeneral.zst,1895050,107514,0.0018,0.0001,0.0567,1.0,1.0,17.6261,781196,23286,0.2166
tencentBlock.ns20817.oracleGeneral.zst,4474573,483180,0.0042,0.0004,0.108,1.0,1.0,9.2607,781196,99698,0.2063
tencentBlock.ns20812.oracleGeneral.zst,2295902,443267,0.0021,0.0004,0.1931,1.0,1.0,5.1795,781194,196217,0.4427
tencentBlock.ns20808.oracleGeneral.zst,3617533,415008,0.0034,0.0004,0.1147,1.0,1.0,8.7168,781196,95023,0.229
tencentBlock.ns20800.oracleGeneral.zst,2077812,222353,0.0019,0.0002,0.107,1.0,1.0,9.3447,781196,86459,0.3888
tencentBlock.ns20791.oracleGeneral.zst,1330854,143043,0.0012,0.0001,0.1075,1.0,1.0,9.3039,781194,4408,0.0308
tencentBlock.ns2079.oracleGeneral.zst,85128825,10055022,0.0793,0.0094,0.1181,1.0,1.0,8.4663,781199,4978266,0.4951
tencentBlock.ns20783.oracleGeneral.zst,6199402,689172,0.0058,0.0006,0.1112,1.0,1.0,8.9954,781197,121732,0.1766
tencentBlock.ns20776.oracleGeneral.zst,2902163,308482,0.0027,0.0003,0.1063,1.0,1.0,9.4079,781197,73167,0.2372
tencentBlock.ns20760.oracleGeneral.zst,5066521,505249,0.0047,0.0005,0.0997,1.0,1.0,10.0278,781197,126950,0.2513
tencentBlock.ns20751.oracleGeneral.zst,1565530,429552,0.0015,0.0004,0.2744,1.0,1.0,3.6446,781197,274022,0.6379
tencentBlock.ns2075.oracleGeneral.zst,53308802,2188427,0.0496,0.002,0.0411,1.0,1.0,24.3594,781199,139566,0.0638
tencentBlock.ns20731.oracleGeneral.zst,3026593,301261,0.0028,0.0003,0.0995,1.0,1.0,10.0464,781193,96213,0.3194
tencentBlock.ns20726.oracleGeneral.zst,4815215,612694,0.0045,0.0006,0.1272,1.0,1.0,7.8591,781194,148286,0.242
tencentBlock.ns20717.oracleGeneral.zst,1385135,315783,0.0013,0.0003,0.228,1.0,1.0,4.3864,781194,192367,0.6092
tencentBlock.ns20711.oracleGeneral.zst,1585675,306074,0.0015,0.0003,0.193,1.0,1.0,5.1807,781197,79470,0.2596
tencentBlock.ns20710.oracleGeneral.zst,3442596,356421,0.0032,0.0003,0.1035,1.0,1.0,9.6588,781194,71011,0.1992
tencentBlock.ns20705.oracleGeneral.zst,1255433,232118,0.0012,0.0002,0.1849,1.0,1.0,5.4086,781194,61997,0.2671
tencentBlock.ns20704.oracleGeneral.zst,4049232,623229,0.0038,0.0006,0.1539,1.0,1.0,6.4972,781197,261388,0.4194
tencentBlock.ns20699.oracleGeneral.zst,26074680,3418923,0.0243,0.0032,0.1311,1.0,1.0,7.6266,781198,876278,0.2563
tencentBlock.ns20689.oracleGeneral.zst,2187938,344937,0.002,0.0003,0.1577,1.0,1.0,6.343,781195,141437,0.41
tencentBlock.ns20681.oracleGeneral.zst,1277918,255193,0.0012,0.0002,0.1997,1.0,1.0,5.0077,781194,90711,0.3555
tencentBlock.ns20675.oracleGeneral.zst,3234313,809832,0.003,0.0008,0.2504,1.0,1.0,3.9938,781197,426896,0.5271
tencentBlock.ns20671.oracleGeneral.zst,4149115,471970,0.0039,0.0004,0.1138,1.0,1.0,8.7911,781195,95287,0.2019
tencentBlock.ns20670.oracleGeneral.zst,3053634,490157,0.0028,0.0005,0.1605,1.0,1.0,6.2299,781196,113759,0.2321
tencentBlock.ns2067.oracleGeneral.zst,52039248,2782414,0.0485,0.0026,0.0535,1.0,1.0,18.7029,781200,285987,0.1028
tencentBlock.ns20666.oracleGeneral.zst,2460024,251566,0.0023,0.0002,0.1023,1.0,1.0,9.7788,781197,83077,0.3302
tencentBlock.ns20664.oracleGeneral.zst,2352047,328344,0.0022,0.0003,0.1396,1.0,1.0,7.1634,781193,47594,0.145
tencentBlock.ns2065.oracleGeneral.zst,2325767,155056,0.0022,0.0001,0.0667,1.0,1.0,14.9995,781199,78802,0.5082
tencentBlock.ns20647.oracleGeneral.zst,1866542,267327,0.0017,0.0002,0.1432,1.0,1.0,6.9822,781197,105243,0.3937
tencentBlock.ns2063.oracleGeneral.zst,16209852,818222,0.0151,0.0008,0.0505,1.0,1.0,19.8111,781198,387356,0.4734
tencentBlock.ns20628.oracleGeneral.zst,1429910,234647,0.0013,0.0002,0.1641,1.0,1.0,6.0939,781192,51341,0.2188
tencentBlock.ns20627.oracleGeneral.zst,18611633,3703791,0.0173,0.0034,0.199,1.0,1.0,5.025,781197,938894,0.2535
tencentBlock.ns20611.oracleGeneral.zst,1691517,213217,0.0016,0.0002,0.1261,1.0,1.0,7.9333,781197,53640,0.2516
tencentBlock.ns20605.oracleGeneral.zst,3188166,383540,0.003,0.0004,0.1203,1.0,1.0,8.3125,781197,130170,0.3394
tencentBlock.ns20600.oracleGeneral.zst,3752363,410153,0.0035,0.0004,0.1093,1.0,1.0,9.1487,781194,78006,0.1902
tencentBlock.ns2060.oracleGeneral.zst,1838751,554205,0.0017,0.0005,0.3014,1.0,1.0,3.3178,781197,223078,0.4025
tencentBlock.ns20575.oracleGeneral.zst,1259537,126745,0.0012,0.0001,0.1006,1.0,1.0,9.9376,781195,2097,0.0165
tencentBlock.ns20571.oracleGeneral.zst,3434728,366582,0.0032,0.0003,0.1067,1.0,1.0,9.3696,781195,125535,0.3424
tencentBlock.ns20568.oracleGeneral.zst,9457277,175766,0.0088,0.0002,0.0186,1.0,1.0,53.8061,781197,80107,0.4558
tencentBlock.ns20562.oracleGeneral.zst,1498452,242230,0.0014,0.0002,0.1617,1.0,1.0,6.1861,781194,59881,0.2472
tencentBlock.ns20558.oracleGeneral.zst,1177615,107679,0.0011,0.0001,0.0914,1.0,1.0,10.9363,781191,24352,0.2262
tencentBlock.ns20553.oracleGeneral.zst,4055499,593989,0.0038,0.0006,0.1465,1.0,1.0,6.8276,781197,160464,0.2701
tencentBlock.ns20552.oracleGeneral.zst,1355541,160743,0.0013,0.0001,0.1186,1.0,1.0,8.433,781196,34542,0.2149
tencentBlock.ns20550.oracleGeneral.zst,2110429,120991,0.002,0.0001,0.0573,1.0,1.0,17.4429,781195,1704,0.0141
tencentBlock.ns20547.oracleGeneral.zst,4157820,436471,0.0039,0.0004,0.105,1.0,1.0,9.526,781196,87476,0.2004
tencentBlock.ns20540.oracleGeneral.zst,4224748,544309,0.0039,0.0005,0.1288,1.0,1.0,7.7617,781192,160126,0.2942
tencentBlock.ns20539.oracleGeneral.zst,2936061,321425,0.0027,0.0003,0.1095,1.0,1.0,9.1345,781194,79823,0.2483
tencentBlock.ns20532.oracleGeneral.zst,3343800,178085,0.0031,0.0002,0.0533,1.0,1.0,18.7764,781197,63364,0.3558
tencentBlock.ns20529.oracleGeneral.zst,1537242,138110,0.0014,0.0001,0.0898,1.0,1.0,11.1306,781195,40531,0.2935
tencentBlock.ns2052.oracleGeneral.zst,6827038,847779,0.0064,0.0008,0.1242,1.0,1.0,8.0529,781196,220335,0.2599
tencentBlock.ns20519.oracleGeneral.zst,3001209,818635,0.0028,0.0008,0.2728,1.0,1.0,3.6661,781193,450006,0.5497
tencentBlock.ns20515.oracleGeneral.zst,2401676,296684,0.0022,0.0003,0.1235,1.0,1.0,8.0951,781196,69970,0.2358
tencentBlock.ns20509.oracleGeneral.zst,2329036,283887,0.0022,0.0003,0.1219,1.0,1.0,8.2041,781194,63472,0.2236
tencentBlock.ns20505.oracleGeneral.zst,1252385,189790,0.0012,0.0002,0.1515,1.0,1.0,6.5988,781193,29306,0.1544
tencentBlock.ns20498.oracleGeneral.zst,1006598,112631,0.0009,0.0001,0.1119,1.0,1.0,8.9371,781197,12764,0.1133
tencentBlock.ns20496.oracleGeneral.zst,1978895,242525,0.0018,0.0002,0.1226,1.0,1.0,8.1596,781194,76003,0.3134
tencentBlock.ns20489.oracleGeneral.zst,2986371,305515,0.0028,0.0003,0.1023,1.0,1.0,9.7749,781192,56673,0.1855
tencentBlock.ns20481.oracleGeneral.zst,2113608,200538,0.002,0.0002,0.0949,1.0,1.0,10.5397,781196,41592,0.2074
tencentBlock.ns20465.oracleGeneral.zst,3170945,329421,0.003,0.0003,0.1039,1.0,1.0,9.6258,781195,85439,0.2594
tencentBlock.ns20464.oracleGeneral.zst,1123027,119255,0.001,0.0001,0.1062,1.0,1.0,9.417,781193,49091,0.4116
tencentBlock.ns20456.oracleGeneral.zst,4761820,814716,0.0044,0.0008,0.1711,1.0,1.0,5.8448,781197,378669,0.4648
tencentBlock.ns20451.oracleGeneral.zst,1120438,188311,0.001,0.0002,0.1681,1.0,1.0,5.9499,781190,49355,0.2621
tencentBlock.ns20443.oracleGeneral.zst,1431153,212876,0.0013,0.0002,0.1487,1.0,1.0,6.7229,781197,47118,0.2213
tencentBlock.ns2044.oracleGeneral.zst,3429143,328722,0.0032,0.0003,0.0959,1.0,1.0,10.4317,285241,206097,0.627
tencentBlock.ns20419.oracleGeneral.zst,6806397,668603,0.0063,0.0006,0.0982,1.0,1.0,10.18,781197,110868,0.1658
tencentBlock.ns20405.oracleGeneral.zst,1728359,249137,0.0016,0.0002,0.1441,1.0,1.0,6.9374,781196,89372,0.3587
tencentBlock.ns20400.oracleGeneral.zst,51274799,157081,0.0478,0.0001,0.0031,1.0,1.0,326.4227,781171,61525,0.3917
tencentBlock.ns20398.oracleGeneral.zst,37740774,341014,0.0351,0.0003,0.009,1.0,1.0,110.6722,781196,97203,0.285
tencentBlock.ns20396.oracleGeneral.zst,1284850,274155,0.0012,0.0003,0.2134,1.0,1.0,4.6866,781196,89822,0.3276
tencentBlock.ns20394.oracleGeneral.zst,1796143,306919,0.0017,0.0003,0.1709,1.0,1.0,5.8522,781196,91456,0.298
tencentBlock.ns20378.oracleGeneral.zst,2633928,203726,0.0025,0.0002,0.0773,1.0,1.0,12.9288,781197,37075,0.182
tencentBlock.ns20370.oracleGeneral.zst,1304368,203679,0.0012,0.0002,0.1562,1.0,1.0,6.404,781197,51211,0.2514
tencentBlock.ns20365.oracleGeneral.zst,5213913,583979,0.0049,0.0005,0.112,1.0,1.0,8.9283,781195,113218,0.1939
tencentBlock.ns20360.oracleGeneral.zst,1381638,679337,0.0013,0.0006,0.4917,1.0,1.0,2.0338,781195,578593,0.8517
tencentBlock.ns20351.oracleGeneral.zst,1033765,129763,0.001,0.0001,0.1255,1.0,1.0,7.9666,781195,2570,0.0198
tencentBlock.ns2035.oracleGeneral.zst,2082392,1595568,0.0019,0.0015,0.7662,1.0,1.0,1.3051,781199,1220595,0.765
tencentBlock.ns20340.oracleGeneral.zst,2368892,317433,0.0022,0.0003,0.134,1.0,1.0,7.4627,781197,65553,0.2065
tencentBlock.ns2034.oracleGeneral.zst,1478854,212531,0.0014,0.0002,0.1437,1.0,1.0,6.9583,781197,42613,0.2005
tencentBlock.ns20326.oracleGeneral.zst,2619475,116257,0.0024,0.0001,0.0444,1.0,1.0,22.5318,781197,23267,0.2001
tencentBlock.ns20320.oracleGeneral.zst,6895444,936155,0.0064,0.0009,0.1358,1.0,1.0,7.3657,781196,492163,0.5257
tencentBlock.ns20316.oracleGeneral.zst,3806272,428379,0.0035,0.0004,0.1125,1.0,1.0,8.8853,781196,127166,0.2969
tencentBlock.ns20314.oracleGeneral.zst,2380185,652067,0.0022,0.0006,0.274,1.0,1.0,3.6502,781197,389639,0.5975
tencentBlock.ns20310.oracleGeneral.zst,2995853,271820,0.0028,0.0003,0.0907,1.0,1.0,11.0215,781196,78392,0.2884
tencentBlock.ns20302.oracleGeneral.zst,1444540,170887,0.0013,0.0002,0.1183,1.0,1.0,8.4532,781194,19544,0.1144
tencentBlock.ns20300.oracleGeneral.zst,2935654,273636,0.0027,0.0003,0.0932,1.0,1.0,10.7283,781195,54253,0.1983
tencentBlock.ns2030.oracleGeneral.zst,28615263,5627344,0.0267,0.0052,0.1967,1.0,1.0,5.085,781200,3698997,0.6573
tencentBlock.ns20299.oracleGeneral.zst,2574815,264478,0.0024,0.0002,0.1027,1.0,1.0,9.7355,781195,62990,0.2382
tencentBlock.ns20294.oracleGeneral.zst,1088356,186391,0.001,0.0002,0.1713,1.0,1.0,5.8391,781194,44502,0.2388
tencentBlock.ns20291.oracleGeneral.zst,4104773,1712637,0.0038,0.0016,0.4172,1.0,1.0,2.3968,781194,952648,0.5562
tencentBlock.ns20287.oracleGeneral.zst,1593702,161780,0.0015,0.0002,0.1015,1.0,1.0,9.851,781197,14633,0.0904
tencentBlock.ns20276.oracleGeneral.zst,15512339,423485,0.0144,0.0004,0.0273,1.0,1.0,36.6302,781195,91730,0.2166
tencentBlock.ns20268.oracleGeneral.zst,6444332,690597,0.006,0.0006,0.1072,1.0,1.0,9.3315,781195,331869,0.4806
tencentBlock.ns20259.oracleGeneral.zst,1463340,142140,0.0014,0.0001,0.0971,1.0,1.0,10.2951,781196,3686,0.0259
tencentBlock.ns20257.oracleGeneral.zst,1099001,290825,0.001,0.0003,0.2646,1.0,1.0,3.7789,781196,155706,0.5354
tencentBlock.ns2024.oracleGeneral.zst,10431974,475221,0.0097,0.0004,0.0456,1.0,1.0,21.9518,781200,161663,0.3402
tencentBlock.ns20226.oracleGeneral.zst,1440211,153615,0.0013,0.0001,0.1067,1.0,1.0,9.3755,781194,6663,0.0434
tencentBlock.ns20215.oracleGeneral.zst,1722717,186832,0.0016,0.0002,0.1085,1.0,1.0,9.2207,781196,23636,0.1265
tencentBlock.ns20213.oracleGeneral.zst,3030574,390672,0.0028,0.0004,0.1289,1.0,1.0,7.7573,781197,136482,0.3494
tencentBlock.ns20209.oracleGeneral.zst,2815632,357705,0.0026,0.0003,0.127,1.0,1.0,7.8714,781196,125159,0.3499
tencentBlock.ns20203.oracleGeneral.zst,1192318,150792,0.0011,0.0001,0.1265,1.0,1.0,7.907,781197,12170,0.0807
tencentBlock.ns20196.oracleGeneral.zst,1357761,156754,0.0013,0.0001,0.1155,1.0,1.0,8.6617,781195,4817,0.0307
tencentBlock.ns20193.oracleGeneral.zst,6008324,320874,0.0056,0.0003,0.0534,1.0,1.0,18.7249,781197,80247,0.2501
tencentBlock.ns20187.oracleGeneral.zst,1712163,207358,0.0016,0.0002,0.1211,1.0,1.0,8.257,781196,69988,0.3375
tencentBlock.ns20181.oracleGeneral.zst,1224876,140957,0.0011,0.0001,0.1151,1.0,1.0,8.6897,781194,2499,0.0177
tencentBlock.ns20172.oracleGeneral.zst,1328547,237469,0.0012,0.0002,0.1787,1.0,1.0,5.5946,781193,54874,0.2311
tencentBlock.ns2017.oracleGeneral.zst,49361087,2793211,0.046,0.0026,0.0566,1.0,1.0,17.6718,781199,282068,0.101
tencentBlock.ns20165.oracleGeneral.zst,1584243,145589,0.0015,0.0001,0.0919,1.0,1.0,10.8816,781198,5624,0.0386
tencentBlock.ns20157.oracleGeneral.zst,1175515,207496,0.0011,0.0002,0.1765,1.0,1.0,5.6652,781196,63063,0.3039
tencentBlock.ns20147.oracleGeneral.zst,2711114,296147,0.0025,0.0003,0.1092,1.0,1.0,9.1546,781195,63926,0.2159
tencentBlock.ns20141.oracleGeneral.zst,4935992,734100,0.0046,0.0007,0.1487,1.0,1.0,6.7239,781198,242960,0.331
tencentBlock.ns20132.oracleGeneral.zst,2996326,443244,0.0028,0.0004,0.1479,1.0,1.0,6.76,781198,97978,0.221
tencentBlock.ns20128.oracleGeneral.zst,46512102,2801611,0.0433,0.0026,0.0602,1.0,1.0,16.6019,781196,286504,0.1023
tencentBlock.ns20124.oracleGeneral.zst,2430504,355831,0.0023,0.0003,0.1464,1.0,1.0,6.8305,781196,80886,0.2273
tencentBlock.ns20115.oracleGeneral.zst,1127647,155267,0.0011,0.0001,0.1377,1.0,1.0,7.2626,781195,21731,0.14
tencentBlock.ns20106.oracleGeneral.zst,4005445,476218,0.0037,0.0004,0.1189,1.0,1.0,8.4109,781196,93322,0.196
tencentBlock.ns20101.oracleGeneral.zst,4025941,481527,0.0037,0.0004,0.1196,1.0,1.0,8.3608,781197,134765,0.2799
tencentBlock.ns20095.oracleGeneral.zst,7124072,1060344,0.0066,0.001,0.1488,1.0,1.0,6.7186,781198,561409,0.5295
tencentBlock.ns2009.oracleGeneral.zst,18918362,2252822,0.0176,0.0021,0.1191,1.0,1.0,8.3976,781200,443207,0.1967
tencentBlock.ns20089.oracleGeneral.zst,6030152,717142,0.0056,0.0007,0.1189,1.0,1.0,8.4086,781197,124224,0.1732
tencentBlock.ns20080.oracleGeneral.zst,1503831,155226,0.0014,0.0001,0.1032,1.0,1.0,9.688,390148,45259,0.2916
tencentBlock.ns20071.oracleGeneral.zst,2226798,277381,0.0021,0.0003,0.1246,1.0,1.0,8.0279,781198,59279,0.2137
tencentBlock.ns20061.oracleGeneral.zst,2550279,248457,0.0024,0.0002,0.0974,1.0,1.0,10.2645,781197,81301,0.3272
tencentBlock.ns20060.oracleGeneral.zst,1417150,240919,0.0013,0.0002,0.17,1.0,1.0,5.8823,781198,47484,0.1971
tencentBlock.ns20058.oracleGeneral.zst,2785083,388858,0.0026,0.0004,0.1396,1.0,1.0,7.1622,781198,128089,0.3294
tencentBlock.ns20052.oracleGeneral.zst,57558526,2202241,0.0536,0.0021,0.0383,1.0,1.0,26.1363,781198,131514,0.0597
tencentBlock.ns20043.oracleGeneral.zst,3442778,317385,0.0032,0.0003,0.0922,1.0,1.0,10.8473,781197,57241,0.1804
tencentBlock.ns20042.oracleGeneral.zst,4780484,1027696,0.0045,0.001,0.215,1.0,1.0,4.6517,781197,327503,0.3187
tencentBlock.ns20034.oracleGeneral.zst,1597390,143575,0.0015,0.0001,0.0899,1.0,1.0,11.1258,781196,45856,0.3194
tencentBlock.ns20030.oracleGeneral.zst,7854689,796709,0.0073,0.0007,0.1014,1.0,1.0,9.8589,781196,209080,0.2624
tencentBlock.ns2003.oracleGeneral.zst,1310061,104205,0.0012,0.0001,0.0795,1.0,1.0,12.572,781197,13988,0.1342
tencentBlock.ns20024.oracleGeneral.zst,1312883,149804,0.0012,0.0001,0.1141,1.0,1.0,8.764,781197,7862,0.0525
tencentBlock.ns20015.oracleGeneral.zst,1544685,184125,0.0014,0.0002,0.1192,1.0,1.0,8.3893,781198,29956,0.1627
tencentBlock.ns20012.oracleGeneral.zst,3895232,347362,0.0036,0.0003,0.0892,1.0,1.0,11.2138,781198,94026,0.2707
tencentBlock.ns20004.oracleGeneral.zst,1674051,192840,0.0016,0.0002,0.1152,1.0,1.0,8.681,781195,3805,0.0197
tencentBlock.ns19998.oracleGeneral.zst,2562281,235739,0.0024,0.0002,0.092,1.0,1.0,10.8691,781197,32070,0.136
tencentBlock.ns19990.oracleGeneral.zst,5920770,995649,0.0055,0.0009,0.1682,1.0,1.0,5.9466,781197,285385,0.2866
tencentBlock.ns1999.oracleGeneral.zst,63604671,2174901,0.0592,0.002,0.0342,1.0,1.0,29.2449,781200,121392,0.0558
tencentBlock.ns19985.oracleGeneral.zst,45254619,2857970,0.0421,0.0027,0.0632,1.0,1.0,15.8345,781198,305172,0.1068
tencentBlock.ns19980.oracleGeneral.zst,4025146,359027,0.0037,0.0003,0.0892,1.0,1.0,11.2113,781197,82635,0.2302
tencentBlock.ns19975.oracleGeneral.zst,1312095,137627,0.0012,0.0001,0.1049,1.0,1.0,9.5337,781198,3501,0.0254
tencentBlock.ns19968.oracleGeneral.zst,3506979,275277,0.0033,0.0003,0.0785,1.0,1.0,12.7398,781196,50717,0.1842
tencentBlock.ns19963.oracleGeneral.zst,2842848,324436,0.0026,0.0003,0.1141,1.0,1.0,8.7624,781197,165023,0.5086
tencentBlock.ns19958.oracleGeneral.zst,2562976,332381,0.0024,0.0003,0.1297,1.0,1.0,7.711,781195,56436,0.1698
tencentBlock.ns19952.oracleGeneral.zst,4595492,451050,0.0043,0.0004,0.0982,1.0,1.0,10.1884,781196,65895,0.1461
tencentBlock.ns1994.oracleGeneral.zst,7275323,554818,0.0068,0.0005,0.0763,1.0,1.0,13.113,781200,255651,0.4608
tencentBlock.ns19932.oracleGeneral.zst,1259232,132624,0.0012,0.0001,0.1053,1.0,1.0,9.4948,781196,4937,0.0372
tencentBlock.ns19926.oracleGeneral.zst,1217097,280040,0.0011,0.0003,0.2301,1.0,1.0,4.3462,781198,111658,0.3987
tencentBlock.ns19922.oracleGeneral.zst,1163355,392524,0.0011,0.0004,0.3374,1.0,1.0,2.9638,404543,275795,0.7026
tencentBlock.ns19895.oracleGeneral.zst,4978348,560802,0.0046,0.0005,0.1126,1.0,1.0,8.8772,781198,107316,0.1914
tencentBlock.ns19886.oracleGeneral.zst,1892864,255694,0.0018,0.0002,0.1351,1.0,1.0,7.4028,781195,84964,0.3323
tencentBlock.ns19879.oracleGeneral.zst,1323968,123349,0.0012,0.0001,0.0932,1.0,1.0,10.7335,781194,1052,0.0085
tencentBlock.ns19873.oracleGeneral.zst,3868831,477021,0.0036,0.0004,0.1233,1.0,1.0,8.1104,781197,231541,0.4854
tencentBlock.ns19864.oracleGeneral.zst,4332624,486074,0.004,0.0005,0.1122,1.0,1.0,8.9135,781197,96469,0.1985
tencentBlock.ns19858.oracleGeneral.zst,1463244,139698,0.0014,0.0001,0.0955,1.0,1.0,10.4743,781195,5046,0.0361
tencentBlock.ns19850.oracleGeneral.zst,2128198,248393,0.002,0.0002,0.1167,1.0,1.0,8.5679,781198,34922,0.1406
tencentBlock.ns19846.oracleGeneral.zst,5925465,914385,0.0055,0.0009,0.1543,1.0,1.0,6.4803,781198,191693,0.2096
tencentBlock.ns19841.oracleGeneral.zst,2288397,142935,0.0021,0.0001,0.0625,1.0,1.0,16.0101,781197,8383,0.0586
tencentBlock.ns19840.oracleGeneral.zst,2686389,261002,0.0025,0.0002,0.0972,1.0,1.0,10.2926,781198,80454,0.3083
tencentBlock.ns19834.oracleGeneral.zst,1593703,144724,0.0015,0.0001,0.0908,1.0,1.0,11.012,781198,47453,0.3279
tencentBlock.ns19827.oracleGeneral.zst,3901536,421794,0.0036,0.0004,0.1081,1.0,1.0,9.2499,781198,150294,0.3563
tencentBlock.ns19823.oracleGeneral.zst,6415720,422718,0.006,0.0004,0.0659,1.0,1.0,15.1773,781197,104209,0.2465
tencentBlock.ns19814.oracleGeneral.zst,1591229,168634,0.0015,0.0002,0.106,1.0,1.0,9.436,781195,2862,0.017
tencentBlock.ns1981.oracleGeneral.zst,5940762,195197,0.0055,0.0002,0.0329,1.0,1.0,30.4347,781200,51237,0.2625
tencentBlock.ns19807.oracleGeneral.zst,3774128,133515,0.0035,0.0001,0.0354,1.0,1.0,28.2674,781197,33421,0.2503
tencentBlock.ns19799.oracleGeneral.zst,2918422,280581,0.0027,0.0003,0.0961,1.0,1.0,10.4014,781197,87532,0.312
tencentBlock.ns19793.oracleGeneral.zst,1788205,164267,0.0017,0.0002,0.0919,1.0,1.0,10.886,781197,78068,0.4753
tencentBlock.ns19792.oracleGeneral.zst,9088887,995380,0.0085,0.0009,0.1095,1.0,1.0,9.1311,781197,294387,0.2958
tencentBlock.ns19791.oracleGeneral.zst,4796104,450932,0.0045,0.0004,0.094,1.0,1.0,10.636,781195,72301,0.1603
tencentBlock.ns19784.oracleGeneral.zst,1596793,222311,0.0015,0.0002,0.1392,1.0,1.0,7.1827,781198,101845,0.4581
tencentBlock.ns19776.oracleGeneral.zst,3831993,345438,0.0036,0.0003,0.0901,1.0,1.0,11.0931,781196,84884,0.2457
tencentBlock.ns19775.oracleGeneral.zst,1385793,304710,0.0013,0.0003,0.2199,1.0,1.0,4.5479,781197,177148,0.5814
tencentBlock.ns19771.oracleGeneral.zst,1184390,134948,0.0011,0.0001,0.1139,1.0,1.0,8.7766,781194,5234,0.0388
tencentBlock.ns1976.oracleGeneral.zst,36849972,618480,0.0343,0.0006,0.0168,1.0,1.0,59.5815,781200,146041,0.2361
tencentBlock.ns19759.oracleGeneral.zst,1547933,222557,0.0014,0.0002,0.1438,1.0,1.0,6.9552,781198,53702,0.2413
tencentBlock.ns19750.oracleGeneral.zst,2801149,123379,0.0026,0.0001,0.044,1.0,1.0,22.7036,781198,33118,0.2684
tencentBlock.ns19743.oracleGeneral.zst,1431186,193887,0.0013,0.0002,0.1355,1.0,1.0,7.3815,781196,7724,0.0398
tencentBlock.ns19734.oracleGeneral.zst,2062316,269213,0.0019,0.0003,0.1305,1.0,1.0,7.6605,781195,59122,0.2196
tencentBlock.ns19731.oracleGeneral.zst,2633964,309908,0.0025,0.0003,0.1177,1.0,1.0,8.4992,781196,74337,0.2399
tencentBlock.ns19728.oracleGeneral.zst,35298668,608391,0.0329,0.0006,0.0172,1.0,1.0,58.0197,781198,135777,0.2232
tencentBlock.ns19722.oracleGeneral.zst,1500642,267590,0.0014,0.0002,0.1783,1.0,1.0,5.608,781198,60274,0.2252
tencentBlock.ns19718.oracleGeneral.zst,3941500,445027,0.0037,0.0004,0.1129,1.0,1.0,8.8568,781198,108090,0.2429
tencentBlock.ns19716.oracleGeneral.zst,1558795,161667,0.0015,0.0002,0.1037,1.0,1.0,9.642,781198,3040,0.0188
tencentBlock.ns19708.oracleGeneral.zst,1057973,113093,0.001,0.0001,0.1069,1.0,1.0,9.3549,781197,14114,0.1248
tencentBlock.ns19702.oracleGeneral.zst,2218213,357411,0.0021,0.0003,0.1611,1.0,1.0,6.2063,781198,97248,0.2721
tencentBlock.ns19693.oracleGeneral.zst,1400234,242622,0.0013,0.0002,0.1733,1.0,1.0,5.7713,781197,64877,0.2674
tencentBlock.ns19685.oracleGeneral.zst,1123088,139120,0.001,0.0001,0.1239,1.0,1.0,8.0728,781197,2350,0.0169
tencentBlock.ns1968.oracleGeneral.zst,1667757,777777,0.0016,0.0007,0.4664,1.0,1.0,2.1443,781160,659783,0.8483
tencentBlock.ns19677.oracleGeneral.zst,1307473,125385,0.0012,0.0001,0.0959,1.0,1.0,10.4277,781197,75963,0.6058
tencentBlock.ns19653.oracleGeneral.zst,1427235,146815,0.0013,0.0001,0.1029,1.0,1.0,9.7213,781196,13029,0.0887
tencentBlock.ns19648.oracleGeneral.zst,3800110,392588,0.0035,0.0004,0.1033,1.0,1.0,9.6796,781196,100870,0.2569
tencentBlock.ns19640.oracleGeneral.zst,2481025,305388,0.0023,0.0003,0.1231,1.0,1.0,8.1242,781196,96260,0.3152
tencentBlock.ns19631.oracleGeneral.zst,1058724,122810,0.001,0.0001,0.116,1.0,1.0,8.6208,781194,13516,0.1101
tencentBlock.ns19623.oracleGeneral.zst,10432140,805781,0.0097,0.0008,0.0772,1.0,1.0,12.9466,781198,423587,0.5257
tencentBlock.ns19618.oracleGeneral.zst,3270647,276563,0.003,0.0003,0.0846,1.0,1.0,11.826,781198,71067,0.257
tencentBlock.ns19611.oracleGeneral.zst,3654075,300269,0.0034,0.0003,0.0822,1.0,1.0,12.1693,781198,67961,0.2263
tencentBlock.ns19602.oracleGeneral.zst,1419131,227690,0.0013,0.0002,0.1604,1.0,1.0,6.2327,781197,55308,0.2429
tencentBlock.ns19599.oracleGeneral.zst,4498506,491430,0.0042,0.0005,0.1092,1.0,1.0,9.1539,781198,101925,0.2074
tencentBlock.ns19597.oracleGeneral.zst,3506320,363554,0.0033,0.0003,0.1037,1.0,1.0,9.6446,781198,99870,0.2747
tencentBlock.ns19596.oracleGeneral.zst,1450526,153301,0.0014,0.0001,0.1057,1.0,1.0,9.4619,781197,11689,0.0762
tencentBlock.ns19594.oracleGeneral.zst,1791178,202387,0.0017,0.0002,0.113,1.0,1.0,8.8503,781196,38815,0.1918
tencentBlock.ns19586.oracleGeneral.zst,1324116,145551,0.0012,0.0001,0.1099,1.0,1.0,9.0973,781197,5093,0.035
tencentBlock.ns19585.oracleGeneral.zst,2297933,279712,0.0021,0.0003,0.1217,1.0,1.0,8.2154,781197,81704,0.2921
tencentBlock.ns19574.oracleGeneral.zst,4562296,380289,0.0042,0.0004,0.0834,1.0,1.0,11.9969,781198,93020,0.2446
tencentBlock.ns19571.oracleGeneral.zst,6357519,425816,0.0059,0.0004,0.067,1.0,1.0,14.9302,781197,112818,0.2649
tencentBlock.ns19562.oracleGeneral.zst,6372286,613570,0.0059,0.0006,0.0963,1.0,1.0,10.3856,781196,144739,0.2359
tencentBlock.ns1956.oracleGeneral.zst,1356847,154259,0.0013,0.0001,0.1137,1.0,1.0,8.7959,781199,8894,0.0577
tencentBlock.ns19553.oracleGeneral.zst,1436138,162968,0.0013,0.0002,0.1135,1.0,1.0,8.8124,781196,19309,0.1185
tencentBlock.ns19544.oracleGeneral.zst,1981144,143726,0.0018,0.0001,0.0725,1.0,1.0,13.7842,781198,2126,0.0148
tencentBlock.ns19538.oracleGeneral.zst,3675323,426926,0.0034,0.0004,0.1162,1.0,1.0,8.6088,781196,133778,0.3134
tencentBlock.ns19529.oracleGeneral.zst,1205536,125788,0.0011,0.0001,0.1043,1.0,1.0,9.5839,781198,3082,0.0245
tencentBlock.ns19516.oracleGeneral.zst,1616230,285540,0.0015,0.0003,0.1767,1.0,1.0,5.6603,781196,58270,0.2041
tencentBlock.ns19502.oracleGeneral.zst,4851062,494508,0.0045,0.0005,0.1019,1.0,1.0,9.8099,781197,159526,0.3226
tencentBlock.ns19498.oracleGeneral.zst,4799307,545158,0.0045,0.0005,0.1136,1.0,1.0,8.8035,781195,143216,0.2627
tencentBlock.ns19486.oracleGeneral.zst,1434322,173844,0.0013,0.0002,0.1212,1.0,1.0,8.2506,781196,23686,0.1362
tencentBlock.ns19473.oracleGeneral.zst,1031323,179316,0.001,0.0002,0.1739,1.0,1.0,5.7514,781193,34831,0.1942
tencentBlock.ns19461.oracleGeneral.zst,2092393,212217,0.0019,0.0002,0.1014,1.0,1.0,9.8597,781198,37571,0.177
tencentBlock.ns19452.oracleGeneral.zst,1518461,158919,0.0014,0.0001,0.1047,1.0,1.0,9.5549,781196,59229,0.3727
tencentBlock.ns19446.oracleGeneral.zst,1431469,237915,0.0013,0.0002,0.1662,1.0,1.0,6.0167,781197,31612,0.1329
tencentBlock.ns19439.oracleGeneral.zst,5207021,781401,0.0048,0.0007,0.1501,1.0,1.0,6.6637,781198,396629,0.5076
tencentBlock.ns19434.oracleGeneral.zst,1264939,130452,0.0012,0.0001,0.1031,1.0,1.0,9.6966,781194,2592,0.0199
tencentBlock.ns19430.oracleGeneral.zst,23508842,320724,0.0219,0.0003,0.0136,1.0,1.0,73.2993,781194,172019,0.5363
tencentBlock.ns1943.oracleGeneral.zst,1398078,128255,0.0013,0.0001,0.0917,1.0,1.0,10.9008,781197,20166,0.1572
tencentBlock.ns19424.oracleGeneral.zst,1663599,203096,0.0015,0.0002,0.1221,1.0,1.0,8.1912,781197,69855,0.344
tencentBlock.ns19422.oracleGeneral.zst,3774990,375119,0.0035,0.0003,0.0994,1.0,1.0,10.0634,781195,67535,0.18
tencentBlock.ns19419.oracleGeneral.zst,1348921,139440,0.0013,0.0001,0.1034,1.0,1.0,9.6738,781196,1733,0.0124
tencentBlock.ns19416.oracleGeneral.zst,6656744,789297,0.0062,0.0007,0.1186,1.0,1.0,8.4338,781195,39673,0.0503
tencentBlock.ns19410.oracleGeneral.zst,3219733,308124,0.003,0.0003,0.0957,1.0,1.0,10.4495,781198,121890,0.3956
tencentBlock.ns19406.oracleGeneral.zst,10997447,256669,0.0102,0.0002,0.0233,1.0,1.0,42.8468,781198,59500,0.2318
tencentBlock.ns19400.oracleGeneral.zst,2868255,280563,0.0027,0.0003,0.0978,1.0,1.0,10.2232,781193,56903,0.2028
tencentBlock.ns19396.oracleGeneral.zst,1301601,224270,0.0012,0.0002,0.1723,1.0,1.0,5.8037,781195,52203,0.2328
tencentBlock.ns19390.oracleGeneral.zst,3357294,197183,0.0031,0.0002,0.0587,1.0,1.0,17.0263,781195,113972,0.578
tencentBlock.ns1939.oracleGeneral.zst,1562551,183770,0.0015,0.0002,0.1176,1.0,1.0,8.5028,781195,45829,0.2494
tencentBlock.ns19376.oracleGeneral.zst,2201925,221492,0.0021,0.0002,0.1006,1.0,1.0,9.9413,781196,55137,0.2489
tencentBlock.ns19361.oracleGeneral.zst,6291442,479213,0.0059,0.0004,0.0762,1.0,1.0,13.1287,781198,107941,0.2252
tencentBlock.ns19359.oracleGeneral.zst,6020307,304617,0.0056,0.0003,0.0506,1.0,1.0,19.7635,781197,47817,0.157
tencentBlock.ns19353.oracleGeneral.zst,1365025,163518,0.0013,0.0002,0.1198,1.0,1.0,8.3479,781198,7554,0.0462
tencentBlock.ns1935.oracleGeneral.zst,2780423,278948,0.0026,0.0003,0.1003,1.0,1.0,9.9675,781200,137567,0.4932
tencentBlock.ns19345.oracleGeneral.zst,3928459,457895,0.0037,0.0004,0.1166,1.0,1.0,8.5794,781198,77540,0.1693
tencentBlock.ns19333.oracleGeneral.zst,5501681,325210,0.0051,0.0003,0.0591,1.0,1.0,16.9173,781198,174203,0.5357
tencentBlock.ns1933.oracleGeneral.zst,57097820,2385107,0.0532,0.0022,0.0418,1.0,1.0,23.9393,781199,176677,0.0741
tencentBlock.ns19326.oracleGeneral.zst,3806380,486132,0.0035,0.0005,0.1277,1.0,1.0,7.8299,781198,162862,0.335
tencentBlock.ns19325.oracleGeneral.zst,1401317,175726,0.0013,0.0002,0.1254,1.0,1.0,7.9744,781196,30580,0.174
tencentBlock.ns19324.oracleGeneral.zst,1301139,135698,0.0012,0.0001,0.1043,1.0,1.0,9.5885,781198,4445,0.0328
tencentBlock.ns19317.oracleGeneral.zst,2626130,242257,0.0024,0.0002,0.0922,1.0,1.0,10.8403,781196,55438,0.2288
tencentBlock.ns19311.oracleGeneral.zst,3281367,106023,0.0031,0.0001,0.0323,1.0,1.0,30.9496,781197,8102,0.0764
tencentBlock.ns19309.oracleGeneral.zst,2309391,230442,0.0022,0.0002,0.0998,1.0,1.0,10.0216,781198,59963,0.2602
tencentBlock.ns19302.oracleGeneral.zst,2094073,300660,0.002,0.0003,0.1436,1.0,1.0,6.9649,781198,64695,0.2152
tencentBlock.ns19295.oracleGeneral.zst,2714951,415356,0.0025,0.0004,0.153,1.0,1.0,6.5364,781198,135717,0.3267
tencentBlock.ns19288.oracleGeneral.zst,1432977,309585,0.0013,0.0003,0.216,1.0,1.0,4.6287,781197,77288,0.2497
tencentBlock.ns19286.oracleGeneral.zst,4367137,460696,0.0041,0.0004,0.1055,1.0,1.0,9.4794,781194,83768,0.1818
tencentBlock.ns19279.oracleGeneral.zst,3079017,293462,0.0029,0.0003,0.0953,1.0,1.0,10.492,781198,124082,0.4228
tencentBlock.ns19271.oracleGeneral.zst,10157064,1490201,0.0095,0.0014,0.1467,1.0,1.0,6.8159,781197,132515,0.0889
tencentBlock.ns19268.oracleGeneral.zst,3839059,412631,0.0036,0.0004,0.1075,1.0,1.0,9.3039,781198,75398,0.1827
tencentBlock.ns19265.oracleGeneral.zst,10752569,1502016,0.01,0.0014,0.1397,1.0,1.0,7.1588,781195,589472,0.3925
tencentBlock.ns19260.oracleGeneral.zst,11090628,1545000,0.0103,0.0014,0.1393,1.0,1.0,7.1784,781197,592791,0.3837
tencentBlock.ns19257.oracleGeneral.zst,1103347,176352,0.001,0.0002,0.1598,1.0,1.0,6.2565,781198,48680,0.276
tencentBlock.ns19240.oracleGeneral.zst,5330215,404940,0.005,0.0004,0.076,1.0,1.0,13.163,781197,50257,0.1241
tencentBlock.ns1924.oracleGeneral.zst,3316552,134151,0.0031,0.0001,0.0404,1.0,1.0,24.7225,781198,41449,0.309
tencentBlock.ns1923.oracleGeneral.zst,3248248,313422,0.003,0.0003,0.0965,1.0,1.0,10.3638,781197,96214,0.307
tencentBlock.ns19225.oracleGeneral.zst,2490144,352203,0.0023,0.0003,0.1414,1.0,1.0,7.0702,781193,153764,0.4366
tencentBlock.ns19220.oracleGeneral.zst,10788058,1503564,0.01,0.0014,0.1394,1.0,1.0,7.175,781198,583295,0.3879
tencentBlock.ns19219.oracleGeneral.zst,4962426,599516,0.0046,0.0006,0.1208,1.0,1.0,8.2774,781196,152823,0.2549
tencentBlock.ns19214.oracleGeneral.zst,3463044,311322,0.0032,0.0003,0.0899,1.0,1.0,11.1237,781196,78763,0.253
tencentBlock.ns19211.oracleGeneral.zst,3418784,402047,0.0032,0.0004,0.1176,1.0,1.0,8.5034,781197,131109,0.3261
tencentBlock.ns19210.oracleGeneral.zst,6147738,587123,0.0057,0.0005,0.0955,1.0,1.0,10.471,781197,151435,0.2579
tencentBlock.ns19206.oracleGeneral.zst,2452018,296134,0.0023,0.0003,0.1208,1.0,1.0,8.2801,781197,149158,0.5037
tencentBlock.ns19202.oracleGeneral.zst,16602829,2003386,0.0155,0.0019,0.1207,1.0,1.0,8.2874,781198,474123,0.2367
tencentBlock.ns19194.oracleGeneral.zst,4324398,475394,0.004,0.0004,0.1099,1.0,1.0,9.0965,781198,97153,0.2044
tencentBlock.ns19189.oracleGeneral.zst,4763416,190539,0.0044,0.0002,0.04,1.0,1.0,24.9997,781198,62719,0.3292
tencentBlock.ns19175.oracleGeneral.zst,1921039,181219,0.0018,0.0002,0.0943,1.0,1.0,10.6006,403366,46216,0.255
tencentBlock.ns19158.oracleGeneral.zst,1386591,141200,0.0013,0.0001,0.1018,1.0,1.0,9.82,781198,3620,0.0256
tencentBlock.ns19152.oracleGeneral.zst,4489783,496347,0.0042,0.0005,0.1106,1.0,1.0,9.0457,781196,147649,0.2975
tencentBlock.ns1915.oracleGeneral.zst,5530528,239908,0.0052,0.0002,0.0434,1.0,1.0,23.0527,781200,88515,0.369
tencentBlock.ns19140.oracleGeneral.zst,7785245,121357,0.0073,0.0001,0.0156,1.0,1.0,64.1516,584540,33846,0.2789
tencentBlock.ns19138.oracleGeneral.zst,2326312,102003,0.0022,0.0001,0.0438,1.0,1.0,22.8063,781198,14848,0.1456
tencentBlock.ns19129.oracleGeneral.zst,2096813,340741,0.002,0.0003,0.1625,1.0,1.0,6.1537,781198,128794,0.378
tencentBlock.ns19120.oracleGeneral.zst,4062357,1917121,0.0038,0.0018,0.4719,1.0,1.0,2.119,781197,1351072,0.7047
tencentBlock.ns19114.oracleGeneral.zst,1041162,245387,0.001,0.0002,0.2357,1.0,1.0,4.2429,781198,101429,0.4133
tencentBlock.ns1911.oracleGeneral.zst,3049149,2236444,0.0028,0.0021,0.7335,1.0,1.0,1.3634,781200,1600094,0.7155
tencentBlock.ns19107.oracleGeneral.zst,1823997,197145,0.0017,0.0002,0.1081,1.0,1.0,9.2521,781195,66115,0.3354
tencentBlock.ns19106.oracleGeneral.zst,1247455,257088,0.0012,0.0002,0.2061,1.0,1.0,4.8522,781197,96754,0.3763
tencentBlock.ns19105.oracleGeneral.zst,6839008,440037,0.0064,0.0004,0.0643,1.0,1.0,15.5419,781197,155448,0.3533
tencentBlock.ns19100.oracleGeneral.zst,4586704,531309,0.0043,0.0005,0.1158,1.0,1.0,8.6328,781197,158446,0.2982
tencentBlock.ns19091.oracleGeneral.zst,1694361,186044,0.0016,0.0002,0.1098,1.0,1.0,9.1073,781198,1826,0.0098
tencentBlock.ns19088.oracleGeneral.zst,3708375,384836,0.0035,0.0004,0.1038,1.0,1.0,9.6362,781198,80233,0.2085
tencentBlock.ns19076.oracleGeneral.zst,3013831,338336,0.0028,0.0003,0.1123,1.0,1.0,8.9078,781198,75219,0.2223
tencentBlock.ns19068.oracleGeneral.zst,4696485,401956,0.0044,0.0004,0.0856,1.0,1.0,11.6841,781195,63253,0.1574
tencentBlock.ns19067.oracleGeneral.zst,3914028,623601,0.0036,0.0006,0.1593,1.0,1.0,6.2765,781194,258791,0.415
tencentBlock.ns19059.oracleGeneral.zst,1350936,148372,0.0013,0.0001,0.1098,1.0,1.0,9.1051,781193,4046,0.0273
tencentBlock.ns19056.oracleGeneral.zst,1852431,163758,0.0017,0.0002,0.0884,1.0,1.0,11.312,781195,60898,0.3719
tencentBlock.ns19045.oracleGeneral.zst,4430585,670013,0.0041,0.0006,0.1512,1.0,1.0,6.6127,781193,371227,0.5541
tencentBlock.ns1904.oracleGeneral.zst,1055691,135364,0.001,0.0001,0.1282,1.0,1.0,7.7989,781200,6258,0.0462
tencentBlock.ns19036.oracleGeneral.zst,1185475,145931,0.0011,0.0001,0.1231,1.0,1.0,8.1235,781194,4843,0.0332
tencentBlock.ns19028.oracleGeneral.zst,5206869,471347,0.0048,0.0004,0.0905,1.0,1.0,11.0468,781198,175321,0.372
tencentBlock.ns19027.oracleGeneral.zst,1766193,228707,0.0016,0.0002,0.1295,1.0,1.0,7.7225,781194,35997,0.1574
tencentBlock.ns1900.oracleGeneral.zst,9099111,1390313,0.0085,0.0013,0.1528,1.0,1.0,6.5446,781199,126366,0.0909
tencentBlock.ns18992.oracleGeneral.zst,4841678,553058,0.0045,0.0005,0.1142,1.0,1.0,8.7544,781198,103440,0.187
tencentBlock.ns18986.oracleGeneral.zst,4813145,618918,0.0045,0.0006,0.1286,1.0,1.0,7.7767,781198,280002,0.4524
tencentBlock.ns18981.oracleGeneral.zst,1666608,215085,0.0016,0.0002,0.1291,1.0,1.0,7.7486,781198,82605,0.3841
tencentBlock.ns18974.oracleGeneral.zst,3703185,310183,0.0034,0.0003,0.0838,1.0,1.0,11.9387,781196,79138,0.2551
tencentBlock.ns18970.oracleGeneral.zst,5054781,494559,0.0047,0.0005,0.0978,1.0,1.0,10.2208,781198,62491,0.1264
tencentBlock.ns18961.oracleGeneral.zst,6716771,1614432,0.0063,0.0015,0.2404,1.0,1.0,4.1605,781197,1038877,0.6435
tencentBlock.ns18945.oracleGeneral.zst,1460654,228672,0.0014,0.0002,0.1566,1.0,1.0,6.3876,781198,51590,0.2256
tencentBlock.ns18940.oracleGeneral.zst,1532379,138123,0.0014,0.0001,0.0901,1.0,1.0,11.0943,781196,1698,0.0123
tencentBlock.ns1894.oracleGeneral.zst,11661331,5138208,0.0109,0.0048,0.4406,1.0,1.0,2.2695,781199,4520613,0.8798
tencentBlock.ns18932.oracleGeneral.zst,2286135,308754,0.0021,0.0003,0.1351,1.0,1.0,7.4044,781195,163077,0.5282
tencentBlock.ns18927.oracleGeneral.zst,2161220,396868,0.002,0.0004,0.1836,1.0,1.0,5.4457,781197,81513,0.2054
tencentBlock.ns18926.oracleGeneral.zst,13421482,513633,0.0125,0.0005,0.0383,1.0,1.0,26.1305,781197,121188,0.2359
tencentBlock.ns18912.oracleGeneral.zst,1461943,128367,0.0014,0.0001,0.0878,1.0,1.0,11.3888,781197,3975,0.031
tencentBlock.ns1891.oracleGeneral.zst,5228464,550446,0.0049,0.0005,0.1053,1.0,1.0,9.4986,781199,91123,0.1655
tencentBlock.ns18907.oracleGeneral.zst,4578087,197356,0.0043,0.0002,0.0431,1.0,1.0,23.1971,781198,92773,0.4701
tencentBlock.ns18905.oracleGeneral.zst,5475011,537860,0.0051,0.0005,0.0982,1.0,1.0,10.1792,781197,136720,0.2542
tencentBlock.ns18899.oracleGeneral.zst,1708497,273637,0.0016,0.0003,0.1602,1.0,1.0,6.2437,781197,49817,0.1821
tencentBlock.ns18897.oracleGeneral.zst,2180121,207216,0.002,0.0002,0.095,1.0,1.0,10.521,781197,8858,0.0427
tencentBlock.ns18893.oracleGeneral.zst,1359821,158111,0.0013,0.0001,0.1163,1.0,1.0,8.6004,781197,2169,0.0137
tencentBlock.ns18887.oracleGeneral.zst,1215097,234290,0.0011,0.0002,0.1928,1.0,1.0,5.1863,781198,80404,0.3432
tencentBlock.ns18883.oracleGeneral.zst,2478884,344855,0.0023,0.0003,0.1391,1.0,1.0,7.1882,781198,89774,0.2603
tencentBlock.ns18875.oracleGeneral.zst,1586294,329209,0.0015,0.0003,0.2075,1.0,1.0,4.8185,781196,79789,0.2424
tencentBlock.ns18868.oracleGeneral.zst,2777198,344570,0.0026,0.0003,0.1241,1.0,1.0,8.0599,781198,62276,0.1807
tencentBlock.ns18865.oracleGeneral.zst,7099499,477024,0.0066,0.0004,0.0672,1.0,1.0,14.8829,781197,29812,0.0625
tencentBlock.ns18862.oracleGeneral.zst,4112955,412076,0.0038,0.0004,0.1002,1.0,1.0,9.9811,781197,83617,0.2029
tencentBlock.ns18859.oracleGeneral.zst,6890939,953615,0.0064,0.0009,0.1384,1.0,1.0,7.2261,781196,454593,0.4767
tencentBlock.ns18851.oracleGeneral.zst,3504906,328939,0.0033,0.0003,0.0939,1.0,1.0,10.6552,781198,66177,0.2012
tencentBlock.ns18849.oracleGeneral.zst,5650920,578716,0.0053,0.0005,0.1024,1.0,1.0,9.7646,781198,91021,0.1573
tencentBlock.ns18840.oracleGeneral.zst,1639207,191381,0.0015,0.0002,0.1168,1.0,1.0,8.5652,781197,26408,0.138
tencentBlock.ns18826.oracleGeneral.zst,7647424,466837,0.0071,0.0004,0.061,1.0,1.0,16.3814,781198,129486,0.2774
tencentBlock.ns18820.oracleGeneral.zst,5301848,344437,0.0049,0.0003,0.065,1.0,1.0,15.3928,781196,75600,0.2195
tencentBlock.ns1882.oracleGeneral.zst,2791710,173579,0.0026,0.0002,0.0622,1.0,1.0,16.0832,781199,101248,0.5833
tencentBlock.ns18810.oracleGeneral.zst,2847279,273468,0.0027,0.0003,0.096,1.0,1.0,10.4117,781195,62839,0.2298
tencentBlock.ns18808.oracleGeneral.zst,1322764,131854,0.0012,0.0001,0.0997,1.0,1.0,10.032,781196,3033,0.023
tencentBlock.ns18807.oracleGeneral.zst,1399686,155411,0.0013,0.0001,0.111,1.0,1.0,9.0064,781198,5005,0.0322
tencentBlock.ns18803.oracleGeneral.zst,2054123,308255,0.0019,0.0003,0.1501,1.0,1.0,6.6637,781197,111405,0.3614
tencentBlock.ns18797.oracleGeneral.zst,10476638,1509537,0.0098,0.0014,0.1441,1.0,1.0,6.9403,781197,600315,0.3977
tencentBlock.ns18789.oracleGeneral.zst,1285490,232561,0.0012,0.0002,0.1809,1.0,1.0,5.5275,781198,60360,0.2595
tencentBlock.ns18781.oracleGeneral.zst,3761353,339483,0.0035,0.0003,0.0903,1.0,1.0,11.0797,781198,97408,0.2869
tencentBlock.ns18770.oracleGeneral.zst,4006044,533272,0.0037,0.0005,0.1331,1.0,1.0,7.5122,781198,174578,0.3274
tencentBlock.ns18765.oracleGeneral.zst,3324296,329807,0.0031,0.0003,0.0992,1.0,1.0,10.0795,781198,77383,0.2346
tencentBlock.ns18757.oracleGeneral.zst,1394258,241825,0.0013,0.0002,0.1734,1.0,1.0,5.7656,781149,117733,0.4869
tencentBlock.ns18748.oracleGeneral.zst,1631076,162016,0.0015,0.0002,0.0993,1.0,1.0,10.0674,781198,17058,0.1053
tencentBlock.ns18743.oracleGeneral.zst,1180402,148004,0.0011,0.0001,0.1254,1.0,1.0,7.9755,781196,5822,0.0393
tencentBlock.ns1874.oracleGeneral.zst,3461647,100883,0.0032,0.0001,0.0291,1.0,1.0,34.3135,184949,23037,0.2284
tencentBlock.ns18735.oracleGeneral.zst,4659692,454871,0.0043,0.0004,0.0976,1.0,1.0,10.244,781198,232561,0.5113
tencentBlock.ns18727.oracleGeneral.zst,10087143,101974,0.0094,0.0001,0.0101,1.0,1.0,98.9188,781198,19072,0.187
tencentBlock.ns18722.oracleGeneral.zst,1315679,138494,0.0012,0.0001,0.1053,1.0,1.0,9.4999,781194,2023,0.0146
tencentBlock.ns18721.oracleGeneral.zst,1657723,182839,0.0015,0.0002,0.1103,1.0,1.0,9.0666,781193,23879,0.1306
tencentBlock.ns18715.oracleGeneral.zst,3889796,316529,0.0036,0.0003,0.0814,1.0,1.0,12.2889,781198,83907,0.2651
tencentBlock.ns18712.oracleGeneral.zst,3724860,432207,0.0035,0.0004,0.116,1.0,1.0,8.6182,781196,123499,0.2857
tencentBlock.ns18711.oracleGeneral.zst,2008896,179908,0.0019,0.0002,0.0896,1.0,1.0,11.1662,781196,54106,0.3007
tencentBlock.ns18702.oracleGeneral.zst,1615369,175686,0.0015,0.0002,0.1088,1.0,1.0,9.1946,781197,54912,0.3126
tencentBlock.ns18699.oracleGeneral.zst,4893082,529651,0.0046,0.0005,0.1082,1.0,1.0,9.2383,781195,147784,0.279
tencentBlock.ns18695.oracleGeneral.zst,1155712,159799,0.0011,0.0001,0.1383,1.0,1.0,7.2323,781193,9413,0.0589
tencentBlock.ns18678.oracleGeneral.zst,2689418,327186,0.0025,0.0003,0.1217,1.0,1.0,8.2198,781198,110452,0.3376
tencentBlock.ns18671.oracleGeneral.zst,4537351,401708,0.0042,0.0004,0.0885,1.0,1.0,11.2951,781198,135290,0.3368
tencentBlock.ns18654.oracleGeneral.zst,9734335,760961,0.0091,0.0007,0.0782,1.0,1.0,12.7922,781198,179183,0.2355
tencentBlock.ns18646.oracleGeneral.zst,3107332,293633,0.0029,0.0003,0.0945,1.0,1.0,10.5824,781198,58731,0.2
tencentBlock.ns18644.oracleGeneral.zst,2452353,302928,0.0023,0.0003,0.1235,1.0,1.0,8.0955,781198,106309,0.3509
tencentBlock.ns18639.oracleGeneral.zst,4282894,428114,0.004,0.0004,0.1,1.0,1.0,10.0041,781198,133619,0.3121
tencentBlock.ns18638.oracleGeneral.zst,9540367,424515,0.0089,0.0004,0.0445,1.0,1.0,22.4736,781198,120510,0.2839
tencentBlock.ns18627.oracleGeneral.zst,4705161,616720,0.0044,0.0006,0.1311,1.0,1.0,7.6293,781198,180145,0.2921
tencentBlock.ns18617.oracleGeneral.zst,3235947,218094,0.003,0.0002,0.0674,1.0,1.0,14.8374,781197,60471,0.2773
tencentBlock.ns18610.oracleGeneral.zst,10114437,922446,0.0094,0.0009,0.0912,1.0,1.0,10.9648,781198,183723,0.1992
tencentBlock.ns18605.oracleGeneral.zst,8122273,1317932,0.0076,0.0012,0.1623,1.0,1.0,6.1629,781198,975394,0.7401
tencentBlock.ns18599.oracleGeneral.zst,5362933,779601,0.005,0.0007,0.1454,1.0,1.0,6.8791,781197,111274,0.1427
tencentBlock.ns1859.oracleGeneral.zst,4271571,181530,0.004,0.0002,0.0425,1.0,1.0,23.5309,424338,44024,0.2425
tencentBlock.ns18588.oracleGeneral.zst,4229235,164335,0.0039,0.0002,0.0389,1.0,1.0,25.7354,781197,50343,0.3063
tencentBlock.ns18581.oracleGeneral.zst,4433391,527838,0.0041,0.0005,0.1191,1.0,1.0,8.3992,781198,141288,0.2677
tencentBlock.ns18572.oracleGeneral.zst,1492911,197526,0.0014,0.0002,0.1323,1.0,1.0,7.558,781197,55137,0.2791
tencentBlock.ns18565.oracleGeneral.zst,2207192,401629,0.0021,0.0004,0.182,1.0,1.0,5.4956,781196,139435,0.3472
tencentBlock.ns18560.oracleGeneral.zst,3366932,235563,0.0031,0.0002,0.07,1.0,1.0,14.2931,781198,52313,0.2221
tencentBlock.ns18557.oracleGeneral.zst,2862133,223533,0.0027,0.0002,0.0781,1.0,1.0,12.8041,781197,31906,0.1427
tencentBlock.ns18548.oracleGeneral.zst,2446257,329538,0.0023,0.0003,0.1347,1.0,1.0,7.4233,489146,87882,0.2667
tencentBlock.ns18539.oracleGeneral.zst,1147553,143051,0.0011,0.0001,0.1247,1.0,1.0,8.022,781195,3609,0.0252
tencentBlock.ns18530.oracleGeneral.zst,4376017,853849,0.0041,0.0008,0.1951,1.0,1.0,5.125,781195,443001,0.5188
tencentBlock.ns18514.oracleGeneral.zst,2579596,229994,0.0024,0.0002,0.0892,1.0,1.0,11.2159,781195,68111,0.2961
tencentBlock.ns1851.oracleGeneral.zst,3182909,280960,0.003,0.0003,0.0883,1.0,1.0,11.3287,781199,72994,0.2598
tencentBlock.ns18497.oracleGeneral.zst,6838558,942599,0.0064,0.0009,0.1378,1.0,1.0,7.255,781198,442824,0.4698
tencentBlock.ns18495.oracleGeneral.zst,4593246,659030,0.0043,0.0006,0.1435,1.0,1.0,6.9697,781196,66689,0.1012
tencentBlock.ns18493.oracleGeneral.zst,1052050,175724,0.001,0.0002,0.167,1.0,1.0,5.9869,781196,32363,0.1842
tencentBlock.ns1849.oracleGeneral.zst,3272425,351998,0.003,0.0003,0.1076,1.0,1.0,9.2967,781199,61978,0.1761
tencentBlock.ns18485.oracleGeneral.zst,1896076,156102,0.0018,0.0001,0.0823,1.0,1.0,12.1464,781198,10092,0.0647
tencentBlock.ns18476.oracleGeneral.zst,1034331,137267,0.001,0.0001,0.1327,1.0,1.0,7.5352,781196,4000,0.0291
tencentBlock.ns1847.oracleGeneral.zst,5514629,4189799,0.0051,0.0039,0.7598,1.0,1.0,1.3162,781195,3680968,0.8786
tencentBlock.ns18464.oracleGeneral.zst,20495017,1874059,0.0191,0.0017,0.0914,1.0,1.0,10.9362,781198,301311,0.1608
tencentBlock.ns18462.oracleGeneral.zst,3467313,384562,0.0032,0.0004,0.1109,1.0,1.0,9.0163,781195,81516,0.212
tencentBlock.ns18461.oracleGeneral.zst,1412628,166737,0.0013,0.0002,0.118,1.0,1.0,8.4722,781196,4368,0.0262
tencentBlock.ns18453.oracleGeneral.zst,5079644,128336,0.0047,0.0001,0.0253,1.0,1.0,39.5808,781198,27119,0.2113
tencentBlock.ns18447.oracleGeneral.zst,1180253,228833,0.0011,0.0002,0.1939,1.0,1.0,5.1577,781198,70051,0.3061
tencentBlock.ns18444.oracleGeneral.zst,2751122,216811,0.0026,0.0002,0.0788,1.0,1.0,12.689,781198,32160,0.1483
tencentBlock.ns1844.oracleGeneral.zst,7306139,113710,0.0068,0.0001,0.0156,1.0,1.0,64.2524,781200,24411,0.2147
tencentBlock.ns18435.oracleGeneral.zst,3531142,341508,0.0033,0.0003,0.0967,1.0,1.0,10.3399,781195,79632,0.2332
tencentBlock.ns18421.oracleGeneral.zst,1123710,180944,0.001,0.0002,0.161,1.0,1.0,6.2103,781195,33289,0.184
tencentBlock.ns18417.oracleGeneral.zst,12830905,1270083,0.0119,0.0012,0.099,1.0,1.0,10.1024,781197,605693,0.4769
tencentBlock.ns18416.oracleGeneral.zst,4229122,463675,0.0039,0.0004,0.1096,1.0,1.0,9.1209,781193,88924,0.1918
tencentBlock.ns18408.oracleGeneral.zst,1053904,180035,0.001,0.0002,0.1708,1.0,1.0,5.8539,781193,36012,0.2
tencentBlock.ns18399.oracleGeneral.zst,1337212,128600,0.0012,0.0001,0.0962,1.0,1.0,10.3982,667360,36163,0.2812
tencentBlock.ns18393.oracleGeneral.zst,3833574,353828,0.0036,0.0003,0.0923,1.0,1.0,10.8346,781195,104630,0.2957
tencentBlock.ns18385.oracleGeneral.zst,1333780,130549,0.0012,0.0001,0.0979,1.0,1.0,10.2167,781195,4128,0.0316
tencentBlock.ns18377.oracleGeneral.zst,4088897,375127,0.0038,0.0003,0.0917,1.0,1.0,10.9,781198,113809,0.3034
tencentBlock.ns18374.oracleGeneral.zst,2425905,314645,0.0023,0.0003,0.1297,1.0,1.0,7.71,781195,105649,0.3358
tencentBlock.ns18369.oracleGeneral.zst,1161046,168288,0.0011,0.0002,0.1449,1.0,1.0,6.8992,781198,43247,0.257
tencentBlock.ns18364.oracleGeneral.zst,1636436,180493,0.0015,0.0002,0.1103,1.0,1.0,9.0665,781196,26805,0.1485
tencentBlock.ns18348.oracleGeneral.zst,3050159,292736,0.0028,0.0003,0.096,1.0,1.0,10.4195,781197,62605,0.2139
tencentBlock.ns1834.oracleGeneral.zst,1492021,138038,0.0014,0.0001,0.0925,1.0,1.0,10.8088,781197,2762,0.02
tencentBlock.ns18339.oracleGeneral.zst,1899825,136841,0.0018,0.0001,0.072,1.0,1.0,13.8834,781196,4857,0.0355
tencentBlock.ns18331.oracleGeneral.zst,1299468,249822,0.0012,0.0002,0.1922,1.0,1.0,5.2016,781198,70003,0.2802
tencentBlock.ns18324.oracleGeneral.zst,7413147,1041524,0.0069,0.001,0.1405,1.0,1.0,7.1176,781198,36711,0.0352
tencentBlock.ns18312.oracleGeneral.zst,1358883,338649,0.0013,0.0003,0.2492,1.0,1.0,4.0127,781198,131010,0.3869
tencentBlock.ns1830.oracleGeneral.zst,12433404,869517,0.0116,0.0008,0.0699,1.0,1.0,14.2992,781196,495324,0.5697
tencentBlock.ns18297.oracleGeneral.zst,3815124,744518,0.0036,0.0007,0.1951,1.0,1.0,5.1243,781198,388866,0.5223
tencentBlock.ns18292.oracleGeneral.zst,82696878,1355940,0.077,0.0013,0.0164,1.0,1.0,60.9886,781198,379104,0.2796
tencentBlock.ns18283.oracleGeneral.zst,3972912,440109,0.0037,0.0004,0.1108,1.0,1.0,9.0271,781197,124327,0.2825
tencentBlock.ns18279.oracleGeneral.zst,3944802,330103,0.0037,0.0003,0.0837,1.0,1.0,11.9502,781197,80353,0.2434
tencentBlock.ns18274.oracleGeneral.zst,2111838,231761,0.002,0.0002,0.1097,1.0,1.0,9.1121,781196,5426,0.0234
tencentBlock.ns18265.oracleGeneral.zst,3962938,425965,0.0037,0.0004,0.1075,1.0,1.0,9.3034,781198,82368,0.1934
tencentBlock.ns18261.oracleGeneral.zst,1497860,187365,0.0014,0.0002,0.1251,1.0,1.0,7.9943,781194,56637,0.3023
tencentBlock.ns18254.oracleGeneral.zst,1758405,159365,0.0016,0.0001,0.0906,1.0,1.0,11.0338,781198,59040,0.3705
tencentBlock.ns18245.oracleGeneral.zst,1069549,129576,0.001,0.0001,0.1212,1.0,1.0,8.2542,781197,2164,0.0167
tencentBlock.ns18242.oracleGeneral.zst,1472806,170192,0.0014,0.0002,0.1156,1.0,1.0,8.6538,781198,6270,0.0368
tencentBlock.ns18237.oracleGeneral.zst,1618705,108730,0.0015,0.0001,0.0672,1.0,1.0,14.8874,781198,21087,0.1939
tencentBlock.ns18228.oracleGeneral.zst,1912343,270397,0.0018,0.0003,0.1414,1.0,1.0,7.0724,781198,104632,0.387
tencentBlock.ns18227.oracleGeneral.zst,2122375,220034,0.002,0.0002,0.1037,1.0,1.0,9.6457,781198,52551,0.2388
tencentBlock.ns18220.oracleGeneral.zst,7168387,635035,0.0067,0.0006,0.0886,1.0,1.0,11.2882,781198,158889,0.2502
tencentBlock.ns18215.oracleGeneral.zst,11912063,230782,0.0111,0.0002,0.0194,1.0,1.0,51.6161,781198,36880,0.1598
tencentBlock.ns18212.oracleGeneral.zst,5196473,401827,0.0048,0.0004,0.0773,1.0,1.0,12.9321,781198,104282,0.2595
tencentBlock.ns18211.oracleGeneral.zst,1080981,172888,0.001,0.0002,0.1599,1.0,1.0,6.2525,781197,40867,0.2364
tencentBlock.ns18204.oracleGeneral.zst,2215170,219800,0.0021,0.0002,0.0992,1.0,1.0,10.0781,781198,47328,0.2153
tencentBlock.ns18188.oracleGeneral.zst,3896744,226213,0.0036,0.0002,0.0581,1.0,1.0,17.226,781194,69394,0.3068
tencentBlock.ns18180.oracleGeneral.zst,2840857,197531,0.0026,0.0002,0.0695,1.0,1.0,14.3818,781198,74342,0.3764
tencentBlock.ns18172.oracleGeneral.zst,4016822,389410,0.0037,0.0004,0.0969,1.0,1.0,10.3151,781197,110568,0.2839
tencentBlock.ns1817.oracleGeneral.zst,1314062,200746,0.0012,0.0002,0.1528,1.0,1.0,6.5459,781200,40662,0.2026
tencentBlock.ns18168.oracleGeneral.zst,3584213,385543,0.0033,0.0004,0.1076,1.0,1.0,9.2965,781198,68541,0.1778
tencentBlock.ns18167.oracleGeneral.zst,2460762,175657,0.0023,0.0002,0.0714,1.0,1.0,14.0089,781198,45902,0.2613
tencentBlock.ns18157.oracleGeneral.zst,1324478,292237,0.0012,0.0003,0.2206,1.0,1.0,4.5322,781198,69146,0.2366
tencentBlock.ns18133.oracleGeneral.zst,146471961,1061604,0.1364,0.001,0.0072,1.0,1.0,137.9723,781197,124680,0.1174
tencentBlock.ns18128.oracleGeneral.zst,7973463,554883,0.0074,0.0005,0.0696,1.0,1.0,14.3696,781198,105727,0.1905
tencentBlock.ns18121.oracleGeneral.zst,1441526,168119,0.0013,0.0002,0.1166,1.0,1.0,8.5744,781196,13989,0.0832
tencentBlock.ns1811.oracleGeneral.zst,4732216,252765,0.0044,0.0002,0.0534,1.0,1.0,18.7218,781200,101777,0.4027
tencentBlock.ns18108.oracleGeneral.zst,2170707,129035,0.002,0.0001,0.0594,1.0,1.0,16.8226,781194,2528,0.0196
tencentBlock.ns18094.oracleGeneral.zst,2494096,209502,0.0023,0.0002,0.084,1.0,1.0,11.9049,781194,30598,0.1461
tencentBlock.ns18072.oracleGeneral.zst,2634516,180638,0.0025,0.0002,0.0686,1.0,1.0,14.5845,781197,41218,0.2282
tencentBlock.ns18063.oracleGeneral.zst,2223258,147106,0.0021,0.0001,0.0662,1.0,1.0,15.1133,781198,2593,0.0176
tencentBlock.ns18060.oracleGeneral.zst,1341903,140978,0.0012,0.0001,0.1051,1.0,1.0,9.5185,781198,10511,0.0746
tencentBlock.ns18055.oracleGeneral.zst,2812006,165456,0.0026,0.0002,0.0588,1.0,1.0,16.9955,781196,10349,0.0625
tencentBlock.ns18052.oracleGeneral.zst,3380423,384191,0.0031,0.0004,0.1137,1.0,1.0,8.7988,781196,74051,0.1927
tencentBlock.ns18047.oracleGeneral.zst,2540212,219717,0.0024,0.0002,0.0865,1.0,1.0,11.5613,781197,54843,0.2496
tencentBlock.ns18038.oracleGeneral.zst,1883568,143581,0.0018,0.0001,0.0762,1.0,1.0,13.1185,781197,518,0.0036
tencentBlock.ns18027.oracleGeneral.zst,5535012,281533,0.0052,0.0003,0.0509,1.0,1.0,19.6603,781197,144661,0.5138
tencentBlock.ns1802.oracleGeneral.zst,54971780,2251981,0.0512,0.0021,0.041,1.0,1.0,24.4104,781200,133501,0.0593
tencentBlock.ns18013.oracleGeneral.zst,4650153,464842,0.0043,0.0004,0.1,1.0,1.0,10.0037,781197,83329,0.1793
tencentBlock.ns18004.oracleGeneral.zst,1354289,110420,0.0013,0.0001,0.0815,1.0,1.0,12.2649,781198,16942,0.1534
tencentBlock.ns17998.oracleGeneral.zst,8795019,1385651,0.0082,0.0013,0.1575,1.0,1.0,6.3472,781195,122590,0.0885
tencentBlock.ns17991.oracleGeneral.zst,4523871,535286,0.0042,0.0005,0.1183,1.0,1.0,8.4513,781197,118070,0.2206
tencentBlock.ns1799.oracleGeneral.zst,1268661,127839,0.0012,0.0001,0.1008,1.0,1.0,9.9239,781198,3347,0.0262
tencentBlock.ns17988.oracleGeneral.zst,3595570,356377,0.0033,0.0003,0.0991,1.0,1.0,10.0892,781195,134529,0.3775
tencentBlock.ns17983.oracleGeneral.zst,7342454,172921,0.0068,0.0002,0.0236,1.0,1.0,42.4613,781198,13636,0.0789
tencentBlock.ns17981.oracleGeneral.zst,2295266,232214,0.0021,0.0002,0.1012,1.0,1.0,9.8843,781198,47134,0.203
tencentBlock.ns17974.oracleGeneral.zst,1125659,140166,0.001,0.0001,0.1245,1.0,1.0,8.0309,781196,3442,0.0246
tencentBlock.ns17972.oracleGeneral.zst,5736772,146124,0.0053,0.0001,0.0255,1.0,1.0,39.2596,781197,31799,0.2176
tencentBlock.ns17963.oracleGeneral.zst,1652394,134913,0.0015,0.0001,0.0816,1.0,1.0,12.2478,781198,5246,0.0389
tencentBlock.ns17958.oracleGeneral.zst,1834277,167196,0.0017,0.0002,0.0912,1.0,1.0,10.9708,781198,12377,0.074
tencentBlock.ns17954.oracleGeneral.zst,1603438,279241,0.0015,0.0003,0.1742,1.0,1.0,5.7421,781197,59562,0.2133
tencentBlock.ns17940.oracleGeneral.zst,2429829,104740,0.0023,0.0001,0.0431,1.0,1.0,23.1987,781198,21190,0.2023
tencentBlock.ns17932.oracleGeneral.zst,2558511,237434,0.0024,0.0002,0.0928,1.0,1.0,10.7757,781196,47109,0.1984
tencentBlock.ns17912.oracleGeneral.zst,1893879,229080,0.0018,0.0002,0.121,1.0,1.0,8.2673,781196,80978,0.3535
tencentBlock.ns17910.oracleGeneral.zst,1346151,134084,0.0013,0.0001,0.0996,1.0,1.0,10.0396,781198,4681,0.0349
tencentBlock.ns1791.oracleGeneral.zst,9391700,1447842,0.0087,0.0013,0.1542,1.0,1.0,6.4867,781200,603178,0.4166
tencentBlock.ns17906.oracleGeneral.zst,1053779,200539,0.001,0.0002,0.1903,1.0,1.0,5.2547,781194,28479,0.142
tencentBlock.ns17902.oracleGeneral.zst,3456228,353997,0.0032,0.0003,0.1024,1.0,1.0,9.7634,781197,96001,0.2712
tencentBlock.ns17891.oracleGeneral.zst,1088412,115934,0.001,0.0001,0.1065,1.0,1.0,9.3882,781196,7416,0.064
tencentBlock.ns17887.oracleGeneral.zst,1021625,129330,0.001,0.0001,0.1266,1.0,1.0,7.8994,781197,4220,0.0326
tencentBlock.ns17885.oracleGeneral.zst,2037246,209876,0.0019,0.0002,0.103,1.0,1.0,9.7069,781198,54697,0.2606
tencentBlock.ns17882.oracleGeneral.zst,4787337,430431,0.0045,0.0004,0.0899,1.0,1.0,11.1222,781193,25711,0.0597
tencentBlock.ns17878.oracleGeneral.zst,5068107,483257,0.0047,0.0005,0.0954,1.0,1.0,10.4874,781195,20476,0.0424
tencentBlock.ns17873.oracleGeneral.zst,2808729,186936,0.0026,0.0002,0.0666,1.0,1.0,15.0251,781198,73742,0.3945
tencentBlock.ns17867.oracleGeneral.zst,2541996,232601,0.0024,0.0002,0.0915,1.0,1.0,10.9286,781198,30660,0.1318
tencentBlock.ns17860.oracleGeneral.zst,1192899,167340,0.0011,0.0002,0.1403,1.0,1.0,7.1286,781197,16379,0.0979
tencentBlock.ns17859.oracleGeneral.zst,1155032,209544,0.0011,0.0002,0.1814,1.0,1.0,5.5121,781196,41484,0.198
tencentBlock.ns17852.oracleGeneral.zst,1482220,184400,0.0014,0.0002,0.1244,1.0,1.0,8.0381,781197,47822,0.2593
tencentBlock.ns1784.oracleGeneral.zst,3495672,710394,0.0033,0.0007,0.2032,1.0,1.0,4.9208,781200,473208,0.6661
tencentBlock.ns17837.oracleGeneral.zst,60329543,2311593,0.0562,0.0022,0.0383,1.0,1.0,26.0987,781198,140935,0.061
tencentBlock.ns17835.oracleGeneral.zst,2753040,789929,0.0026,0.0007,0.2869,1.0,1.0,3.4852,781196,516055,0.6533
tencentBlock.ns17830.oracleGeneral.zst,4441845,402005,0.0041,0.0004,0.0905,1.0,1.0,11.0492,781197,15333,0.0381
tencentBlock.ns17829.oracleGeneral.zst,3202390,179243,0.003,0.0002,0.056,1.0,1.0,17.8662,781198,21771,0.1215
tencentBlock.ns17824.oracleGeneral.zst,3164322,335969,0.0029,0.0003,0.1062,1.0,1.0,9.4185,781195,91101,0.2712
tencentBlock.ns17822.oracleGeneral.zst,1555638,190470,0.0014,0.0002,0.1224,1.0,1.0,8.1674,781198,63091,0.3312
tencentBlock.ns17818.oracleGeneral.zst,3171120,422346,0.003,0.0004,0.1332,1.0,1.0,7.5083,781197,122085,0.2891
tencentBlock.ns17813.oracleGeneral.zst,12369027,290183,0.0115,0.0003,0.0235,1.0,1.0,42.6249,781198,56270,0.1939
tencentBlock.ns17810.oracleGeneral.zst,3621178,334791,0.0034,0.0003,0.0925,1.0,1.0,10.8162,781198,96479,0.2882
tencentBlock.ns17806.oracleGeneral.zst,1791516,226242,0.0017,0.0002,0.1263,1.0,1.0,7.9186,781197,25579,0.1131
tencentBlock.ns1780.oracleGeneral.zst,9676228,575523,0.009,0.0005,0.0595,1.0,1.0,16.8129,781200,173435,0.3014
tencentBlock.ns17798.oracleGeneral.zst,1219300,201033,0.0011,0.0002,0.1649,1.0,1.0,6.0652,781196,49270,0.2451
tencentBlock.ns17793.oracleGeneral.zst,4821463,549466,0.0045,0.0005,0.114,1.0,1.0,8.7748,781198,102910,0.1873
tencentBlock.ns17792.oracleGeneral.zst,4939172,2993929,0.0046,0.0028,0.6062,1.0,1.0,1.6497,781198,2690137,0.8985
tencentBlock.ns17785.oracleGeneral.zst,1525165,227317,0.0014,0.0002,0.149,1.0,1.0,6.7094,781195,44730,0.1968
tencentBlock.ns17776.oracleGeneral.zst,1076166,136677,0.001,0.0001,0.127,1.0,1.0,7.8738,781198,5537,0.0405
tencentBlock.ns17771.oracleGeneral.zst,1183844,227214,0.0011,0.0002,0.1919,1.0,1.0,5.2103,781197,65820,0.2897
tencentBlock.ns17764.oracleGeneral.zst,8066118,596395,0.0075,0.0006,0.0739,1.0,1.0,13.5248,781198,64995,0.109
tencentBlock.ns17757.oracleGeneral.zst,3849219,411279,0.0036,0.0004,0.1068,1.0,1.0,9.3591,781197,118094,0.2871
tencentBlock.ns17755.oracleGeneral.zst,4022542,364220,0.0037,0.0003,0.0905,1.0,1.0,11.0443,781197,56511,0.1552
tencentBlock.ns17750.oracleGeneral.zst,2144918,299580,0.002,0.0003,0.1397,1.0,1.0,7.1598,781195,60611,0.2023
tencentBlock.ns17743.oracleGeneral.zst,1983278,146687,0.0018,0.0001,0.074,1.0,1.0,13.5205,781196,4605,0.0314
tencentBlock.ns17742.oracleGeneral.zst,3126026,1236909,0.0029,0.0012,0.3957,1.0,1.0,2.5273,781197,578345,0.4676
tencentBlock.ns17740.oracleGeneral.zst,1835075,324716,0.0017,0.0003,0.1769,1.0,1.0,5.6513,781198,103461,0.3186
tencentBlock.ns1774.oracleGeneral.zst,5653129,309343,0.0053,0.0003,0.0547,1.0,1.0,18.2746,781199,138593,0.448
tencentBlock.ns17723.oracleGeneral.zst,4826511,502796,0.0045,0.0005,0.1042,1.0,1.0,9.5993,781198,98248,0.1954
tencentBlock.ns17722.oracleGeneral.zst,2786775,243698,0.0026,0.0002,0.0874,1.0,1.0,11.4354,781193,12505,0.0513
tencentBlock.ns17705.oracleGeneral.zst,1353622,180353,0.0013,0.0002,0.1332,1.0,1.0,7.5054,781195,90310,0.5007
tencentBlock.ns17697.oracleGeneral.zst,1127610,278493,0.0011,0.0003,0.247,1.0,1.0,4.049,781194,130439,0.4684
tencentBlock.ns17692.oracleGeneral.zst,1396968,201729,0.0013,0.0002,0.1444,1.0,1.0,6.925,781196,34203,0.1695
tencentBlock.ns17689.oracleGeneral.zst,1407919,335258,0.0013,0.0003,0.2381,1.0,1.0,4.1995,781194,191636,0.5716
tencentBlock.ns17681.oracleGeneral.zst,8172887,484127,0.0076,0.0005,0.0592,1.0,1.0,16.8817,781198,189431,0.3913
tencentBlock.ns17680.oracleGeneral.zst,5208344,587083,0.0049,0.0005,0.1127,1.0,1.0,8.8716,781197,109951,0.1873
tencentBlock.ns17676.oracleGeneral.zst,1872517,321545,0.0017,0.0003,0.1717,1.0,1.0,5.8235,781198,60234,0.1873
tencentBlock.ns17675.oracleGeneral.zst,1031923,135902,0.001,0.0001,0.1317,1.0,1.0,7.5931,781196,4744,0.0349
tencentBlock.ns17671.oracleGeneral.zst,6152276,700043,0.0057,0.0007,0.1138,1.0,1.0,8.7884,781198,201436,0.2877
tencentBlock.ns17668.oracleGeneral.zst,1470615,271114,0.0014,0.0003,0.1844,1.0,1.0,5.4243,781195,93531,0.345
tencentBlock.ns17665.oracleGeneral.zst,1868030,502318,0.0017,0.0005,0.2689,1.0,1.0,3.7188,781196,159818,0.3182
tencentBlock.ns17657.oracleGeneral.zst,2709985,253245,0.0025,0.0002,0.0934,1.0,1.0,10.701,781195,53484,0.2112
tencentBlock.ns1765.oracleGeneral.zst,46049697,243338,0.0429,0.0002,0.0053,1.0,1.0,189.2417,781200,19837,0.0815
tencentBlock.ns17645.oracleGeneral.zst,4200512,471045,0.0039,0.0004,0.1121,1.0,1.0,8.9174,781198,89750,0.1905
tencentBlock.ns17644.oracleGeneral.zst,31330054,2597724,0.0292,0.0024,0.0829,1.0,1.0,12.0606,781198,250870,0.0966
tencentBlock.ns17638.oracleGeneral.zst,4234609,513527,0.0039,0.0005,0.1213,1.0,1.0,8.2461,781198,132490,0.258
tencentBlock.ns17629.oracleGeneral.zst,2151101,195879,0.002,0.0002,0.0911,1.0,1.0,10.9818,781194,20860,0.1065
tencentBlock.ns17620.oracleGeneral.zst,1052483,174530,0.001,0.0002,0.1658,1.0,1.0,6.0304,781196,30804,0.1765
tencentBlock.ns17615.oracleGeneral.zst,1235209,192795,0.0012,0.0002,0.1561,1.0,1.0,6.4069,781198,43430,0.2253
tencentBlock.ns17606.oracleGeneral.zst,35091233,532121,0.0327,0.0005,0.0152,1.0,1.0,65.946,781196,197064,0.3703
tencentBlock.ns17604.oracleGeneral.zst,2929764,154435,0.0027,0.0001,0.0527,1.0,1.0,18.9709,781198,11738,0.076
tencentBlock.ns17601.oracleGeneral.zst,1477392,119701,0.0014,0.0001,0.081,1.0,1.0,12.3424,781197,3850,0.0322
tencentBlock.ns17593.oracleGeneral.zst,4175246,407385,0.0039,0.0004,0.0976,1.0,1.0,10.2489,781197,65748,0.1614
tencentBlock.ns17585.oracleGeneral.zst,3497058,324815,0.0033,0.0003,0.0929,1.0,1.0,10.7663,781198,97318,0.2996
tencentBlock.ns17579.oracleGeneral.zst,3769594,358611,0.0035,0.0003,0.0951,1.0,1.0,10.5117,781198,84618,0.236
tencentBlock.ns17573.oracleGeneral.zst,1632062,172519,0.0015,0.0002,0.1057,1.0,1.0,9.4602,781197,3120,0.0181
tencentBlock.ns17571.oracleGeneral.zst,2563084,237732,0.0024,0.0002,0.0928,1.0,1.0,10.7814,781195,30895,0.13
tencentBlock.ns17570.oracleGeneral.zst,6091225,446310,0.0057,0.0004,0.0733,1.0,1.0,13.648,781198,266385,0.5969
tencentBlock.ns1757.oracleGeneral.zst,15848477,1351578,0.0148,0.0013,0.0853,1.0,1.0,11.7259,781200,397236,0.2939
tencentBlock.ns17567.oracleGeneral.zst,4319868,491450,0.004,0.0005,0.1138,1.0,1.0,8.79,781197,128959,0.2624
tencentBlock.ns17559.oracleGeneral.zst,6566696,817227,0.0061,0.0008,0.1245,1.0,1.0,8.0353,781197,280318,0.343
tencentBlock.ns17558.oracleGeneral.zst,1913572,218296,0.0018,0.0002,0.1141,1.0,1.0,8.766,781197,66622,0.3052
tencentBlock.ns17553.oracleGeneral.zst,3334707,165541,0.0031,0.0002,0.0496,1.0,1.0,20.1443,781197,50882,0.3074
tencentBlock.ns1755.oracleGeneral.zst,5587501,678947,0.0052,0.0006,0.1215,1.0,1.0,8.2297,781200,188599,0.2778
tencentBlock.ns17546.oracleGeneral.zst,1240253,143633,0.0012,0.0001,0.1158,1.0,1.0,8.6349,781195,3553,0.0247
tencentBlock.ns17541.oracleGeneral.zst,4126818,424978,0.0038,0.0004,0.103,1.0,1.0,9.7107,781196,138978,0.327
tencentBlock.ns17531.oracleGeneral.zst,1356936,152173,0.0013,0.0001,0.1121,1.0,1.0,8.9171,781194,4595,0.0302
tencentBlock.ns1753.oracleGeneral.zst,21032365,343669,0.0196,0.0003,0.0163,1.0,1.0,61.1995,781200,41159,0.1198
tencentBlock.ns17525.oracleGeneral.zst,1724790,153067,0.0016,0.0001,0.0887,1.0,1.0,11.2682,781197,45376,0.2964
tencentBlock.ns17524.oracleGeneral.zst,4695812,493882,0.0044,0.0005,0.1052,1.0,1.0,9.508,781198,100635,0.2038
tencentBlock.ns17519.oracleGeneral.zst,3751540,417916,0.0035,0.0004,0.1114,1.0,1.0,8.9768,781195,106450,0.2547
tencentBlock.ns17513.oracleGeneral.zst,52688825,2077333,0.0491,0.0019,0.0394,1.0,1.0,25.3637,781198,99216,0.0478
tencentBlock.ns17507.oracleGeneral.zst,1602162,178478,0.0015,0.0002,0.1114,1.0,1.0,8.9768,781197,14091,0.079
tencentBlock.ns17504.oracleGeneral.zst,2560134,228792,0.0024,0.0002,0.0894,1.0,1.0,11.1898,781196,65423,0.2859
tencentBlock.ns17495.oracleGeneral.zst,2102062,307123,0.002,0.0003,0.1461,1.0,1.0,6.8444,781196,109298,0.3559
tencentBlock.ns17489.oracleGeneral.zst,1311219,223645,0.0012,0.0002,0.1706,1.0,1.0,5.8629,781196,55026,0.246
tencentBlock.ns17482.oracleGeneral.zst,2696583,413461,0.0025,0.0004,0.1533,1.0,1.0,6.522,781196,159303,0.3853
tencentBlock.ns17474.oracleGeneral.zst,3418034,295508,0.0032,0.0003,0.0865,1.0,1.0,11.5666,781198,32943,0.1115
tencentBlock.ns17470.oracleGeneral.zst,1140409,228083,0.0011,0.0002,0.2,1.0,1.0,5.0,781196,141233,0.6192
tencentBlock.ns17465.oracleGeneral.zst,1102164,148518,0.001,0.0001,0.1348,1.0,1.0,7.4211,781197,27624,0.186
tencentBlock.ns17463.oracleGeneral.zst,1370131,247519,0.0013,0.0002,0.1807,1.0,1.0,5.5355,781194,38256,0.1546
tencentBlock.ns17460.oracleGeneral.zst,2556288,237368,0.0024,0.0002,0.0929,1.0,1.0,10.7693,781197,42974,0.181
tencentBlock.ns1746.oracleGeneral.zst,7123445,325409,0.0066,0.0003,0.0457,1.0,1.0,21.8907,781200,133109,0.4091
tencentBlock.ns17452.oracleGeneral.zst,2835811,647730,0.0026,0.0006,0.2284,1.0,1.0,4.3781,781194,324865,0.5015
tencentBlock.ns17444.oracleGeneral.zst,1477801,136672,0.0014,0.0001,0.0925,1.0,1.0,10.8128,781196,5482,0.0401
tencentBlock.ns17435.oracleGeneral.zst,1741514,489486,0.0016,0.0005,0.2811,1.0,1.0,3.5578,781195,169693,0.3467
tencentBlock.ns17432.oracleGeneral.zst,1750178,146108,0.0016,0.0001,0.0835,1.0,1.0,11.9787,781194,3021,0.0207
tencentBlock.ns17428.oracleGeneral.zst,1051309,156692,0.001,0.0001,0.149,1.0,1.0,6.7094,781196,8123,0.0518
tencentBlock.ns17412.oracleGeneral.zst,3928626,326641,0.0037,0.0003,0.0831,1.0,1.0,12.0274,781198,44166,0.1352
tencentBlock.ns1740.oracleGeneral.zst,3742682,826165,0.0035,0.0008,0.2207,1.0,1.0,4.5302,781197,424398,0.5137
tencentBlock.ns17393.oracleGeneral.zst,6638027,1184934,0.0062,0.0011,0.1785,1.0,1.0,5.602,781198,356165,0.3006
tencentBlock.ns17389.oracleGeneral.zst,15218993,1949633,0.0142,0.0018,0.1281,1.0,1.0,7.8061,781196,647018,0.3319
tencentBlock.ns17382.oracleGeneral.zst,4001954,234052,0.0037,0.0002,0.0585,1.0,1.0,17.0986,781195,29987,0.1281
tencentBlock.ns17367.oracleGeneral.zst,1346849,162298,0.0013,0.0002,0.1205,1.0,1.0,8.2986,781198,25298,0.1559
tencentBlock.ns17358.oracleGeneral.zst,2491035,433174,0.0023,0.0004,0.1739,1.0,1.0,5.7507,781198,203000,0.4686
tencentBlock.ns17339.oracleGeneral.zst,6585558,854447,0.0061,0.0008,0.1297,1.0,1.0,7.7074,781198,407436,0.4768
tencentBlock.ns1733.oracleGeneral.zst,1511480,255075,0.0014,0.0002,0.1688,1.0,1.0,5.9256,781200,51207,0.2008
tencentBlock.ns17326.oracleGeneral.zst,3173069,324591,0.003,0.0003,0.1023,1.0,1.0,9.7756,781195,46716,0.1439
tencentBlock.ns17317.oracleGeneral.zst,5625937,535127,0.0052,0.0005,0.0951,1.0,1.0,10.5133,781194,118654,0.2217
tencentBlock.ns17304.oracleGeneral.zst,2543891,266207,0.0024,0.0002,0.1046,1.0,1.0,9.5561,781195,86390,0.3245
tencentBlock.ns17301.oracleGeneral.zst,1650632,195281,0.0015,0.0002,0.1183,1.0,1.0,8.4526,781197,59122,0.3028
tencentBlock.ns1730.oracleGeneral.zst,129624110,7810914,0.1207,0.0073,0.0603,1.0,1.0,16.5953,781200,4570833,0.5852
tencentBlock.ns17296.oracleGeneral.zst,1417082,223185,0.0013,0.0002,0.1575,1.0,1.0,6.3494,781198,57477,0.2575
tencentBlock.ns17295.oracleGeneral.zst,5925262,402732,0.0055,0.0004,0.068,1.0,1.0,14.7127,781198,134076,0.3329
tencentBlock.ns17293.oracleGeneral.zst,1543528,177427,0.0014,0.0002,0.1149,1.0,1.0,8.6995,781198,29351,0.1654
tencentBlock.ns17282.oracleGeneral.zst,1326862,183933,0.0012,0.0002,0.1386,1.0,1.0,7.2138,781193,23864,0.1297
tencentBlock.ns1727.oracleGeneral.zst,2307787,262219,0.0021,0.0002,0.1136,1.0,1.0,8.801,781199,55845,0.213
tencentBlock.ns17269.oracleGeneral.zst,3838979,356727,0.0036,0.0003,0.0929,1.0,1.0,10.7617,781198,77126,0.2162
tencentBlock.ns17268.oracleGeneral.zst,1293582,219739,0.0012,0.0002,0.1699,1.0,1.0,5.8869,781197,48265,0.2196
tencentBlock.ns17261.oracleGeneral.zst,1365010,138170,0.0013,0.0001,0.1012,1.0,1.0,9.8792,781197,2354,0.017
tencentBlock.ns17253.oracleGeneral.zst,3601450,348501,0.0034,0.0003,0.0968,1.0,1.0,10.3341,781198,111988,0.3213
tencentBlock.ns17247.oracleGeneral.zst,3809040,398014,0.0035,0.0004,0.1045,1.0,1.0,9.5701,781197,82111,0.2063
tencentBlock.ns17236.oracleGeneral.zst,1384615,215275,0.0013,0.0002,0.1555,1.0,1.0,6.4318,781198,32957,0.1531
tencentBlock.ns17229.oracleGeneral.zst,1755225,184547,0.0016,0.0002,0.1051,1.0,1.0,9.511,781197,29009,0.1572
tencentBlock.ns17227.oracleGeneral.zst,2313755,225204,0.0022,0.0002,0.0973,1.0,1.0,10.274,781195,61805,0.2744
tencentBlock.ns17220.oracleGeneral.zst,1357896,150558,0.0013,0.0001,0.1109,1.0,1.0,9.0191,781196,11421,0.0759
tencentBlock.ns1722.oracleGeneral.zst,2455193,608940,0.0023,0.0006,0.248,1.0,1.0,4.0319,781199,366533,0.6019
tencentBlock.ns17212.oracleGeneral.zst,3113684,350220,0.0029,0.0003,0.1125,1.0,1.0,8.8907,781192,86079,0.2458
tencentBlock.ns17209.oracleGeneral.zst,1946316,207511,0.0018,0.0002,0.1066,1.0,1.0,9.3793,781197,54135,0.2609
tencentBlock.ns17202.oracleGeneral.zst,3853915,466151,0.0036,0.0004,0.121,1.0,1.0,8.2675,781197,155106,0.3327
tencentBlock.ns17194.oracleGeneral.zst,2342801,169418,0.0022,0.0002,0.0723,1.0,1.0,13.8285,688950,31632,0.1867
tencentBlock.ns17191.oracleGeneral.zst,1383682,149056,0.0013,0.0001,0.1077,1.0,1.0,9.283,345844,48535,0.3256
tencentBlock.ns17184.oracleGeneral.zst,2127786,174760,0.002,0.0002,0.0821,1.0,1.0,12.1755,781196,1697,0.0097
tencentBlock.ns17179.oracleGeneral.zst,1764106,180922,0.0016,0.0002,0.1026,1.0,1.0,9.7506,781198,2672,0.0148
tencentBlock.ns17173.oracleGeneral.zst,10476500,1498340,0.0098,0.0014,0.143,1.0,1.0,6.9921,781198,587564,0.3921
tencentBlock.ns1717.oracleGeneral.zst,1699835,147239,0.0016,0.0001,0.0866,1.0,1.0,11.5447,781194,48631,0.3303
tencentBlock.ns17169.oracleGeneral.zst,2977409,339937,0.0028,0.0003,0.1142,1.0,1.0,8.7587,781194,82681,0.2432
tencentBlock.ns17160.oracleGeneral.zst,1589752,191589,0.0015,0.0002,0.1205,1.0,1.0,8.2977,781198,34960,0.1825
tencentBlock.ns17154.oracleGeneral.zst,1410662,159963,0.0013,0.0001,0.1134,1.0,1.0,8.8187,781196,17004,0.1063
tencentBlock.ns17149.oracleGeneral.zst,4267309,538335,0.004,0.0005,0.1262,1.0,1.0,7.9269,781197,246617,0.4581
tencentBlock.ns17143.oracleGeneral.zst,3059936,288672,0.0028,0.0003,0.0943,1.0,1.0,10.6,781195,82038,0.2842
tencentBlock.ns17141.oracleGeneral.zst,2243329,308687,0.0021,0.0003,0.1376,1.0,1.0,7.2673,781178,100914,0.3269
tencentBlock.ns17132.oracleGeneral.zst,2875852,309562,0.0027,0.0003,0.1076,1.0,1.0,9.2901,781198,58424,0.1887
tencentBlock.ns17124.oracleGeneral.zst,1200368,231735,0.0011,0.0002,0.1931,1.0,1.0,5.1799,781198,70393,0.3038
tencentBlock.ns17115.oracleGeneral.zst,1333017,577965,0.0012,0.0005,0.4336,1.0,1.0,2.3064,781197,494916,0.8563
tencentBlock.ns17114.oracleGeneral.zst,14782642,351738,0.0138,0.0003,0.0238,1.0,1.0,42.0274,781198,44647,0.1269
tencentBlock.ns17112.oracleGeneral.zst,3226287,423199,0.003,0.0004,0.1312,1.0,1.0,7.6236,781196,134279,0.3173
tencentBlock.ns17111.oracleGeneral.zst,1298023,139201,0.0012,0.0001,0.1072,1.0,1.0,9.3248,781196,24649,0.1771
tencentBlock.ns17094.oracleGeneral.zst,4733188,451608,0.0044,0.0004,0.0954,1.0,1.0,10.4807,781198,132960,0.2944
tencentBlock.ns17085.oracleGeneral.zst,1558553,145521,0.0015,0.0001,0.0934,1.0,1.0,10.7102,781197,48282,0.3318
tencentBlock.ns17082.oracleGeneral.zst,4379218,202257,0.0041,0.0002,0.0462,1.0,1.0,21.6518,781197,58009,0.2868
tencentBlock.ns17081.oracleGeneral.zst,2467434,562501,0.0023,0.0005,0.228,1.0,1.0,4.3865,781198,372547,0.6623
tencentBlock.ns17073.oracleGeneral.zst,2180773,267987,0.002,0.0002,0.1229,1.0,1.0,8.1376,781196,64171,0.2395
tencentBlock.ns17070.oracleGeneral.zst,2092582,178036,0.0019,0.0002,0.0851,1.0,1.0,11.7537,781197,76624,0.4304
tencentBlock.ns1707.oracleGeneral.zst,57743163,574069,0.0538,0.0005,0.0099,1.0,1.0,100.5858,781199,139525,0.243
tencentBlock.ns17061.oracleGeneral.zst,1807038,235104,0.0017,0.0002,0.1301,1.0,1.0,7.6861,781196,48852,0.2078
tencentBlock.ns17060.oracleGeneral.zst,5651025,350247,0.0053,0.0003,0.062,1.0,1.0,16.1344,781194,112729,0.3219
tencentBlock.ns17052.oracleGeneral.zst,1256265,217014,0.0012,0.0002,0.1727,1.0,1.0,5.7889,781197,49739,0.2292
tencentBlock.ns17044.oracleGeneral.zst,4041588,844413,0.0038,0.0008,0.2089,1.0,1.0,4.7863,781198,445058,0.5271
tencentBlock.ns17038.oracleGeneral.zst,1068613,177339,0.001,0.0002,0.166,1.0,1.0,6.0258,781195,31565,0.178
tencentBlock.ns17035.oracleGeneral.zst,4609924,599582,0.0043,0.0006,0.1301,1.0,1.0,7.6886,781194,154420,0.2575
tencentBlock.ns17026.oracleGeneral.zst,4421028,493244,0.0041,0.0005,0.1116,1.0,1.0,8.9632,781197,89216,0.1809
tencentBlock.ns17018.oracleGeneral.zst,2378268,178604,0.0022,0.0002,0.0751,1.0,1.0,13.3159,781194,74709,0.4183
tencentBlock.ns17013.oracleGeneral.zst,10257045,698703,0.0096,0.0007,0.0681,1.0,1.0,14.6801,781197,129876,0.1859
tencentBlock.ns17010.oracleGeneral.zst,10595455,1498518,0.0099,0.0014,0.1414,1.0,1.0,7.0706,781196,578893,0.3863
tencentBlock.ns17009.oracleGeneral.zst,3178794,1236215,0.003,0.0012,0.3889,1.0,1.0,2.5714,781197,583183,0.4717
tencentBlock.ns17007.oracleGeneral.zst,3906387,342476,0.0036,0.0003,0.0877,1.0,1.0,11.4063,781198,89113,0.2602
tencentBlock.ns17002.oracleGeneral.zst,3740289,116409,0.0035,0.0001,0.0311,1.0,1.0,32.1306,781198,34735,0.2984
tencentBlock.ns16999.oracleGeneral.zst,3481733,324149,0.0032,0.0003,0.0931,1.0,1.0,10.7411,781195,95222,0.2938
tencentBlock.ns16991.oracleGeneral.zst,1278446,129691,0.0012,0.0001,0.1014,1.0,1.0,9.8576,781198,4566,0.0352
tencentBlock.ns1699.oracleGeneral.zst,44738801,2182273,0.0417,0.002,0.0488,1.0,1.0,20.501,781198,125016,0.0573
tencentBlock.ns16983.oracleGeneral.zst,1672772,193737,0.0016,0.0002,0.1158,1.0,1.0,8.6342,781198,35779,0.1847
tencentBlock.ns16977.oracleGeneral.zst,1931994,309035,0.0018,0.0003,0.16,1.0,1.0,6.2517,781196,95326,0.3085
tencentBlock.ns16975.oracleGeneral.zst,3912023,449524,0.0036,0.0004,0.1149,1.0,1.0,8.7026,781196,80290,0.1786
tencentBlock.ns16973.oracleGeneral.zst,2922597,258478,0.0027,0.0002,0.0884,1.0,1.0,11.3069,781197,70577,0.273
tencentBlock.ns16964.oracleGeneral.zst,2297825,249838,0.0021,0.0002,0.1087,1.0,1.0,9.1973,781198,64633,0.2587
tencentBlock.ns16957.oracleGeneral.zst,2782498,302391,0.0026,0.0003,0.1087,1.0,1.0,9.2017,781198,111395,0.3684
tencentBlock.ns16954.oracleGeneral.zst,2299162,113652,0.0021,0.0001,0.0494,1.0,1.0,20.2298,781198,48763,0.4291
tencentBlock.ns16952.oracleGeneral.zst,4071447,445269,0.0038,0.0004,0.1094,1.0,1.0,9.1438,781196,89404,0.2008
tencentBlock.ns1695.oracleGeneral.zst,9029667,750782,0.0084,0.0007,0.0831,1.0,1.0,12.027,781200,206473,0.275
tencentBlock.ns16946.oracleGeneral.zst,1630403,279508,0.0015,0.0003,0.1714,1.0,1.0,5.8331,781196,44318,0.1586
tencentBlock.ns16944.oracleGeneral.zst,3652305,436262,0.0034,0.0004,0.1194,1.0,1.0,8.3718,781198,119122,0.2731
tencentBlock.ns16923.oracleGeneral.zst,3462740,1021631,0.0032,0.001,0.295,1.0,1.0,3.3894,781195,445684,0.4362
tencentBlock.ns16920.oracleGeneral.zst,3824105,415561,0.0036,0.0004,0.1087,1.0,1.0,9.2023,781196,83561,0.2011
tencentBlock.ns16919.oracleGeneral.zst,1459451,172141,0.0014,0.0002,0.1179,1.0,1.0,8.4782,781198,26907,0.1563
tencentBlock.ns16918.oracleGeneral.zst,56997689,2562974,0.0531,0.0024,0.045,1.0,1.0,22.2389,781198,319140,0.1245
tencentBlock.ns16912.oracleGeneral.zst,3922013,469502,0.0037,0.0004,0.1197,1.0,1.0,8.3536,781195,139259,0.2966
tencentBlock.ns16903.oracleGeneral.zst,1346967,143193,0.0013,0.0001,0.1063,1.0,1.0,9.4067,781195,4511,0.0315
tencentBlock.ns1690.oracleGeneral.zst,4503048,153794,0.0042,0.0001,0.0342,1.0,1.0,29.2797,781200,26909,0.175
tencentBlock.ns16897.oracleGeneral.zst,4708544,662138,0.0044,0.0006,0.1406,1.0,1.0,7.1111,781196,300578,0.454
tencentBlock.ns16880.oracleGeneral.zst,2820321,241178,0.0026,0.0002,0.0855,1.0,1.0,11.6939,781197,50671,0.2101
tencentBlock.ns1688.oracleGeneral.zst,10127448,275685,0.0094,0.0003,0.0272,1.0,1.0,36.7356,781200,19353,0.0702
tencentBlock.ns16878.oracleGeneral.zst,3968154,410505,0.0037,0.0004,0.1034,1.0,1.0,9.6665,781198,75878,0.1848
tencentBlock.ns16874.oracleGeneral.zst,3415462,238457,0.0032,0.0002,0.0698,1.0,1.0,14.3232,781198,95659,0.4012
tencentBlock.ns16868.oracleGeneral.zst,8660693,1000215,0.0081,0.0009,0.1155,1.0,1.0,8.6588,781198,381389,0.3813
tencentBlock.ns16864.oracleGeneral.zst,5937784,2199502,0.0055,0.002,0.3704,1.0,1.0,2.6996,781197,1178922,0.536
tencentBlock.ns16849.oracleGeneral.zst,3325906,412961,0.0031,0.0004,0.1242,1.0,1.0,8.0538,781197,95891,0.2322
tencentBlock.ns16846.oracleGeneral.zst,4054765,126811,0.0038,0.0001,0.0313,1.0,1.0,31.9749,781198,35167,0.2773
tencentBlock.ns16839.oracleGeneral.zst,2036534,200705,0.0019,0.0002,0.0986,1.0,1.0,10.1469,781194,6908,0.0344
tencentBlock.ns16837.oracleGeneral.zst,5701621,678546,0.0053,0.0006,0.119,1.0,1.0,8.4027,781198,172852,0.2547
tencentBlock.ns16828.oracleGeneral.zst,1640424,161330,0.0015,0.0002,0.0983,1.0,1.0,10.1681,781198,1587,0.0098
tencentBlock.ns16825.oracleGeneral.zst,1724446,144707,0.0016,0.0001,0.0839,1.0,1.0,11.9168,781197,5165,0.0357
tencentBlock.ns16820.oracleGeneral.zst,4278578,454804,0.004,0.0004,0.1063,1.0,1.0,9.4075,781196,81563,0.1793
tencentBlock.ns1682.oracleGeneral.zst,10283408,584574,0.0096,0.0005,0.0568,1.0,1.0,17.5913,781200,115155,0.197
tencentBlock.ns16816.oracleGeneral.zst,3826942,450584,0.0036,0.0004,0.1177,1.0,1.0,8.4933,781193,104655,0.2323
tencentBlock.ns16810.oracleGeneral.zst,1481875,238330,0.0014,0.0002,0.1608,1.0,1.0,6.2177,781197,52425,0.22
tencentBlock.ns16809.oracleGeneral.zst,1456016,141020,0.0014,0.0001,0.0969,1.0,1.0,10.3249,781195,5903,0.0419
tencentBlock.ns16804.oracleGeneral.zst,1497971,139430,0.0014,0.0001,0.0931,1.0,1.0,10.7435,781198,5868,0.0421
tencentBlock.ns16797.oracleGeneral.zst,4767672,459640,0.0044,0.0004,0.0964,1.0,1.0,10.3726,781196,142842,0.3108
tencentBlock.ns1679.oracleGeneral.zst,13391438,484995,0.0125,0.0005,0.0362,1.0,1.0,27.6115,781200,96359,0.1987
tencentBlock.ns16788.oracleGeneral.zst,10033636,1150461,0.0093,0.0011,0.1147,1.0,1.0,8.7214,781198,386067,0.3356
tencentBlock.ns16779.oracleGeneral.zst,2140863,309930,0.002,0.0003,0.1448,1.0,1.0,6.9076,781195,121082,0.3907
tencentBlock.ns16775.oracleGeneral.zst,1135256,193993,0.0011,0.0002,0.1709,1.0,1.0,5.852,781197,34106,0.1758
tencentBlock.ns16764.oracleGeneral.zst,2182987,153376,0.002,0.0001,0.0703,1.0,1.0,14.2329,781198,8053,0.0525
tencentBlock.ns16763.oracleGeneral.zst,1759349,170826,0.0016,0.0002,0.0971,1.0,1.0,10.2991,781198,1402,0.0082
tencentBlock.ns16757.oracleGeneral.zst,2634925,285776,0.0025,0.0003,0.1085,1.0,1.0,9.2202,781194,83507,0.2922
tencentBlock.ns16754.oracleGeneral.zst,1893806,354134,0.0018,0.0003,0.187,1.0,1.0,5.3477,781197,182900,0.5165
tencentBlock.ns16752.oracleGeneral.zst,6228355,358211,0.0058,0.0003,0.0575,1.0,1.0,17.3874,781198,69368,0.1937
tencentBlock.ns16751.oracleGeneral.zst,1378513,127804,0.0013,0.0001,0.0927,1.0,1.0,10.7861,781196,35257,0.2759
tencentBlock.ns16742.oracleGeneral.zst,7600373,1676410,0.0071,0.0016,0.2206,1.0,1.0,4.5337,781197,890883,0.5314
tencentBlock.ns16739.oracleGeneral.zst,14321392,8847171,0.0133,0.0082,0.6178,1.0,1.0,1.6188,781197,6337957,0.7164
tencentBlock.ns16737.oracleGeneral.zst,1328402,151779,0.0012,0.0001,0.1143,1.0,1.0,8.7522,781196,3875,0.0255
tencentBlock.ns16723.oracleGeneral.zst,2313473,203778,0.0022,0.0002,0.0881,1.0,1.0,11.3529,781194,44103,0.2164
tencentBlock.ns16715.oracleGeneral.zst,1044790,251301,0.001,0.0002,0.2405,1.0,1.0,4.1575,781198,113339,0.451
tencentBlock.ns16711.oracleGeneral.zst,1578790,284577,0.0015,0.0003,0.1803,1.0,1.0,5.5478,781195,102968,0.3618
tencentBlock.ns16710.oracleGeneral.zst,1942265,522080,0.0018,0.0005,0.2688,1.0,1.0,3.7202,781194,170504,0.3266
tencentBlock.ns16706.oracleGeneral.zst,1595874,214738,0.0015,0.0002,0.1346,1.0,1.0,7.4317,781196,42331,0.1971
tencentBlock.ns1670.oracleGeneral.zst,32521344,595753,0.0303,0.0006,0.0183,1.0,1.0,54.5886,781200,148215,0.2488
tencentBlock.ns16699.oracleGeneral.zst,3453034,308594,0.0032,0.0003,0.0894,1.0,1.0,11.1896,781196,85457,0.2769
tencentBlock.ns16692.oracleGeneral.zst,5493782,490795,0.0051,0.0005,0.0893,1.0,1.0,11.1936,781198,104016,0.2119
tencentBlock.ns16688.oracleGeneral.zst,2120467,219180,0.002,0.0002,0.1034,1.0,1.0,9.6745,781198,73145,0.3337
tencentBlock.ns16684.oracleGeneral.zst,3157322,437117,0.0029,0.0004,0.1384,1.0,1.0,7.2231,781198,94825,0.2169
tencentBlock.ns16678.oracleGeneral.zst,3745032,397504,0.0035,0.0004,0.1061,1.0,1.0,9.4214,781196,146876,0.3695
tencentBlock.ns16671.oracleGeneral.zst,1208352,154836,0.0011,0.0001,0.1281,1.0,1.0,7.8041,781197,47285,0.3054
tencentBlock.ns1666.oracleGeneral.zst,9991341,302959,0.0093,0.0003,0.0303,1.0,1.0,32.9792,781200,62745,0.2071
tencentBlock.ns16655.oracleGeneral.zst,4563807,432678,0.0043,0.0004,0.0948,1.0,1.0,10.5478,781198,99221,0.2293
tencentBlock.ns16652.oracleGeneral.zst,3851300,418133,0.0036,0.0004,0.1086,1.0,1.0,9.2107,781194,79752,0.1907
tencentBlock.ns16644.oracleGeneral.zst,8800525,148829,0.0082,0.0001,0.0169,1.0,1.0,59.1318,781197,42045,0.2825
tencentBlock.ns16642.oracleGeneral.zst,2564086,703638,0.0024,0.0007,0.2744,1.0,1.0,3.644,524680,492226,0.6995
tencentBlock.ns16639.oracleGeneral.zst,9820230,1402371,0.0091,0.0013,0.1428,1.0,1.0,7.0026,781198,300761,0.2145
tencentBlock.ns16632.oracleGeneral.zst,3633027,456468,0.0034,0.0004,0.1256,1.0,1.0,7.959,781196,179175,0.3925
tencentBlock.ns1662.oracleGeneral.zst,46078506,7363705,0.0429,0.0069,0.1598,1.0,1.0,6.2575,781200,5987461,0.8131
tencentBlock.ns16618.oracleGeneral.zst,4078610,460944,0.0038,0.0004,0.113,1.0,1.0,8.8484,781196,88518,0.192
tencentBlock.ns16613.oracleGeneral.zst,1290422,147853,0.0012,0.0001,0.1146,1.0,1.0,8.7277,781195,4902,0.0332
tencentBlock.ns16608.oracleGeneral.zst,1341788,127849,0.0012,0.0001,0.0953,1.0,1.0,10.4951,781197,2186,0.0171
tencentBlock.ns16601.oracleGeneral.zst,1333741,239440,0.0012,0.0002,0.1795,1.0,1.0,5.5703,781194,86098,0.3596
tencentBlock.ns16594.oracleGeneral.zst,3590744,467272,0.0033,0.0004,0.1301,1.0,1.0,7.6845,781195,95247,0.2038
tencentBlock.ns1659.oracleGeneral.zst,3620560,328640,0.0034,0.0003,0.0908,1.0,1.0,11.0168,170559,83334,0.2536
tencentBlock.ns16587.oracleGeneral.zst,2201457,219897,0.0021,0.0002,0.0999,1.0,1.0,10.0113,781197,59413,0.2702
tencentBlock.ns16571.oracleGeneral.zst,1142235,128438,0.0011,0.0001,0.1124,1.0,1.0,8.8933,781197,2936,0.0229
tencentBlock.ns16570.oracleGeneral.zst,2968308,366015,0.0028,0.0003,0.1233,1.0,1.0,8.1098,781194,65400,0.1787
tencentBlock.ns16566.oracleGeneral.zst,1413350,168948,0.0013,0.0002,0.1195,1.0,1.0,8.3656,781198,11331,0.0671
tencentBlock.ns16558.oracleGeneral.zst,2653039,537683,0.0025,0.0005,0.2027,1.0,1.0,4.9342,781195,288249,0.5361
tencentBlock.ns16557.oracleGeneral.zst,1108268,129864,0.001,0.0001,0.1172,1.0,1.0,8.5341,781196,2043,0.0157
tencentBlock.ns1655.oracleGeneral.zst,23145989,1600446,0.0216,0.0015,0.0691,1.0,1.0,14.4622,781200,482269,0.3013
tencentBlock.ns16546.oracleGeneral.zst,17638175,1932797,0.0164,0.0018,0.1096,1.0,1.0,9.1257,781198,350603,0.1814
tencentBlock.ns16541.oracleGeneral.zst,1126396,137104,0.001,0.0001,0.1217,1.0,1.0,8.2156,781196,4505,0.0329
tencentBlock.ns16540.oracleGeneral.zst,3152337,374071,0.0029,0.0003,0.1187,1.0,1.0,8.4271,781198,79150,0.2116
tencentBlock.ns16533.oracleGeneral.zst,1722772,194634,0.0016,0.0002,0.113,1.0,1.0,8.8513,781198,2841,0.0146
tencentBlock.ns16530.oracleGeneral.zst,30919593,507869,0.0288,0.0005,0.0164,1.0,1.0,60.881,781198,115105,0.2266
tencentBlock.ns16526.oracleGeneral.zst,3427727,319970,0.0032,0.0003,0.0933,1.0,1.0,10.7127,781193,60183,0.1881
tencentBlock.ns16517.oracleGeneral.zst,14013156,529618,0.0131,0.0005,0.0378,1.0,1.0,26.459,781197,107746,0.2034
tencentBlock.ns16508.oracleGeneral.zst,3920377,387141,0.0037,0.0004,0.0988,1.0,1.0,10.1265,781193,87052,0.2249
tencentBlock.ns16497.oracleGeneral.zst,2039283,319552,0.0019,0.0003,0.1567,1.0,1.0,6.3817,781198,102034,0.3193
tencentBlock.ns16489.oracleGeneral.zst,1952426,201849,0.0018,0.0002,0.1034,1.0,1.0,9.6727,433342,57435,0.2845
tencentBlock.ns16477.oracleGeneral.zst,4076369,526742,0.0038,0.0005,0.1292,1.0,1.0,7.7388,781195,182219,0.3459
tencentBlock.ns16470.oracleGeneral.zst,5161387,191543,0.0048,0.0002,0.0371,1.0,1.0,26.9464,781190,48447,0.2529
tencentBlock.ns16463.oracleGeneral.zst,6508583,780501,0.0061,0.0007,0.1199,1.0,1.0,8.339,781198,164048,0.2102
tencentBlock.ns1646.oracleGeneral.zst,2362031,150793,0.0022,0.0001,0.0638,1.0,1.0,15.6641,781198,4288,0.0284
tencentBlock.ns16458.oracleGeneral.zst,3027886,309682,0.0028,0.0003,0.1023,1.0,1.0,9.7774,781194,56696,0.1831
tencentBlock.ns16452.oracleGeneral.zst,2346255,260991,0.0022,0.0002,0.1112,1.0,1.0,8.9898,781197,63988,0.2452
tencentBlock.ns16450.oracleGeneral.zst,2214851,189437,0.0021,0.0002,0.0855,1.0,1.0,11.6918,781197,5762,0.0304
tencentBlock.ns16448.oracleGeneral.zst,5160446,491885,0.0048,0.0005,0.0953,1.0,1.0,10.4912,781198,82652,0.168
tencentBlock.ns16444.oracleGeneral.zst,1297358,136913,0.0012,0.0001,0.1055,1.0,1.0,9.4758,781197,1718,0.0125
tencentBlock.ns16443.oracleGeneral.zst,2856456,226421,0.0027,0.0002,0.0793,1.0,1.0,12.6157,781194,59401,0.2623
tencentBlock.ns16441.oracleGeneral.zst,1376315,148734,0.0013,0.0001,0.1081,1.0,1.0,9.2535,781198,3959,0.0266
tencentBlock.ns16433.oracleGeneral.zst,26122017,1393513,0.0243,0.0013,0.0533,1.0,1.0,18.7454,781198,572312,0.4107
tencentBlock.ns16430.oracleGeneral.zst,1298768,190624,0.0012,0.0002,0.1468,1.0,1.0,6.8132,781194,43061,0.2259
tencentBlock.ns16426.oracleGeneral.zst,4373639,437472,0.0041,0.0004,0.1,1.0,1.0,9.9975,781195,80855,0.1848
tencentBlock.ns16421.oracleGeneral.zst,1561692,152148,0.0015,0.0001,0.0974,1.0,1.0,10.2643,781194,2475,0.0163
tencentBlock.ns16417.oracleGeneral.zst,1600881,201716,0.0015,0.0002,0.126,1.0,1.0,7.9363,781197,72793,0.3609
tencentBlock.ns16411.oracleGeneral.zst,1149967,215741,0.0011,0.0002,0.1876,1.0,1.0,5.3303,781196,59704,0.2767
tencentBlock.ns16404.oracleGeneral.zst,1740737,498901,0.0016,0.0005,0.2866,1.0,1.0,3.4891,781196,171518,0.3438
tencentBlock.ns16396.oracleGeneral.zst,9032224,444000,0.0084,0.0004,0.0492,1.0,1.0,20.3428,781198,36943,0.0832
tencentBlock.ns1639.oracleGeneral.zst,9404935,610033,0.0088,0.0006,0.0649,1.0,1.0,15.4171,781200,71957,0.118
tencentBlock.ns16382.oracleGeneral.zst,3380525,389611,0.0031,0.0004,0.1153,1.0,1.0,8.6767,781197,111722,0.2868
tencentBlock.ns16379.oracleGeneral.zst,1109812,138637,0.001,0.0001,0.1249,1.0,1.0,8.0052,781196,8979,0.0648
tencentBlock.ns16376.oracleGeneral.zst,5019775,486148,0.0047,0.0005,0.0968,1.0,1.0,10.3256,273158,81655,0.168
tencentBlock.ns16370.oracleGeneral.zst,4164848,492034,0.0039,0.0005,0.1181,1.0,1.0,8.4646,781197,102310,0.2079
tencentBlock.ns16361.oracleGeneral.zst,7356202,639366,0.0069,0.0006,0.0869,1.0,1.0,11.5055,781196,148792,0.2327
tencentBlock.ns16357.oracleGeneral.zst,49437348,2873943,0.046,0.0027,0.0581,1.0,1.0,17.2019,781197,311727,0.1085
tencentBlock.ns16352.oracleGeneral.zst,1689238,111502,0.0016,0.0001,0.066,1.0,1.0,15.1498,665862,67622,0.6065
tencentBlock.ns16350.oracleGeneral.zst,5073688,524005,0.0047,0.0005,0.1033,1.0,1.0,9.6825,781196,73558,0.1404
tencentBlock.ns16337.oracleGeneral.zst,3841258,486854,0.0036,0.0005,0.1267,1.0,1.0,7.89,781197,140313,0.2882
tencentBlock.ns1633.oracleGeneral.zst,13454932,1808266,0.0125,0.0017,0.1344,1.0,1.0,7.4408,781200,1033630,0.5716
tencentBlock.ns16328.oracleGeneral.zst,5238767,405917,0.0049,0.0004,0.0775,1.0,1.0,12.906,781177,101575,0.2502
tencentBlock.ns16320.oracleGeneral.zst,1009487,110919,0.0009,0.0001,0.1099,1.0,1.0,9.1011,781197,44948,0.4052
tencentBlock.ns1632.oracleGeneral.zst,16587198,551921,0.0154,0.0005,0.0333,1.0,1.0,30.0536,781200,81953,0.1485
tencentBlock.ns16311.oracleGeneral.zst,1898487,119413,0.0018,0.0001,0.0629,1.0,1.0,15.8985,781197,29435,0.2465
tencentBlock.ns16304.oracleGeneral.zst,1768067,225714,0.0016,0.0002,0.1277,1.0,1.0,7.8332,781195,60253,0.2669
tencentBlock.ns16295.oracleGeneral.zst,2337346,115995,0.0022,0.0001,0.0496,1.0,1.0,20.1504,781198,39859,0.3436
tencentBlock.ns16294.oracleGeneral.zst,2081126,246000,0.0019,0.0002,0.1182,1.0,1.0,8.4599,402737,53313,0.2167
tencentBlock.ns16287.oracleGeneral.zst,2300989,245105,0.0021,0.0002,0.1065,1.0,1.0,9.3878,643950,73784,0.301
tencentBlock.ns16275.oracleGeneral.zst,3006364,700201,0.0028,0.0007,0.2329,1.0,1.0,4.2936,781198,401843,0.5739
tencentBlock.ns1627.oracleGeneral.zst,15314964,709809,0.0143,0.0007,0.0463,1.0,1.0,21.5762,781200,141112,0.1988
tencentBlock.ns16269.oracleGeneral.zst,2679401,245711,0.0025,0.0002,0.0917,1.0,1.0,10.9047,643980,74496,0.3032
tencentBlock.ns16263.oracleGeneral.zst,2252155,214586,0.0021,0.0002,0.0953,1.0,1.0,10.4953,781196,46514,0.2168
tencentBlock.ns16258.oracleGeneral.zst,1340252,139847,0.0012,0.0001,0.1043,1.0,1.0,9.5837,781198,5899,0.0422
tencentBlock.ns16251.oracleGeneral.zst,3576379,409340,0.0033,0.0004,0.1145,1.0,1.0,8.7369,781196,121533,0.2969
tencentBlock.ns1625.oracleGeneral.zst,103568618,7823461,0.0965,0.0073,0.0755,1.0,1.0,13.2382,781200,6330013,0.8091
tencentBlock.ns16247.oracleGeneral.zst,1714302,181030,0.0016,0.0002,0.1056,1.0,1.0,9.4697,781194,45774,0.2529
tencentBlock.ns16239.oracleGeneral.zst,8984541,249865,0.0084,0.0002,0.0278,1.0,1.0,35.9576,781198,75070,0.3004
tencentBlock.ns16230.oracleGeneral.zst,2872452,367287,0.0027,0.0003,0.1279,1.0,1.0,7.8207,781194,78141,0.2128
tencentBlock.ns16223.oracleGeneral.zst,1753811,146697,0.0016,0.0001,0.0836,1.0,1.0,11.9553,781192,48257,0.329
tencentBlock.ns16221.oracleGeneral.zst,8659578,768901,0.0081,0.0007,0.0888,1.0,1.0,11.2623,781198,218875,0.2847
tencentBlock.ns16219.oracleGeneral.zst,2138638,259169,0.002,0.0002,0.1212,1.0,1.0,8.2519,781195,93551,0.361
tencentBlock.ns16214.oracleGeneral.zst,1201641,218921,0.0011,0.0002,0.1822,1.0,1.0,5.4889,781195,63614,0.2906
tencentBlock.ns16206.oracleGeneral.zst,10171198,244223,0.0095,0.0002,0.024,1.0,1.0,41.6472,781198,53869,0.2206
tencentBlock.ns16198.oracleGeneral.zst,2851946,264643,0.0027,0.0002,0.0928,1.0,1.0,10.7766,781198,54680,0.2066
tencentBlock.ns16190.oracleGeneral.zst,4130560,371366,0.0038,0.0003,0.0899,1.0,1.0,11.1226,781195,90692,0.2442
tencentBlock.ns16181.oracleGeneral.zst,1622134,287436,0.0015,0.0003,0.1772,1.0,1.0,5.6435,781195,60501,0.2105
tencentBlock.ns16177.oracleGeneral.zst,3837096,358329,0.0036,0.0003,0.0934,1.0,1.0,10.7083,781198,98903,0.276
tencentBlock.ns16169.oracleGeneral.zst,5596307,584428,0.0052,0.0005,0.1044,1.0,1.0,9.5757,781197,156134,0.2672
tencentBlock.ns16160.oracleGeneral.zst,1764058,248269,0.0016,0.0002,0.1407,1.0,1.0,7.1054,781197,58738,0.2366
tencentBlock.ns16153.oracleGeneral.zst,3627446,823277,0.0034,0.0008,0.227,1.0,1.0,4.4061,781197,423594,0.5145
tencentBlock.ns16150.oracleGeneral.zst,1893287,142446,0.0018,0.0001,0.0752,1.0,1.0,13.2913,781198,16472,0.1156
tencentBlock.ns16141.oracleGeneral.zst,3007999,113037,0.0028,0.0001,0.0376,1.0,1.0,26.6107,781198,28594,0.253
tencentBlock.ns16139.oracleGeneral.zst,1516715,280758,0.0014,0.0003,0.1851,1.0,1.0,5.4022,781198,64225,0.2288
tencentBlock.ns16122.oracleGeneral.zst,1496108,210179,0.0014,0.0002,0.1405,1.0,1.0,7.1183,781196,35274,0.1678
tencentBlock.ns16116.oracleGeneral.zst,4756244,493502,0.0044,0.0005,0.1038,1.0,1.0,9.6377,781197,138483,0.2806
tencentBlock.ns16109.oracleGeneral.zst,3293019,358428,0.0031,0.0003,0.1088,1.0,1.0,9.1874,781196,68096,0.19
tencentBlock.ns16105.oracleGeneral.zst,4914896,507113,0.0046,0.0005,0.1032,1.0,1.0,9.6919,781194,83644,0.1649
tencentBlock.ns16096.oracleGeneral.zst,4327083,245521,0.004,0.0002,0.0567,1.0,1.0,17.6241,781196,30556,0.1245
tencentBlock.ns16095.oracleGeneral.zst,5477086,660026,0.0051,0.0006,0.1205,1.0,1.0,8.2983,781194,206066,0.3122
tencentBlock.ns16090.oracleGeneral.zst,1096303,137836,0.001,0.0001,0.1257,1.0,1.0,7.9537,781196,2907,0.0211
tencentBlock.ns1609.oracleGeneral.zst,137845862,291220,0.1284,0.0003,0.0021,1.0,1.0,473.3393,781200,30386,0.1043
tencentBlock.ns16083.oracleGeneral.zst,3644767,391421,0.0034,0.0004,0.1074,1.0,1.0,9.3116,781197,70796,0.1809
tencentBlock.ns16082.oracleGeneral.zst,5019032,597475,0.0047,0.0006,0.119,1.0,1.0,8.4004,781197,126973,0.2125
tencentBlock.ns16081.oracleGeneral.zst,3777928,406307,0.0035,0.0004,0.1075,1.0,1.0,9.2982,781197,80398,0.1979
tencentBlock.ns16077.oracleGeneral.zst,1400694,237373,0.0013,0.0002,0.1695,1.0,1.0,5.9008,781197,74656,0.3145
tencentBlock.ns16072.oracleGeneral.zst,8764318,114412,0.0082,0.0001,0.0131,1.0,1.0,76.6031,781196,32024,0.2799
tencentBlock.ns16070.oracleGeneral.zst,2872098,306135,0.0027,0.0003,0.1066,1.0,1.0,9.3818,781196,58610,0.1915
tencentBlock.ns16066.oracleGeneral.zst,1400270,252909,0.0013,0.0002,0.1806,1.0,1.0,5.5367,781195,54589,0.2158
tencentBlock.ns16065.oracleGeneral.zst,42091500,2711771,0.0392,0.0025,0.0644,1.0,1.0,15.5218,781198,297204,0.1096
tencentBlock.ns16056.oracleGeneral.zst,4505165,123276,0.0042,0.0001,0.0274,1.0,1.0,36.5454,781198,26879,0.218
tencentBlock.ns16049.oracleGeneral.zst,4386679,570678,0.0041,0.0005,0.1301,1.0,1.0,7.6868,781198,188447,0.3302
tencentBlock.ns16043.oracleGeneral.zst,6307008,526613,0.0059,0.0005,0.0835,1.0,1.0,11.9766,781198,172680,0.3279
tencentBlock.ns1604.oracleGeneral.zst,5815891,240483,0.0054,0.0002,0.0413,1.0,1.0,24.1842,781198,76631,0.3187
tencentBlock.ns16038.oracleGeneral.zst,1199336,248079,0.0011,0.0002,0.2068,1.0,1.0,4.8345,781198,82455,0.3324
tencentBlock.ns16035.oracleGeneral.zst,4499428,524563,0.0042,0.0005,0.1166,1.0,1.0,8.5775,781197,157437,0.3001
tencentBlock.ns16033.oracleGeneral.zst,2471338,265022,0.0023,0.0002,0.1072,1.0,1.0,9.325,781198,103669,0.3912
tencentBlock.ns16032.oracleGeneral.zst,11901413,372492,0.0111,0.0003,0.0313,1.0,1.0,31.9508,781198,64008,0.1718
tencentBlock.ns16023.oracleGeneral.zst,43909806,2660664,0.0409,0.0025,0.0606,1.0,1.0,16.5033,781198,264020,0.0992
tencentBlock.ns16017.oracleGeneral.zst,3475067,317118,0.0032,0.0003,0.0913,1.0,1.0,10.9583,781193,95028,0.2997
tencentBlock.ns16009.oracleGeneral.zst,1618717,209465,0.0015,0.0002,0.1294,1.0,1.0,7.7279,781195,66577,0.3178
tencentBlock.ns16003.oracleGeneral.zst,3597668,374613,0.0034,0.0003,0.1041,1.0,1.0,9.6037,781194,67381,0.1799
tencentBlock.ns16001.oracleGeneral.zst,1662659,141670,0.0015,0.0001,0.0852,1.0,1.0,11.7361,781198,2142,0.0151
tencentBlock.ns15992.oracleGeneral.zst,2186813,241269,0.002,0.0002,0.1103,1.0,1.0,9.0638,781197,80312,0.3329
tencentBlock.ns1599.oracleGeneral.zst,1859316,1417410,0.0017,0.0013,0.7623,1.0,1.0,1.3118,781198,1086597,0.7666
tencentBlock.ns15985.oracleGeneral.zst,3770883,428001,0.0035,0.0004,0.1135,1.0,1.0,8.8105,781194,84624,0.1977
tencentBlock.ns15972.oracleGeneral.zst,7939003,811634,0.0074,0.0008,0.1022,1.0,1.0,9.7815,781196,159385,0.1964
tencentBlock.ns15970.oracleGeneral.zst,1743315,193845,0.0016,0.0002,0.1112,1.0,1.0,8.9933,781195,57509,0.2967
tencentBlock.ns15968.oracleGeneral.zst,3129144,311794,0.0029,0.0003,0.0996,1.0,1.0,10.0359,781198,105254,0.3376
tencentBlock.ns15957.oracleGeneral.zst,10897091,1520809,0.0101,0.0014,0.1396,1.0,1.0,7.1653,781198,593469,0.3902
tencentBlock.ns15948.oracleGeneral.zst,2032990,311126,0.0019,0.0003,0.153,1.0,1.0,6.5343,781197,75033,0.2412
tencentBlock.ns15939.oracleGeneral.zst,6256897,1221667,0.0058,0.0011,0.1953,1.0,1.0,5.1216,781197,714271,0.5847
tencentBlock.ns15935.oracleGeneral.zst,2824242,285184,0.0026,0.0003,0.101,1.0,1.0,9.9032,781197,53814,0.1887
tencentBlock.ns15926.oracleGeneral.zst,3202433,573236,0.003,0.0005,0.179,1.0,1.0,5.5866,781197,157553,0.2748
tencentBlock.ns15921.oracleGeneral.zst,3232229,368935,0.003,0.0003,0.1141,1.0,1.0,8.761,781196,93919,0.2546
tencentBlock.ns15915.oracleGeneral.zst,1660496,174100,0.0015,0.0002,0.1048,1.0,1.0,9.5376,781198,17090,0.0982
tencentBlock.ns15910.oracleGeneral.zst,42911847,2692006,0.04,0.0025,0.0627,1.0,1.0,15.9405,781197,283773,0.1054
tencentBlock.ns1591.oracleGeneral.zst,3048062,2236095,0.0028,0.0021,0.7336,1.0,1.0,1.3631,781200,1601989,0.7164
tencentBlock.ns15902.oracleGeneral.zst,1618630,199822,0.0015,0.0002,0.1235,1.0,1.0,8.1004,781196,72643,0.3635
tencentBlock.ns15895.oracleGeneral.zst,4084556,434280,0.0038,0.0004,0.1063,1.0,1.0,9.4054,781198,81159,0.1869
tencentBlock.ns15888.oracleGeneral.zst,3884281,588895,0.0036,0.0005,0.1516,1.0,1.0,6.5959,781198,162912,0.2766
tencentBlock.ns15885.oracleGeneral.zst,2499704,241592,0.0023,0.0002,0.0966,1.0,1.0,10.3468,781198,79040,0.3272
tencentBlock.ns15880.oracleGeneral.zst,1404458,161537,0.0013,0.0002,0.115,1.0,1.0,8.6943,781197,8343,0.0516
tencentBlock.ns15876.oracleGeneral.zst,1548488,237410,0.0014,0.0002,0.1533,1.0,1.0,6.5224,781198,47626,0.2006
tencentBlock.ns15865.oracleGeneral.zst,1177356,226443,0.0011,0.0002,0.1923,1.0,1.0,5.1993,781198,64816,0.2862
tencentBlock.ns15864.oracleGeneral.zst,7301094,900114,0.0068,0.0008,0.1233,1.0,1.0,8.1113,781198,386950,0.4299
tencentBlock.ns15861.oracleGeneral.zst,10933307,534809,0.0102,0.0005,0.0489,1.0,1.0,20.4434,781198,67063,0.1254
tencentBlock.ns1586.oracleGeneral.zst,46707772,2785161,0.0435,0.0026,0.0596,1.0,1.0,16.7702,781200,305056,0.1095
tencentBlock.ns15852.oracleGeneral.zst,1020300,216140,0.001,0.0002,0.2118,1.0,1.0,4.7206,781195,97948,0.4532
tencentBlock.ns15835.oracleGeneral.zst,2129628,227189,0.002,0.0002,0.1067,1.0,1.0,9.3738,781198,39639,0.1745
tencentBlock.ns15828.oracleGeneral.zst,1634315,199427,0.0015,0.0002,0.122,1.0,1.0,8.1951,781196,62651,0.3142
tencentBlock.ns15819.oracleGeneral.zst,1724406,195804,0.0016,0.0002,0.1135,1.0,1.0,8.8068,781194,29615,0.1512
tencentBlock.ns15815.oracleGeneral.zst,6605975,495239,0.0062,0.0005,0.075,1.0,1.0,13.339,781195,108000,0.2181
tencentBlock.ns15812.oracleGeneral.zst,55567329,2182431,0.0518,0.002,0.0393,1.0,1.0,25.4612,781198,142236,0.0652
tencentBlock.ns1581.oracleGeneral.zst,4350953,237064,0.0041,0.0002,0.0545,1.0,1.0,18.3535,52270,81812,0.3451
tencentBlock.ns15804.oracleGeneral.zst,60738968,2176395,0.0566,0.002,0.0358,1.0,1.0,27.9081,781198,109940,0.0505
tencentBlock.ns15800.oracleGeneral.zst,4743183,545715,0.0044,0.0005,0.1151,1.0,1.0,8.6917,781198,151396,0.2774
tencentBlock.ns15798.oracleGeneral.zst,2066855,138994,0.0019,0.0001,0.0672,1.0,1.0,14.8701,781195,5141,0.037
tencentBlock.ns15783.oracleGeneral.zst,4178434,600813,0.0039,0.0006,0.1438,1.0,1.0,6.9546,781198,111450,0.1855
tencentBlock.ns15776.oracleGeneral.zst,1504334,165556,0.0014,0.0002,0.1101,1.0,1.0,9.0866,781191,2746,0.0166
tencentBlock.ns15769.oracleGeneral.zst,1666680,272114,0.0016,0.0003,0.1633,1.0,1.0,6.1249,781196,41978,0.1543
tencentBlock.ns15766.oracleGeneral.zst,3557981,315948,0.0033,0.0003,0.0888,1.0,1.0,11.2613,781196,93905,0.2972
tencentBlock.ns15765.oracleGeneral.zst,3797426,393773,0.0035,0.0004,0.1037,1.0,1.0,9.6437,781197,87788,0.2229
tencentBlock.ns1576.oracleGeneral.zst,4743877,447131,0.0044,0.0004,0.0943,1.0,1.0,10.6096,781197,176625,0.395
tencentBlock.ns15754.oracleGeneral.zst,3136254,472048,0.0029,0.0004,0.1505,1.0,1.0,6.6439,781195,202221,0.4284
tencentBlock.ns15751.oracleGeneral.zst,3927001,956094,0.0037,0.0009,0.2435,1.0,1.0,4.1073,781198,491593,0.5142
tencentBlock.ns15746.oracleGeneral.zst,4567340,497682,0.0043,0.0005,0.109,1.0,1.0,9.1772,781195,101298,0.2035
tencentBlock.ns15739.oracleGeneral.zst,6719336,529786,0.0063,0.0005,0.0788,1.0,1.0,12.6831,781194,173697,0.3279
tencentBlock.ns15735.oracleGeneral.zst,1890801,246260,0.0018,0.0002,0.1302,1.0,1.0,7.6781,781195,90293,0.3667
tencentBlock.ns15733.oracleGeneral.zst,1493875,157946,0.0014,0.0001,0.1057,1.0,1.0,9.4581,781197,13787,0.0873
tencentBlock.ns15727.oracleGeneral.zst,1032163,117918,0.001,0.0001,0.1142,1.0,1.0,8.7532,781195,18172,0.1541
tencentBlock.ns15725.oracleGeneral.zst,5980566,325859,0.0056,0.0003,0.0545,1.0,1.0,18.3532,781198,65109,0.1998
tencentBlock.ns15724.oracleGeneral.zst,4232036,356505,0.0039,0.0003,0.0842,1.0,1.0,11.8709,781198,79739,0.2237
tencentBlock.ns15716.oracleGeneral.zst,8123944,793768,0.0076,0.0007,0.0977,1.0,1.0,10.2347,781198,140198,0.1766
tencentBlock.ns15705.oracleGeneral.zst,5906343,155479,0.0055,0.0001,0.0263,1.0,1.0,37.988,781198,85720,0.5513
tencentBlock.ns15702.oracleGeneral.zst,2242005,282843,0.0021,0.0003,0.1262,1.0,1.0,7.9267,781197,71308,0.2521
tencentBlock.ns15701.oracleGeneral.zst,5681699,1002500,0.0053,0.0009,0.1764,1.0,1.0,5.6675,781196,492161,0.4909
tencentBlock.ns15692.oracleGeneral.zst,4146116,431526,0.0039,0.0004,0.1041,1.0,1.0,9.608,781198,79914,0.1852
tencentBlock.ns15686.oracleGeneral.zst,4286306,137181,0.004,0.0001,0.032,1.0,1.0,31.2456,781198,33417,0.2436
tencentBlock.ns15684.oracleGeneral.zst,1050874,129802,0.001,0.0001,0.1235,1.0,1.0,8.096,781197,4268,0.0329
tencentBlock.ns15678.oracleGeneral.zst,11051698,750043,0.0103,0.0007,0.0679,1.0,1.0,14.7348,781196,140063,0.1867
tencentBlock.ns15674.oracleGeneral.zst,2400538,246768,0.0022,0.0002,0.1028,1.0,1.0,9.7279,781195,48856,0.198
tencentBlock.ns15665.oracleGeneral.zst,1176120,106191,0.0011,0.0001,0.0903,1.0,1.0,11.0755,781198,3600,0.0339
tencentBlock.ns1566.oracleGeneral.zst,24242910,221393,0.0226,0.0002,0.0091,1.0,1.0,109.5017,781200,53198,0.2403
tencentBlock.ns15658.oracleGeneral.zst,2446945,234401,0.0023,0.0002,0.0958,1.0,1.0,10.4391,781195,10253,0.0437
tencentBlock.ns15653.oracleGeneral.zst,3623837,320631,0.0034,0.0003,0.0885,1.0,1.0,11.3022,781197,87061,0.2715
tencentBlock.ns15646.oracleGeneral.zst,2701862,195636,0.0025,0.0002,0.0724,1.0,1.0,13.8107,781195,31262,0.1598
tencentBlock.ns15640.oracleGeneral.zst,2974663,270804,0.0028,0.0003,0.091,1.0,1.0,10.9846,781197,74804,0.2762
tencentBlock.ns15639.oracleGeneral.zst,6304524,648945,0.0059,0.0006,0.1029,1.0,1.0,9.715,781197,173655,0.2676
tencentBlock.ns15627.oracleGeneral.zst,4596828,402468,0.0043,0.0004,0.0876,1.0,1.0,11.4216,781195,96002,0.2385
tencentBlock.ns15626.oracleGeneral.zst,1244364,120477,0.0012,0.0001,0.0968,1.0,1.0,10.3286,781195,36777,0.3053
tencentBlock.ns15621.oracleGeneral.zst,1647863,147649,0.0015,0.0001,0.0896,1.0,1.0,11.1607,781193,42675,0.289
tencentBlock.ns15609.oracleGeneral.zst,1309382,151774,0.0012,0.0001,0.1159,1.0,1.0,8.6272,781198,19654,0.1295
tencentBlock.ns15593.oracleGeneral.zst,2542853,240337,0.0024,0.0002,0.0945,1.0,1.0,10.5804,781196,71911,0.2992
tencentBlock.ns15592.oracleGeneral.zst,1206013,141388,0.0011,0.0001,0.1172,1.0,1.0,8.5298,781196,5315,0.0376
tencentBlock.ns15581.oracleGeneral.zst,5380316,611382,0.005,0.0006,0.1136,1.0,1.0,8.8003,781198,117313,0.1919
tencentBlock.ns1557.oracleGeneral.zst,17650407,1733690,0.0164,0.0016,0.0982,1.0,1.0,10.1808,781199,657393,0.3792
tencentBlock.ns15565.oracleGeneral.zst,1712203,204868,0.0016,0.0002,0.1197,1.0,1.0,8.3576,781194,13880,0.0678
tencentBlock.ns15563.oracleGeneral.zst,2985091,262942,0.0028,0.0002,0.0881,1.0,1.0,11.3527,679939,76306,0.2902
tencentBlock.ns15550.oracleGeneral.zst,8758013,842966,0.0082,0.0008,0.0963,1.0,1.0,10.3895,781198,251810,0.2987
tencentBlock.ns15549.oracleGeneral.zst,18761803,1949813,0.0175,0.0018,0.1039,1.0,1.0,9.6224,781198,1386189,0.7109
tencentBlock.ns15542.oracleGeneral.zst,1309497,144909,0.0012,0.0001,0.1107,1.0,1.0,9.0367,781197,5847,0.0403
tencentBlock.ns15538.oracleGeneral.zst,14703596,743383,0.0137,0.0007,0.0506,1.0,1.0,19.7793,781198,362620,0.4878
tencentBlock.ns15529.oracleGeneral.zst,3870054,415666,0.0036,0.0004,0.1074,1.0,1.0,9.3105,781197,77404,0.1862
tencentBlock.ns15520.oracleGeneral.zst,3950231,357509,0.0037,0.0003,0.0905,1.0,1.0,11.0493,781198,77831,0.2177
tencentBlock.ns1552.oracleGeneral.zst,45021792,2660297,0.0419,0.0025,0.0591,1.0,1.0,16.9236,781200,277024,0.1041
tencentBlock.ns15512.oracleGeneral.zst,3525850,302964,0.0033,0.0003,0.0859,1.0,1.0,11.6379,781198,5644,0.0186
tencentBlock.ns15505.oracleGeneral.zst,1810059,182418,0.0017,0.0002,0.1008,1.0,1.0,9.9226,271348,32094,0.1759
tencentBlock.ns15496.oracleGeneral.zst,2092724,200236,0.0019,0.0002,0.0957,1.0,1.0,10.4513,781198,9262,0.0463
tencentBlock.ns15491.oracleGeneral.zst,1957855,128230,0.0018,0.0001,0.0655,1.0,1.0,15.2683,781196,58018,0.4525
tencentBlock.ns15484.oracleGeneral.zst,1751213,256480,0.0016,0.0002,0.1465,1.0,1.0,6.8279,781196,64524,0.2516
tencentBlock.ns15481.oracleGeneral.zst,10734897,1139151,0.01,0.0011,0.1061,1.0,1.0,9.4236,781198,311047,0.2731
tencentBlock.ns1548.oracleGeneral.zst,323267523,1291323,0.3011,0.0012,0.004,1.0,1.0,250.3382,781200,88645,0.0686
tencentBlock.ns15478.oracleGeneral.zst,3658544,437656,0.0034,0.0004,0.1196,1.0,1.0,8.3594,781198,133096,0.3041
tencentBlock.ns15475.oracleGeneral.zst,1344523,146224,0.0013,0.0001,0.1088,1.0,1.0,9.195,781197,5539,0.0379
tencentBlock.ns15466.oracleGeneral.zst,4130881,451818,0.0038,0.0004,0.1094,1.0,1.0,9.1428,781194,84020,0.186
tencentBlock.ns15462.oracleGeneral.zst,1893893,242528,0.0018,0.0002,0.1281,1.0,1.0,7.809,781198,69672,0.2873
tencentBlock.ns15459.oracleGeneral.zst,1153053,134708,0.0011,0.0001,0.1168,1.0,1.0,8.5596,781197,4541,0.0337
tencentBlock.ns15458.oracleGeneral.zst,3994636,304937,0.0037,0.0003,0.0763,1.0,1.0,13.0999,781198,57740,0.1894
tencentBlock.ns15456.oracleGeneral.zst,1120823,140512,0.001,0.0001,0.1254,1.0,1.0,7.9767,781196,7054,0.0502
tencentBlock.ns15455.oracleGeneral.zst,1082519,186816,0.001,0.0002,0.1726,1.0,1.0,5.7946,781195,68391,0.3661
tencentBlock.ns15447.oracleGeneral.zst,4197687,510166,0.0039,0.0005,0.1215,1.0,1.0,8.2281,781196,152339,0.2986
tencentBlock.ns15438.oracleGeneral.zst,1281160,149519,0.0012,0.0001,0.1167,1.0,1.0,8.5685,781195,2687,0.018
tencentBlock.ns15431.oracleGeneral.zst,9468424,647540,0.0088,0.0006,0.0684,1.0,1.0,14.6221,781198,28758,0.0444
tencentBlock.ns15429.oracleGeneral.zst,2096863,205765,0.002,0.0002,0.0981,1.0,1.0,10.1906,781197,9058,0.044
tencentBlock.ns15421.oracleGeneral.zst,9250912,872013,0.0086,0.0008,0.0943,1.0,1.0,10.6087,781198,157315,0.1804
tencentBlock.ns15420.oracleGeneral.zst,3095952,1219240,0.0029,0.0011,0.3938,1.0,1.0,2.5392,781197,575758,0.4722
tencentBlock.ns15419.oracleGeneral.zst,2305775,261577,0.0021,0.0002,0.1134,1.0,1.0,8.8149,582741,59277,0.2266
tencentBlock.ns15418.oracleGeneral.zst,1146467,251662,0.0011,0.0002,0.2195,1.0,1.0,4.5556,179546,125702,0.4995
tencentBlock.ns15415.oracleGeneral.zst,3165131,292860,0.0029,0.0003,0.0925,1.0,1.0,10.8077,781198,89448,0.3054
tencentBlock.ns15414.oracleGeneral.zst,1743458,190572,0.0016,0.0002,0.1093,1.0,1.0,9.1486,781198,20550,0.1078
tencentBlock.ns15407.oracleGeneral.zst,3725495,389345,0.0035,0.0004,0.1045,1.0,1.0,9.5686,781194,76899,0.1975
tencentBlock.ns1540.oracleGeneral.zst,3867753,216739,0.0036,0.0002,0.056,1.0,1.0,17.8452,781199,76855,0.3546
tencentBlock.ns15399.oracleGeneral.zst,1502613,178428,0.0014,0.0002,0.1187,1.0,1.0,8.4214,781198,45549,0.2553
tencentBlock.ns15397.oracleGeneral.zst,4997085,595991,0.0047,0.0006,0.1193,1.0,1.0,8.3845,781198,349088,0.5857
tencentBlock.ns15390.oracleGeneral.zst,2570764,131543,0.0024,0.0001,0.0512,1.0,1.0,19.5431,781198,23159,0.1761
tencentBlock.ns15389.oracleGeneral.zst,1338658,234201,0.0012,0.0002,0.175,1.0,1.0,5.7159,781196,59420,0.2537
tencentBlock.ns15381.oracleGeneral.zst,1722595,192442,0.0016,0.0002,0.1117,1.0,1.0,8.9512,781197,6523,0.0339
tencentBlock.ns15379.oracleGeneral.zst,1285267,203141,0.0012,0.0002,0.1581,1.0,1.0,6.327,781197,55590,0.2737
tencentBlock.ns15372.oracleGeneral.zst,5381949,637343,0.005,0.0006,0.1184,1.0,1.0,8.4444,781194,146114,0.2293
tencentBlock.ns15370.oracleGeneral.zst,1434652,237910,0.0013,0.0002,0.1658,1.0,1.0,6.0302,781197,44212,0.1858
tencentBlock.ns15365.oracleGeneral.zst,5195990,524869,0.0048,0.0005,0.101,1.0,1.0,9.8996,781198,126345,0.2407
tencentBlock.ns15358.oracleGeneral.zst,3162494,290954,0.0029,0.0003,0.092,1.0,1.0,10.8694,781196,39319,0.1351
tencentBlock.ns15357.oracleGeneral.zst,2331766,135143,0.0022,0.0001,0.058,1.0,1.0,17.2541,781194,39261,0.2905
tencentBlock.ns15353.oracleGeneral.zst,1811178,196645,0.0017,0.0002,0.1086,1.0,1.0,9.2104,384747,62960,0.3202
tencentBlock.ns15352.oracleGeneral.zst,1677039,197335,0.0016,0.0002,0.1177,1.0,1.0,8.4984,781196,61370,0.311
tencentBlock.ns15339.oracleGeneral.zst,1676571,187889,0.0016,0.0002,0.1121,1.0,1.0,8.9232,781196,6932,0.0369
tencentBlock.ns15335.oracleGeneral.zst,7518410,826925,0.007,0.0008,0.11,1.0,1.0,9.092,781196,163904,0.1982
tencentBlock.ns1533.oracleGeneral.zst,170446544,766830,0.1587,0.0007,0.0045,1.0,1.0,222.2742,781200,147261,0.192
tencentBlock.ns15326.oracleGeneral.zst,1551241,182838,0.0014,0.0002,0.1179,1.0,1.0,8.4842,781197,29083,0.1591
tencentBlock.ns15325.oracleGeneral.zst,4388495,448258,0.0041,0.0004,0.1021,1.0,1.0,9.7901,781195,83542,0.1864
tencentBlock.ns15320.oracleGeneral.zst,5077439,357776,0.0047,0.0003,0.0705,1.0,1.0,14.1917,781198,57244,0.16
tencentBlock.ns15315.oracleGeneral.zst,6475157,509674,0.006,0.0005,0.0787,1.0,1.0,12.7045,781197,248967,0.4885
tencentBlock.ns15298.oracleGeneral.zst,1375224,216781,0.0013,0.0002,0.1576,1.0,1.0,6.3438,781195,138177,0.6374
tencentBlock.ns15293.oracleGeneral.zst,4230656,883871,0.0039,0.0008,0.2089,1.0,1.0,4.7865,781198,386803,0.4376
tencentBlock.ns15289.oracleGeneral.zst,1338337,116496,0.0012,0.0001,0.087,1.0,1.0,11.4883,781194,3842,0.033
tencentBlock.ns15284.oracleGeneral.zst,1236919,135883,0.0012,0.0001,0.1099,1.0,1.0,9.1028,781193,3955,0.0291
tencentBlock.ns15279.oracleGeneral.zst,3050767,256910,0.0028,0.0002,0.0842,1.0,1.0,11.8748,781196,70992,0.2763
tencentBlock.ns15273.oracleGeneral.zst,1028946,104807,0.001,0.0001,0.1019,1.0,1.0,9.8175,781195,11095,0.1059
tencentBlock.ns15257.oracleGeneral.zst,2474557,430170,0.0023,0.0004,0.1738,1.0,1.0,5.7525,781194,105997,0.2464
tencentBlock.ns15254.oracleGeneral.zst,1590185,270572,0.0015,0.0003,0.1702,1.0,1.0,5.8771,781196,48342,0.1787
tencentBlock.ns1525.oracleGeneral.zst,48530611,2127917,0.0452,0.002,0.0438,1.0,1.0,22.8066,781199,107965,0.0507
tencentBlock.ns15247.oracleGeneral.zst,3889321,492413,0.0036,0.0005,0.1266,1.0,1.0,7.8985,781197,85794,0.1742
tencentBlock.ns15239.oracleGeneral.zst,2308411,364171,0.0021,0.0003,0.1578,1.0,1.0,6.3388,781198,79789,0.2191
tencentBlock.ns15224.oracleGeneral.zst,1904831,830961,0.0018,0.0008,0.4362,1.0,1.0,2.2923,781197,594738,0.7157
tencentBlock.ns15216.oracleGeneral.zst,1320341,148493,0.0012,0.0001,0.1125,1.0,1.0,8.8916,781194,6316,0.0425
tencentBlock.ns15208.oracleGeneral.zst,4587061,832936,0.0043,0.0008,0.1816,1.0,1.0,5.5071,781198,528260,0.6342
tencentBlock.ns15203.oracleGeneral.zst,3192657,351455,0.003,0.0003,0.1101,1.0,1.0,9.0841,781194,103634,0.2949
tencentBlock.ns15199.oracleGeneral.zst,3198550,367703,0.003,0.0003,0.115,1.0,1.0,8.6987,781198,76900,0.2091
tencentBlock.ns15177.oracleGeneral.zst,3263156,313803,0.003,0.0003,0.0962,1.0,1.0,10.3987,781198,89922,0.2866
tencentBlock.ns15175.oracleGeneral.zst,10758069,1516234,0.01,0.0014,0.1409,1.0,1.0,7.0953,781194,598979,0.395
tencentBlock.ns15169.oracleGeneral.zst,3652926,358346,0.0034,0.0003,0.0981,1.0,1.0,10.1939,781196,55262,0.1542
tencentBlock.ns15162.oracleGeneral.zst,3481824,296602,0.0032,0.0003,0.0852,1.0,1.0,11.739,781198,72463,0.2443
tencentBlock.ns15154.oracleGeneral.zst,1670627,283693,0.0016,0.0003,0.1698,1.0,1.0,5.8889,781197,81899,0.2887
tencentBlock.ns15146.oracleGeneral.zst,4222053,215430,0.0039,0.0002,0.051,1.0,1.0,19.5983,781198,82821,0.3844
tencentBlock.ns15138.oracleGeneral.zst,47472325,1917471,0.0442,0.0018,0.0404,1.0,1.0,24.7578,781198,92830,0.0484
tencentBlock.ns15133.oracleGeneral.zst,2738546,193168,0.0026,0.0002,0.0705,1.0,1.0,14.177,781198,48178,0.2494
tencentBlock.ns15123.oracleGeneral.zst,3737533,793121,0.0035,0.0007,0.2122,1.0,1.0,4.7124,781197,279453,0.3523
tencentBlock.ns15109.oracleGeneral.zst,4673090,338136,0.0044,0.0003,0.0724,1.0,1.0,13.8201,781198,61749,0.1826
tencentBlock.ns15100.oracleGeneral.zst,3355805,288861,0.0031,0.0003,0.0861,1.0,1.0,11.6174,683550,80999,0.2804
tencentBlock.ns15091.oracleGeneral.zst,3965318,501970,0.0037,0.0005,0.1266,1.0,1.0,7.8995,781197,158704,0.3162
tencentBlock.ns15083.oracleGeneral.zst,4516198,498304,0.0042,0.0005,0.1103,1.0,1.0,9.0631,781198,92226,0.1851
tencentBlock.ns15082.oracleGeneral.zst,2087135,208948,0.0019,0.0002,0.1001,1.0,1.0,9.9888,781194,44735,0.2141
tencentBlock.ns15079.oracleGeneral.zst,2501239,155913,0.0023,0.0001,0.0623,1.0,1.0,16.0425,781198,19840,0.1273
tencentBlock.ns15057.oracleGeneral.zst,3749055,295708,0.0035,0.0003,0.0789,1.0,1.0,12.6782,781197,110096,0.3723
tencentBlock.ns1505.oracleGeneral.zst,40846518,2674378,0.038,0.0025,0.0655,1.0,1.0,15.2733,781200,273485,0.1023
tencentBlock.ns15046.oracleGeneral.zst,1409155,139135,0.0013,0.0001,0.0987,1.0,1.0,10.128,781195,3877,0.0279
tencentBlock.ns15045.oracleGeneral.zst,1217915,136991,0.0011,0.0001,0.1125,1.0,1.0,8.8905,781195,2696,0.0197
tencentBlock.ns15038.oracleGeneral.zst,2650393,158073,0.0025,0.0001,0.0596,1.0,1.0,16.7669,781198,70466,0.4458
tencentBlock.ns15036.oracleGeneral.zst,1611726,162983,0.0015,0.0002,0.1011,1.0,1.0,9.8889,781197,8150,0.05
tencentBlock.ns15027.oracleGeneral.zst,3329522,386469,0.0031,0.0004,0.1161,1.0,1.0,8.6152,781198,90421,0.234
tencentBlock.ns15019.oracleGeneral.zst,2549247,125265,0.0024,0.0001,0.0491,1.0,1.0,20.3508,781198,44291,0.3536
tencentBlock.ns15014.oracleGeneral.zst,4613561,551960,0.0043,0.0005,0.1196,1.0,1.0,8.3585,781198,110003,0.1993
tencentBlock.ns15007.oracleGeneral.zst,3072420,304685,0.0029,0.0003,0.0992,1.0,1.0,10.0839,781198,100058,0.3284
tencentBlock.ns15003.oracleGeneral.zst,1181641,228041,0.0011,0.0002,0.193,1.0,1.0,5.1817,781194,68267,0.2994
tencentBlock.ns14999.oracleGeneral.zst,4388317,428339,0.0041,0.0004,0.0976,1.0,1.0,10.245,781198,130540,0.3048
tencentBlock.ns14991.oracleGeneral.zst,1780194,285914,0.0017,0.0003,0.1606,1.0,1.0,6.2263,321747,127928,0.4474
tencentBlock.ns14982.oracleGeneral.zst,2525398,233835,0.0024,0.0002,0.0926,1.0,1.0,10.7999,781194,54486,0.233
tencentBlock.ns1498.oracleGeneral.zst,53364702,754760,0.0497,0.0007,0.0141,1.0,1.0,70.7042,781200,117632,0.1559
tencentBlock.ns14976.oracleGeneral.zst,3477771,209332,0.0032,0.0002,0.0602,1.0,1.0,16.6137,781197,84818,0.4052
tencentBlock.ns1497.oracleGeneral.zst,34628667,566586,0.0323,0.0005,0.0164,1.0,1.0,61.1181,781200,129228,0.2281
tencentBlock.ns14969.oracleGeneral.zst,2394570,275247,0.0022,0.0003,0.1149,1.0,1.0,8.6997,781198,47842,0.1738
tencentBlock.ns14963.oracleGeneral.zst,1292109,126963,0.0012,0.0001,0.0983,1.0,1.0,10.1771,781198,3455,0.0272
tencentBlock.ns14956.oracleGeneral.zst,2927373,304925,0.0027,0.0003,0.1042,1.0,1.0,9.6003,781197,44536,0.1461
tencentBlock.ns14949.oracleGeneral.zst,1318963,147325,0.0012,0.0001,0.1117,1.0,1.0,8.9527,781194,6231,0.0423
tencentBlock.ns14943.oracleGeneral.zst,8280093,950418,0.0077,0.0009,0.1148,1.0,1.0,8.7121,781197,411456,0.4329
tencentBlock.ns14939.oracleGeneral.zst,1026608,105271,0.001,0.0001,0.1025,1.0,1.0,9.752,781195,11609,0.1103
tencentBlock.ns14931.oracleGeneral.zst,7339570,500157,0.0068,0.0005,0.0681,1.0,1.0,14.6745,781198,103897,0.2077
tencentBlock.ns14922.oracleGeneral.zst,1319659,138317,0.0012,0.0001,0.1048,1.0,1.0,9.5408,781198,11318,0.0818
tencentBlock.ns14913.oracleGeneral.zst,1260741,128802,0.0012,0.0001,0.1022,1.0,1.0,9.7882,781195,1352,0.0105
tencentBlock.ns14908.oracleGeneral.zst,2484318,160963,0.0023,0.0001,0.0648,1.0,1.0,15.4341,781198,32943,0.2047
tencentBlock.ns14903.oracleGeneral.zst,3114551,327893,0.0029,0.0003,0.1053,1.0,1.0,9.4987,781198,55926,0.1706
tencentBlock.ns14895.oracleGeneral.zst,42197619,874570,0.0393,0.0008,0.0207,1.0,1.0,48.2496,781195,192667,0.2203
tencentBlock.ns14887.oracleGeneral.zst,1265619,289852,0.0012,0.0003,0.229,1.0,1.0,4.3664,781198,118658,0.4094
tencentBlock.ns1488.oracleGeneral.zst,544224840,489395,0.5068,0.0005,0.0009,1.0,1.0,1112.036,781200,32481,0.0664
tencentBlock.ns14879.oracleGeneral.zst,2894512,310034,0.0027,0.0003,0.1071,1.0,1.0,9.3361,781196,105241,0.3394
tencentBlock.ns14876.oracleGeneral.zst,5356035,392795,0.005,0.0004,0.0733,1.0,1.0,13.6357,781198,106060,0.27
tencentBlock.ns14873.oracleGeneral.zst,1365571,228912,0.0013,0.0002,0.1676,1.0,1.0,5.9655,781194,47877,0.2092
tencentBlock.ns14871.oracleGeneral.zst,3625351,335496,0.0034,0.0003,0.0925,1.0,1.0,10.8059,781197,81163,0.2419
tencentBlock.ns14867.oracleGeneral.zst,6118653,460500,0.0057,0.0004,0.0753,1.0,1.0,13.287,781198,139060,0.302
tencentBlock.ns14863.oracleGeneral.zst,9840788,1030989,0.0092,0.001,0.1048,1.0,1.0,9.545,781197,366399,0.3554
tencentBlock.ns14853.oracleGeneral.zst,8229575,885752,0.0077,0.0008,0.1076,1.0,1.0,9.2911,781198,137690,0.1554
tencentBlock.ns14851.oracleGeneral.zst,7452730,773684,0.0069,0.0007,0.1038,1.0,1.0,9.6328,781198,50859,0.0657
tencentBlock.ns14843.oracleGeneral.zst,3264249,293940,0.003,0.0003,0.09,1.0,1.0,11.1052,781194,78555,0.2672
tencentBlock.ns14839.oracleGeneral.zst,14197036,127393,0.0132,0.0001,0.009,1.0,1.0,111.4428,781198,24856,0.1951
tencentBlock.ns14833.oracleGeneral.zst,51143932,2838223,0.0476,0.0026,0.0555,1.0,1.0,18.0197,781197,283441,0.0999
tencentBlock.ns14824.oracleGeneral.zst,4817572,194170,0.0045,0.0002,0.0403,1.0,1.0,24.8111,781197,62790,0.3234
tencentBlock.ns14816.oracleGeneral.zst,3341012,136221,0.0031,0.0001,0.0408,1.0,1.0,24.5264,781197,32572,0.2391
tencentBlock.ns14808.oracleGeneral.zst,4904361,502926,0.0046,0.0005,0.1025,1.0,1.0,9.7517,781193,106745,0.2122
tencentBlock.ns14801.oracleGeneral.zst,1687811,148298,0.0016,0.0001,0.0879,1.0,1.0,11.3812,781198,3445,0.0232
tencentBlock.ns14795.oracleGeneral.zst,3857561,672217,0.0036,0.0006,0.1743,1.0,1.0,5.7386,781197,374499,0.5571
tencentBlock.ns1479.oracleGeneral.zst,54583265,267914,0.0508,0.0002,0.0049,1.0,1.0,203.7343,781200,60654,0.2264
tencentBlock.ns14769.oracleGeneral.zst,1489775,247314,0.0014,0.0002,0.166,1.0,1.0,6.0238,781197,45606,0.1844
tencentBlock.ns14765.oracleGeneral.zst,3176759,294092,0.003,0.0003,0.0926,1.0,1.0,10.8019,781197,88602,0.3013
tencentBlock.ns14762.oracleGeneral.zst,31829996,789607,0.0296,0.0007,0.0248,1.0,1.0,40.3112,781198,163117,0.2066
tencentBlock.ns1475.oracleGeneral.zst,48021127,2790063,0.0447,0.0026,0.0581,1.0,1.0,17.2115,781200,282574,0.1013
tencentBlock.ns14722.oracleGeneral.zst,4095798,455087,0.0038,0.0004,0.1111,1.0,1.0,9.0,781197,85596,0.1881
tencentBlock.ns14714.oracleGeneral.zst,9042733,872584,0.0084,0.0008,0.0965,1.0,1.0,10.3632,781194,533304,0.6112
tencentBlock.ns14707.oracleGeneral.zst,2859047,245764,0.0027,0.0002,0.086,1.0,1.0,11.6333,781196,38253,0.1556
tencentBlock.ns14703.oracleGeneral.zst,1848320,212258,0.0017,0.0002,0.1148,1.0,1.0,8.7079,781192,66518,0.3134
tencentBlock.ns14697.oracleGeneral.zst,4926129,597802,0.0046,0.0006,0.1214,1.0,1.0,8.2404,781198,346650,0.5799
tencentBlock.ns14688.oracleGeneral.zst,3642252,507240,0.0034,0.0005,0.1393,1.0,1.0,7.1805,781197,283299,0.5585
tencentBlock.ns1468.oracleGeneral.zst,78202289,216662,0.0728,0.0002,0.0028,1.0,1.0,360.9414,781200,18082,0.0835
tencentBlock.ns14677.oracleGeneral.zst,1763626,180313,0.0016,0.0002,0.1022,1.0,1.0,9.7809,781197,58864,0.3265
tencentBlock.ns14668.oracleGeneral.zst,2515318,142947,0.0023,0.0001,0.0568,1.0,1.0,17.5962,781197,56696,0.3966
tencentBlock.ns14665.oracleGeneral.zst,5905571,602484,0.0055,0.0006,0.102,1.0,1.0,9.802,781197,180654,0.2998
tencentBlock.ns14659.oracleGeneral.zst,2524765,173581,0.0024,0.0002,0.0688,1.0,1.0,14.5452,781198,68743,0.396
tencentBlock.ns14652.oracleGeneral.zst,5105537,424669,0.0048,0.0004,0.0832,1.0,1.0,12.0224,781194,73979,0.1742
tencentBlock.ns1465.oracleGeneral.zst,1752095,484081,0.0016,0.0005,0.2763,1.0,1.0,3.6194,781197,156808,0.3239
tencentBlock.ns14644.oracleGeneral.zst,1206549,199458,0.0011,0.0002,0.1653,1.0,1.0,6.0491,781195,41018,0.2056
tencentBlock.ns14637.oracleGeneral.zst,4124680,536284,0.0038,0.0005,0.13,1.0,1.0,7.6912,781193,147423,0.2749
tencentBlock.ns14629.oracleGeneral.zst,1372979,240095,0.0013,0.0002,0.1749,1.0,1.0,5.7185,781194,50274,0.2094
tencentBlock.ns14621.oracleGeneral.zst,4713324,179400,0.0044,0.0002,0.0381,1.0,1.0,26.2727,781198,82125,0.4578
tencentBlock.ns14613.oracleGeneral.zst,1344322,373311,0.0013,0.0003,0.2777,1.0,1.0,3.6011,781194,215805,0.5781
tencentBlock.ns14612.oracleGeneral.zst,2916288,355147,0.0027,0.0003,0.1218,1.0,1.0,8.2115,781193,96544,0.2718
tencentBlock.ns14611.oracleGeneral.zst,3324775,260673,0.0031,0.0002,0.0784,1.0,1.0,12.7546,781198,57172,0.2193
tencentBlock.ns14602.oracleGeneral.zst,5594574,658946,0.0052,0.0006,0.1178,1.0,1.0,8.4902,781198,134308,0.2038
tencentBlock.ns14598.oracleGeneral.zst,4689407,560861,0.0044,0.0005,0.1196,1.0,1.0,8.3611,781196,107701,0.192
tencentBlock.ns14591.oracleGeneral.zst,86987154,610538,0.081,0.0006,0.007,1.0,1.0,142.4762,781197,60283,0.0987
tencentBlock.ns14585.oracleGeneral.zst,9023182,1155502,0.0084,0.0011,0.1281,1.0,1.0,7.8089,781197,186424,0.1613
tencentBlock.ns14582.oracleGeneral.zst,1483509,141443,0.0014,0.0001,0.0953,1.0,1.0,10.4884,781198,1819,0.0129
tencentBlock.ns1458.oracleGeneral.zst,187383070,5860002,0.1745,0.0055,0.0313,1.0,1.0,31.9766,781200,324164,0.0553
tencentBlock.ns14578.oracleGeneral.zst,4727020,570513,0.0044,0.0005,0.1207,1.0,1.0,8.2856,781197,190080,0.3332
tencentBlock.ns14573.oracleGeneral.zst,1921187,223369,0.0018,0.0002,0.1163,1.0,1.0,8.601,781197,5287,0.0237
tencentBlock.ns14566.oracleGeneral.zst,3078537,285158,0.0029,0.0003,0.0926,1.0,1.0,10.7959,781198,55900,0.196
tencentBlock.ns14564.oracleGeneral.zst,1372877,130062,0.0013,0.0001,0.0947,1.0,1.0,10.5556,647571,1916,0.0147
tencentBlock.ns14550.oracleGeneral.zst,3756586,395441,0.0035,0.0004,0.1053,1.0,1.0,9.4997,781196,74309,0.1879
tencentBlock.ns14549.oracleGeneral.zst,2867926,304745,0.0027,0.0003,0.1063,1.0,1.0,9.4109,781196,20177,0.0662
tencentBlock.ns14542.oracleGeneral.zst,3282104,340465,0.0031,0.0003,0.1037,1.0,1.0,9.6401,781196,80304,0.2359
tencentBlock.ns14530.oracleGeneral.zst,1493616,262841,0.0014,0.0002,0.176,1.0,1.0,5.6826,781195,58326,0.2219
tencentBlock.ns14526.oracleGeneral.zst,1849153,288324,0.0017,0.0003,0.1559,1.0,1.0,6.4135,781197,72288,0.2507
tencentBlock.ns14524.oracleGeneral.zst,1423608,137666,0.0013,0.0001,0.0967,1.0,1.0,10.341,781197,5484,0.0398
tencentBlock.ns14517.oracleGeneral.zst,1666858,177377,0.0016,0.0002,0.1064,1.0,1.0,9.3973,781198,22720,0.1281
tencentBlock.ns14511.oracleGeneral.zst,3877623,452802,0.0036,0.0004,0.1168,1.0,1.0,8.5636,781196,135013,0.2982
tencentBlock.ns14505.oracleGeneral.zst,1464317,137202,0.0014,0.0001,0.0937,1.0,1.0,10.6727,781197,52250,0.3808
tencentBlock.ns14496.oracleGeneral.zst,5132486,195612,0.0048,0.0002,0.0381,1.0,1.0,26.2381,781196,47978,0.2453
tencentBlock.ns14490.oracleGeneral.zst,1278607,240641,0.0012,0.0002,0.1882,1.0,1.0,5.3133,781196,59915,0.249
tencentBlock.ns1449.oracleGeneral.zst,4092916,712912,0.0038,0.0007,0.1742,1.0,1.0,5.7411,781199,380728,0.534
tencentBlock.ns14485.oracleGeneral.zst,2201678,157920,0.0021,0.0001,0.0717,1.0,1.0,13.9417,781198,3807,0.0241
tencentBlock.ns14479.oracleGeneral.zst,3247833,357432,0.003,0.0003,0.1101,1.0,1.0,9.0866,781196,79695,0.223
tencentBlock.ns14472.oracleGeneral.zst,4650693,582844,0.0043,0.0005,0.1253,1.0,1.0,7.9793,781198,187367,0.3215
tencentBlock.ns14470.oracleGeneral.zst,1162669,205658,0.0011,0.0002,0.1769,1.0,1.0,5.6534,781197,29886,0.1453
tencentBlock.ns14467.oracleGeneral.zst,5505428,2970439,0.0051,0.0028,0.5395,1.0,1.0,1.8534,781181,2354139,0.7925
tencentBlock.ns14460.oracleGeneral.zst,3131541,703910,0.0029,0.0007,0.2248,1.0,1.0,4.4488,781198,352315,0.5005
tencentBlock.ns14456.oracleGeneral.zst,4175728,522412,0.0039,0.0005,0.1251,1.0,1.0,7.9932,781196,174124,0.3333
tencentBlock.ns14447.oracleGeneral.zst,2952432,615924,0.0027,0.0006,0.2086,1.0,1.0,4.7935,781195,206961,0.336
tencentBlock.ns14445.oracleGeneral.zst,4428177,591336,0.0041,0.0006,0.1335,1.0,1.0,7.4884,781197,185385,0.3135
tencentBlock.ns14443.oracleGeneral.zst,1875460,599599,0.0017,0.0006,0.3197,1.0,1.0,3.1279,781198,256069,0.4271
tencentBlock.ns14437.oracleGeneral.zst,2397260,249335,0.0022,0.0002,0.104,1.0,1.0,9.6146,781194,50359,0.202
tencentBlock.ns14429.oracleGeneral.zst,1415980,194967,0.0013,0.0002,0.1377,1.0,1.0,7.2627,781196,54133,0.2777
tencentBlock.ns14420.oracleGeneral.zst,14185875,315315,0.0132,0.0003,0.0222,1.0,1.0,44.9895,781198,101128,0.3207
tencentBlock.ns14415.oracleGeneral.zst,1793520,379447,0.0017,0.0004,0.2116,1.0,1.0,4.7267,781195,189595,0.4997
tencentBlock.ns1441.oracleGeneral.zst,10397219,466722,0.0097,0.0004,0.0449,1.0,1.0,22.2771,781200,152289,0.3263
tencentBlock.ns14407.oracleGeneral.zst,1139769,152143,0.0011,0.0001,0.1335,1.0,1.0,7.4914,781196,8558,0.0562
tencentBlock.ns14401.oracleGeneral.zst,1459573,136698,0.0014,0.0001,0.0937,1.0,1.0,10.6774,781195,41714,0.3052
tencentBlock.ns14392.oracleGeneral.zst,2751470,416635,0.0026,0.0004,0.1514,1.0,1.0,6.604,781195,160904,0.3862
tencentBlock.ns1438.oracleGeneral.zst,3331799,160619,0.0031,0.0001,0.0482,1.0,1.0,20.7435,781200,48821,0.304
tencentBlock.ns14376.oracleGeneral.zst,3206556,752021,0.003,0.0007,0.2345,1.0,1.0,4.2639,781198,466291,0.6201
tencentBlock.ns14372.oracleGeneral.zst,1515814,165708,0.0014,0.0002,0.1093,1.0,1.0,9.1475,781196,1893,0.0114
tencentBlock.ns1437.oracleGeneral.zst,38244751,2764001,0.0356,0.0026,0.0723,1.0,1.0,13.8367,781200,497512,0.18
tencentBlock.ns14366.oracleGeneral.zst,1113011,140398,0.001,0.0001,0.1261,1.0,1.0,7.9275,781195,2646,0.0188
tencentBlock.ns14362.oracleGeneral.zst,2602347,257507,0.0024,0.0002,0.099,1.0,1.0,10.1059,781194,69867,0.2713
tencentBlock.ns14353.oracleGeneral.zst,1730117,338764,0.0016,0.0003,0.1958,1.0,1.0,5.1071,781197,211626,0.6247
tencentBlock.ns14346.oracleGeneral.zst,2189523,187132,0.002,0.0002,0.0855,1.0,1.0,11.7004,781197,75671,0.4044
tencentBlock.ns14341.oracleGeneral.zst,4297339,480844,0.004,0.0004,0.1119,1.0,1.0,8.9371,781197,89640,0.1864
tencentBlock.ns1434.oracleGeneral.zst,5603547,178606,0.0052,0.0002,0.0319,1.0,1.0,31.3738,781199,31066,0.1739
tencentBlock.ns14337.oracleGeneral.zst,1871865,237721,0.0017,0.0002,0.127,1.0,1.0,7.8742,781193,71480,0.3007
tencentBlock.ns14330.oracleGeneral.zst,3721049,318588,0.0035,0.0003,0.0856,1.0,1.0,11.6798,781198,82595,0.2593
tencentBlock.ns14312.oracleGeneral.zst,1126157,140190,0.001,0.0001,0.1245,1.0,1.0,8.0331,781197,2801,0.02
tencentBlock.ns14311.oracleGeneral.zst,1997997,177093,0.0019,0.0002,0.0886,1.0,1.0,11.2822,781198,53034,0.2995
tencentBlock.ns14310.oracleGeneral.zst,3684155,325334,0.0034,0.0003,0.0883,1.0,1.0,11.3242,781197,74560,0.2292
tencentBlock.ns14307.oracleGeneral.zst,2543423,330129,0.0024,0.0003,0.1298,1.0,1.0,7.7043,781197,65691,0.199
tencentBlock.ns14300.oracleGeneral.zst,4362748,1945862,0.0041,0.0018,0.446,1.0,1.0,2.2421,781198,1356548,0.6971
tencentBlock.ns14295.oracleGeneral.zst,1583005,192835,0.0015,0.0002,0.1218,1.0,1.0,8.2091,781198,47727,0.2475
tencentBlock.ns14291.oracleGeneral.zst,3962342,436426,0.0037,0.0004,0.1101,1.0,1.0,9.0791,781193,92896,0.2129
tencentBlock.ns14284.oracleGeneral.zst,5036124,328676,0.0047,0.0003,0.0653,1.0,1.0,15.3225,781198,96287,0.293
tencentBlock.ns14283.oracleGeneral.zst,2015815,241925,0.0019,0.0002,0.12,1.0,1.0,8.3324,781197,82873,0.3426
tencentBlock.ns14276.oracleGeneral.zst,2047539,229151,0.0019,0.0002,0.1119,1.0,1.0,8.9353,781198,100180,0.4372
tencentBlock.ns14268.oracleGeneral.zst,1657867,169018,0.0015,0.0002,0.1019,1.0,1.0,9.8088,781198,11919,0.0705
tencentBlock.ns14261.oracleGeneral.zst,21771628,392919,0.0203,0.0004,0.018,1.0,1.0,55.41,781197,92587,0.2356
tencentBlock.ns14254.oracleGeneral.zst,4622408,857256,0.0043,0.0008,0.1855,1.0,1.0,5.3921,781195,546717,0.6378
tencentBlock.ns14248.oracleGeneral.zst,11417024,1000471,0.0106,0.0009,0.0876,1.0,1.0,11.4116,781197,377520,0.3773
tencentBlock.ns14234.oracleGeneral.zst,6306594,380909,0.0059,0.0004,0.0604,1.0,1.0,16.5567,674546,72314,0.1898
tencentBlock.ns14233.oracleGeneral.zst,1415808,214486,0.0013,0.0002,0.1515,1.0,1.0,6.6009,781195,125428,0.5848
tencentBlock.ns14230.oracleGeneral.zst,3546708,346873,0.0033,0.0003,0.0978,1.0,1.0,10.2248,781198,62539,0.1803
tencentBlock.ns14223.oracleGeneral.zst,1313503,142142,0.0012,0.0001,0.1082,1.0,1.0,9.2408,781198,5749,0.0404
tencentBlock.ns14212.oracleGeneral.zst,1636824,194342,0.0015,0.0002,0.1187,1.0,1.0,8.4224,781197,9216,0.0474
tencentBlock.ns14207.oracleGeneral.zst,48689259,2824477,0.0453,0.0026,0.058,1.0,1.0,17.2383,781198,303524,0.1075
tencentBlock.ns14201.oracleGeneral.zst,1204650,140980,0.0011,0.0001,0.117,1.0,1.0,8.5448,781198,4542,0.0322
tencentBlock.ns14196.oracleGeneral.zst,1028852,129788,0.001,0.0001,0.1261,1.0,1.0,7.9272,781197,4109,0.0317
tencentBlock.ns14195.oracleGeneral.zst,5358301,635472,0.005,0.0006,0.1186,1.0,1.0,8.432,781198,140714,0.2214
tencentBlock.ns14182.oracleGeneral.zst,2266078,306216,0.0021,0.0003,0.1351,1.0,1.0,7.4003,781197,41405,0.1352
tencentBlock.ns14174.oracleGeneral.zst,3917997,164952,0.0036,0.0002,0.0421,1.0,1.0,23.7523,781198,41830,0.2536
tencentBlock.ns14167.oracleGeneral.zst,3611147,419933,0.0034,0.0004,0.1163,1.0,1.0,8.5993,781197,117903,0.2808
tencentBlock.ns14158.oracleGeneral.zst,5122449,610374,0.0048,0.0006,0.1192,1.0,1.0,8.3923,781198,147934,0.2424
tencentBlock.ns1415.oracleGeneral.zst,4536364,275539,0.0042,0.0003,0.0607,1.0,1.0,16.4636,781200,137006,0.4972
tencentBlock.ns14149.oracleGeneral.zst,2769491,249705,0.0026,0.0002,0.0902,1.0,1.0,11.0911,781197,41575,0.1665
tencentBlock.ns14140.oracleGeneral.zst,1331367,195847,0.0012,0.0002,0.1471,1.0,1.0,6.798,781197,31060,0.1586
tencentBlock.ns14131.oracleGeneral.zst,1003063,106990,0.0009,0.0001,0.1067,1.0,1.0,9.3753,781193,14053,0.1313
tencentBlock.ns1413.oracleGeneral.zst,2017883,217708,0.0019,0.0002,0.1079,1.0,1.0,9.2688,781199,17039,0.0783
tencentBlock.ns14123.oracleGeneral.zst,1466248,152503,0.0014,0.0001,0.104,1.0,1.0,9.6146,781198,29312,0.1922
tencentBlock.ns14121.oracleGeneral.zst,1305420,223833,0.0012,0.0002,0.1715,1.0,1.0,5.8321,781198,49135,0.2195
tencentBlock.ns14114.oracleGeneral.zst,18296875,300541,0.017,0.0003,0.0164,1.0,1.0,60.8798,781197,80972,0.2694
tencentBlock.ns14109.oracleGeneral.zst,1461230,150363,0.0014,0.0001,0.1029,1.0,1.0,9.718,781197,50083,0.3331
tencentBlock.ns14101.oracleGeneral.zst,2840595,311704,0.0026,0.0003,0.1097,1.0,1.0,9.1131,781197,58714,0.1884
tencentBlock.ns14093.oracleGeneral.zst,2101582,254490,0.002,0.0002,0.1211,1.0,1.0,8.258,781198,72160,0.2835
tencentBlock.ns14087.oracleGeneral.zst,3301976,277661,0.0031,0.0003,0.0841,1.0,1.0,11.8921,781198,95857,0.3452
tencentBlock.ns14083.oracleGeneral.zst,2066516,167927,0.0019,0.0002,0.0813,1.0,1.0,12.306,781198,4460,0.0266
tencentBlock.ns14082.oracleGeneral.zst,5169117,529857,0.0048,0.0005,0.1025,1.0,1.0,9.7557,781198,152146,0.2871
tencentBlock.ns14081.oracleGeneral.zst,1446289,314895,0.0013,0.0003,0.2177,1.0,1.0,4.5929,781198,225408,0.7158
tencentBlock.ns14072.oracleGeneral.zst,5851148,707420,0.0054,0.0007,0.1209,1.0,1.0,8.2711,781196,265953,0.3759
tencentBlock.ns1407.oracleGeneral.zst,15046896,347060,0.014,0.0003,0.0231,1.0,1.0,43.3553,781200,168226,0.4847
tencentBlock.ns14067.oracleGeneral.zst,10364967,1508051,0.0097,0.0014,0.1455,1.0,1.0,6.8731,781198,601904,0.3991
tencentBlock.ns14060.oracleGeneral.zst,1397141,654589,0.0013,0.0006,0.4685,1.0,1.0,2.1344,781195,577369,0.882
tencentBlock.ns14051.oracleGeneral.zst,1341052,153161,0.0012,0.0001,0.1142,1.0,1.0,8.7558,781196,24023,0.1568
tencentBlock.ns14050.oracleGeneral.zst,3196647,284000,0.003,0.0003,0.0888,1.0,1.0,11.2558,781198,84151,0.2963
tencentBlock.ns14046.oracleGeneral.zst,5034802,422462,0.0047,0.0004,0.0839,1.0,1.0,11.9178,781199,65222,0.1544
tencentBlock.ns14041.oracleGeneral.zst,3075182,330911,0.0029,0.0003,0.1076,1.0,1.0,9.2931,781198,59772,0.1806
tencentBlock.ns14038.oracleGeneral.zst,1248839,135030,0.0012,0.0001,0.1081,1.0,1.0,9.2486,781196,5671,0.042
tencentBlock.ns14026.oracleGeneral.zst,3628778,369133,0.0034,0.0003,0.1017,1.0,1.0,9.8305,781198,65352,0.177
tencentBlock.ns14018.oracleGeneral.zst,2030268,109345,0.0019,0.0001,0.0539,1.0,1.0,18.5675,781196,27972,0.2558
tencentBlock.ns14012.oracleGeneral.zst,1941561,129252,0.0018,0.0001,0.0666,1.0,1.0,15.0215,781197,2172,0.0168
tencentBlock.ns14009.oracleGeneral.zst,1491887,248257,0.0014,0.0002,0.1664,1.0,1.0,6.0094,781197,132752,0.5347
tencentBlock.ns14008.oracleGeneral.zst,1160580,206338,0.0011,0.0002,0.1778,1.0,1.0,5.6247,781195,50126,0.2429
tencentBlock.ns14002.oracleGeneral.zst,12588320,3422763,0.0117,0.0032,0.2719,1.0,1.0,3.6778,781197,2239213,0.6542
tencentBlock.ns1400.oracleGeneral.zst,9412377,779032,0.0088,0.0007,0.0828,1.0,1.0,12.0821,781200,100581,0.1291
tencentBlock.ns13998.oracleGeneral.zst,5374788,435786,0.005,0.0004,0.0811,1.0,1.0,12.3335,781198,65560,0.1504
tencentBlock.ns13996.oracleGeneral.zst,3459064,228197,0.0032,0.0002,0.066,1.0,1.0,15.1582,781196,37802,0.1657
tencentBlock.ns13985.oracleGeneral.zst,4905098,594599,0.0046,0.0006,0.1212,1.0,1.0,8.2494,781198,342479,0.576
tencentBlock.ns13980.oracleGeneral.zst,2650547,1030029,0.0025,0.001,0.3886,1.0,1.0,2.5733,781195,699198,0.6788
tencentBlock.ns13975.oracleGeneral.zst,1871680,183825,0.0017,0.0002,0.0982,1.0,1.0,10.1819,781195,37071,0.2017
tencentBlock.ns13958.oracleGeneral.zst,3997268,443128,0.0037,0.0004,0.1109,1.0,1.0,9.0206,781198,85061,0.192
tencentBlock.ns13956.oracleGeneral.zst,1959001,200229,0.0018,0.0002,0.1022,1.0,1.0,9.7838,781196,65630,0.3278
tencentBlock.ns13945.oracleGeneral.zst,3091399,337514,0.0029,0.0003,0.1092,1.0,1.0,9.1593,781198,103893,0.3078
tencentBlock.ns13940.oracleGeneral.zst,1323889,217786,0.0012,0.0002,0.1645,1.0,1.0,6.0789,781196,50648,0.2326
tencentBlock.ns1394.oracleGeneral.zst,88285723,3327748,0.0822,0.0031,0.0377,1.0,1.0,26.5302,781200,443136,0.1332
tencentBlock.ns13931.oracleGeneral.zst,89881384,682602,0.0837,0.0006,0.0076,1.0,1.0,131.6747,781198,295851,0.4334
tencentBlock.ns13927.oracleGeneral.zst,1475119,200350,0.0014,0.0002,0.1358,1.0,1.0,7.3627,781197,52713,0.2631
tencentBlock.ns13921.oracleGeneral.zst,3716867,410546,0.0035,0.0004,0.1105,1.0,1.0,9.0535,781196,100865,0.2457
tencentBlock.ns13912.oracleGeneral.zst,8090856,1149925,0.0075,0.0011,0.1421,1.0,1.0,7.036,781198,516811,0.4494
tencentBlock.ns13908.oracleGeneral.zst,4118256,632905,0.0038,0.0006,0.1537,1.0,1.0,6.5069,781197,339233,0.536
tencentBlock.ns13893.oracleGeneral.zst,3377296,330557,0.0031,0.0003,0.0979,1.0,1.0,10.217,781198,77810,0.2354
tencentBlock.ns13886.oracleGeneral.zst,3314899,322134,0.0031,0.0003,0.0972,1.0,1.0,10.2904,781197,97090,0.3014
tencentBlock.ns13877.oracleGeneral.zst,4057508,431977,0.0038,0.0004,0.1065,1.0,1.0,9.3929,781197,77777,0.18
tencentBlock.ns1387.oracleGeneral.zst,4439507,111024,0.0041,0.0001,0.025,1.0,1.0,39.9869,781200,33445,0.3012
tencentBlock.ns13859.oracleGeneral.zst,4016512,172828,0.0037,0.0002,0.043,1.0,1.0,23.2399,781198,79627,0.4607
tencentBlock.ns13858.oracleGeneral.zst,4047473,337062,0.0038,0.0003,0.0833,1.0,1.0,12.0081,781196,8922,0.0265
tencentBlock.ns13851.oracleGeneral.zst,1441677,174585,0.0013,0.0002,0.1211,1.0,1.0,8.2577,781197,4090,0.0234
tencentBlock.ns13844.oracleGeneral.zst,1617101,195991,0.0015,0.0002,0.1212,1.0,1.0,8.2509,781198,50984,0.2601
tencentBlock.ns13837.oracleGeneral.zst,2170807,206168,0.002,0.0002,0.095,1.0,1.0,10.5293,781196,9485,0.046
tencentBlock.ns1383.oracleGeneral.zst,14847682,334921,0.0138,0.0003,0.0226,1.0,1.0,44.3319,781199,99929,0.2984
tencentBlock.ns13829.oracleGeneral.zst,1436464,174027,0.0013,0.0002,0.1211,1.0,1.0,8.2543,781197,30514,0.1753
tencentBlock.ns13811.oracleGeneral.zst,52024841,2801497,0.0485,0.0026,0.0538,1.0,1.0,18.5704,781196,269336,0.0961
tencentBlock.ns13803.oracleGeneral.zst,3885027,446439,0.0036,0.0004,0.1149,1.0,1.0,8.7023,781198,53904,0.1207
tencentBlock.ns1380.oracleGeneral.zst,2482464,325799,0.0023,0.0003,0.1312,1.0,1.0,7.6196,781198,113421,0.3481
tencentBlock.ns13795.oracleGeneral.zst,1130907,131635,0.0011,0.0001,0.1164,1.0,1.0,8.5912,781197,3527,0.0268
tencentBlock.ns13789.oracleGeneral.zst,11138717,1399676,0.0104,0.0013,0.1257,1.0,1.0,7.9581,781196,443860,0.3171
tencentBlock.ns13786.oracleGeneral.zst,54573871,2280147,0.0508,0.0021,0.0418,1.0,1.0,23.9344,781197,126279,0.0554
tencentBlock.ns13782.oracleGeneral.zst,1318342,142340,0.0012,0.0001,0.108,1.0,1.0,9.2619,781196,3975,0.0279
tencentBlock.ns13774.oracleGeneral.zst,3430725,314595,0.0032,0.0003,0.0917,1.0,1.0,10.9052,781197,93208,0.2963
tencentBlock.ns13767.oracleGeneral.zst,3730388,381256,0.0035,0.0004,0.1022,1.0,1.0,9.7845,781194,65473,0.1717
tencentBlock.ns13764.oracleGeneral.zst,1538805,177733,0.0014,0.0002,0.1155,1.0,1.0,8.658,781198,31006,0.1745
tencentBlock.ns13750.oracleGeneral.zst,1697450,195150,0.0016,0.0002,0.115,1.0,1.0,8.6982,781195,33494,0.1716
tencentBlock.ns13746.oracleGeneral.zst,3071664,325707,0.0029,0.0003,0.106,1.0,1.0,9.4308,781198,77874,0.2391
tencentBlock.ns13739.oracleGeneral.zst,4703242,461717,0.0044,0.0004,0.0982,1.0,1.0,10.1864,781198,94814,0.2054
tencentBlock.ns13731.oracleGeneral.zst,5320793,266283,0.005,0.0002,0.05,1.0,1.0,19.9817,781197,114311,0.4293
tencentBlock.ns13723.oracleGeneral.zst,2064456,157812,0.0019,0.0001,0.0764,1.0,1.0,13.0817,781196,7951,0.0504
tencentBlock.ns13710.oracleGeneral.zst,1955655,138539,0.0018,0.0001,0.0708,1.0,1.0,14.1163,781198,4685,0.0338
tencentBlock.ns1371.oracleGeneral.zst,1689323,174621,0.0016,0.0002,0.1034,1.0,1.0,9.6742,781200,67672,0.3875
tencentBlock.ns13709.oracleGeneral.zst,1855342,119214,0.0017,0.0001,0.0643,1.0,1.0,15.5631,781196,16565,0.139
tencentBlock.ns13706.oracleGeneral.zst,1590802,160862,0.0015,0.0001,0.1011,1.0,1.0,9.8892,781194,9200,0.0572
tencentBlock.ns13702.oracleGeneral.zst,4391703,514807,0.0041,0.0005,0.1172,1.0,1.0,8.5308,781194,103726,0.2015
tencentBlock.ns13699.oracleGeneral.zst,5519203,430679,0.0051,0.0004,0.078,1.0,1.0,12.8151,781198,150292,0.349
tencentBlock.ns13698.oracleGeneral.zst,3639461,462340,0.0034,0.0004,0.127,1.0,1.0,7.8718,781194,157041,0.3397
tencentBlock.ns13694.oracleGeneral.zst,1400760,175325,0.0013,0.0002,0.1252,1.0,1.0,7.9895,781194,47763,0.2724
tencentBlock.ns13690.oracleGeneral.zst,1672708,174546,0.0016,0.0002,0.1043,1.0,1.0,9.5832,781198,11886,0.0681
tencentBlock.ns13684.oracleGeneral.zst,4780102,539685,0.0045,0.0005,0.1129,1.0,1.0,8.8572,781199,140753,0.2608
tencentBlock.ns13675.oracleGeneral.zst,1132536,130458,0.0011,0.0001,0.1152,1.0,1.0,8.6812,781194,1027,0.0079
tencentBlock.ns13671.oracleGeneral.zst,2982599,277161,0.0028,0.0003,0.0929,1.0,1.0,10.7613,781199,47222,0.1704
tencentBlock.ns13662.oracleGeneral.zst,6368141,408522,0.0059,0.0004,0.0642,1.0,1.0,15.5882,781197,13073,0.032
tencentBlock.ns13657.oracleGeneral.zst,1447061,160498,0.0013,0.0001,0.1109,1.0,1.0,9.0161,781199,48613,0.3029
tencentBlock.ns13656.oracleGeneral.zst,5861270,447602,0.0055,0.0004,0.0764,1.0,1.0,13.0948,781196,92603,0.2069
tencentBlock.ns13653.oracleGeneral.zst,1169380,132378,0.0011,0.0001,0.1132,1.0,1.0,8.8336,781195,53449,0.4038
tencentBlock.ns13649.oracleGeneral.zst,1702172,387056,0.0016,0.0004,0.2274,1.0,1.0,4.3977,612360,216194,0.5586
tencentBlock.ns13638.oracleGeneral.zst,3347118,432573,0.0031,0.0004,0.1292,1.0,1.0,7.7377,781199,133003,0.3075
tencentBlock.ns13635.oracleGeneral.zst,3929858,453228,0.0037,0.0004,0.1153,1.0,1.0,8.6708,781198,89448,0.1974
tencentBlock.ns13620.oracleGeneral.zst,7440652,190499,0.0069,0.0002,0.0256,1.0,1.0,39.0587,781198,41281,0.2167
tencentBlock.ns1362.oracleGeneral.zst,5468027,1644803,0.0051,0.0015,0.3008,1.0,1.0,3.3244,781198,1071077,0.6512
tencentBlock.ns13617.oracleGeneral.zst,6725378,630710,0.0063,0.0006,0.0938,1.0,1.0,10.6632,781199,186567,0.2958
tencentBlock.ns13604.oracleGeneral.zst,24760990,172262,0.0231,0.0002,0.007,1.0,1.0,143.7403,781199,28112,0.1632
tencentBlock.ns1360.oracleGeneral.zst,555522089,2469448,0.5174,0.0023,0.0044,1.0,1.0,224.958,781200,445976,0.1806
tencentBlock.ns13595.oracleGeneral.zst,1371270,140579,0.0013,0.0001,0.1025,1.0,1.0,9.7544,781199,1626,0.0116
tencentBlock.ns13594.oracleGeneral.zst,3096848,299509,0.0029,0.0003,0.0967,1.0,1.0,10.3397,781198,102336,0.3417
tencentBlock.ns13586.oracleGeneral.zst,4022566,333968,0.0037,0.0003,0.083,1.0,1.0,12.0448,781196,94641,0.2834
tencentBlock.ns13580.oracleGeneral.zst,3208898,547009,0.003,0.0005,0.1705,1.0,1.0,5.8663,781199,362462,0.6626
tencentBlock.ns13578.oracleGeneral.zst,3604401,163876,0.0034,0.0002,0.0455,1.0,1.0,21.9947,781198,33445,0.2041
tencentBlock.ns13573.oracleGeneral.zst,3606686,317324,0.0034,0.0003,0.088,1.0,1.0,11.3659,781199,93046,0.2932
tencentBlock.ns13571.oracleGeneral.zst,4020705,477428,0.0037,0.0004,0.1187,1.0,1.0,8.4216,781196,117785,0.2467
tencentBlock.ns13569.oracleGeneral.zst,6635539,951251,0.0062,0.0009,0.1434,1.0,1.0,6.9756,781199,479974,0.5046
tencentBlock.ns13557.oracleGeneral.zst,3666329,370639,0.0034,0.0003,0.1011,1.0,1.0,9.8919,781199,114322,0.3084
tencentBlock.ns13552.oracleGeneral.zst,4398311,528574,0.0041,0.0005,0.1202,1.0,1.0,8.3211,781199,97598,0.1846
tencentBlock.ns13548.oracleGeneral.zst,1521408,253470,0.0014,0.0002,0.1666,1.0,1.0,6.0023,781195,45031,0.1777
tencentBlock.ns13546.oracleGeneral.zst,3900062,271659,0.0036,0.0003,0.0697,1.0,1.0,14.3565,781163,128103,0.4716
tencentBlock.ns13544.oracleGeneral.zst,1217068,147322,0.0011,0.0001,0.121,1.0,1.0,8.2613,781196,4653,0.0316
tencentBlock.ns13528.oracleGeneral.zst,1562630,192684,0.0015,0.0002,0.1233,1.0,1.0,8.1098,781199,58932,0.3058
tencentBlock.ns13524.oracleGeneral.zst,3986222,413149,0.0037,0.0004,0.1036,1.0,1.0,9.6484,781199,141453,0.3424
tencentBlock.ns13518.oracleGeneral.zst,1448830,229483,0.0013,0.0002,0.1584,1.0,1.0,6.3135,781198,53469,0.233
tencentBlock.ns1351.oracleGeneral.zst,195824302,1498430,0.1824,0.0014,0.0077,1.0,1.0,130.6863,781199,271298,0.1811
tencentBlock.ns13505.oracleGeneral.zst,1938468,100821,0.0018,0.0001,0.052,1.0,1.0,19.2268,781199,4864,0.0482
tencentBlock.ns13503.oracleGeneral.zst,1423846,147638,0.0013,0.0001,0.1037,1.0,1.0,9.6442,781195,9691,0.0656
tencentBlock.ns13495.oracleGeneral.zst,5025454,343431,0.0047,0.0003,0.0683,1.0,1.0,14.6331,781196,88729,0.2584
tencentBlock.ns13494.oracleGeneral.zst,68526267,16487845,0.0638,0.0154,0.2406,1.0,1.0,4.1562,781199,10890720,0.6605
tencentBlock.ns13492.oracleGeneral.zst,1146105,229961,0.0011,0.0002,0.2006,1.0,1.0,4.9839,93146,76681,0.3335
tencentBlock.ns13487.oracleGeneral.zst,2582952,153932,0.0024,0.0001,0.0596,1.0,1.0,16.7798,781198,49247,0.3199
tencentBlock.ns13476.oracleGeneral.zst,7157701,859838,0.0067,0.0008,0.1201,1.0,1.0,8.3245,781199,32869,0.0382
tencentBlock.ns13467.oracleGeneral.zst,1076044,189910,0.001,0.0002,0.1765,1.0,1.0,5.6661,781197,37235,0.1961
tencentBlock.ns13464.oracleGeneral.zst,3842900,295736,0.0036,0.0003,0.077,1.0,1.0,12.9944,781199,140312,0.4745
tencentBlock.ns13461.oracleGeneral.zst,4831235,557119,0.0045,0.0005,0.1153,1.0,1.0,8.6718,781198,142487,0.2558
tencentBlock.ns13448.oracleGeneral.zst,2401713,321205,0.0022,0.0003,0.1337,1.0,1.0,7.4772,781199,67538,0.2103
tencentBlock.ns13444.oracleGeneral.zst,2833982,152572,0.0026,0.0001,0.0538,1.0,1.0,18.5747,781198,3638,0.0238
tencentBlock.ns13439.oracleGeneral.zst,51796778,1946575,0.0482,0.0018,0.0376,1.0,1.0,26.6092,781199,91498,0.047
tencentBlock.ns13435.oracleGeneral.zst,47899731,2852476,0.0446,0.0027,0.0596,1.0,1.0,16.7923,781198,288227,0.101
tencentBlock.ns13433.oracleGeneral.zst,7150478,458779,0.0067,0.0004,0.0642,1.0,1.0,15.5859,781196,310372,0.6765
tencentBlock.ns13429.oracleGeneral.zst,10571420,452360,0.0098,0.0004,0.0428,1.0,1.0,23.3695,781199,104009,0.2299
tencentBlock.ns13422.oracleGeneral.zst,4392841,425592,0.0041,0.0004,0.0969,1.0,1.0,10.3217,781198,59384,0.1395
tencentBlock.ns1342.oracleGeneral.zst,4151680,328712,0.0039,0.0003,0.0792,1.0,1.0,12.6301,781200,94655,0.288
tencentBlock.ns13414.oracleGeneral.zst,4105887,244129,0.0038,0.0002,0.0595,1.0,1.0,16.8185,781199,101143,0.4143
tencentBlock.ns13403.oracleGeneral.zst,2862211,360958,0.0027,0.0003,0.1261,1.0,1.0,7.9295,781198,133457,0.3697
tencentBlock.ns13401.oracleGeneral.zst,3915337,423241,0.0036,0.0004,0.1081,1.0,1.0,9.2508,781197,104345,0.2465
tencentBlock.ns13392.oracleGeneral.zst,1688709,274601,0.0016,0.0003,0.1626,1.0,1.0,6.1497,781198,92545,0.337
tencentBlock.ns13386.oracleGeneral.zst,1285430,140978,0.0012,0.0001,0.1097,1.0,1.0,9.1179,781199,54070,0.3835
tencentBlock.ns13379.oracleGeneral.zst,8056488,764143,0.0075,0.0007,0.0948,1.0,1.0,10.5432,781199,334456,0.4377
tencentBlock.ns13377.oracleGeneral.zst,3913664,310397,0.0036,0.0003,0.0793,1.0,1.0,12.6086,781197,80093,0.258
tencentBlock.ns13371.oracleGeneral.zst,3509826,214416,0.0033,0.0002,0.0611,1.0,1.0,16.3692,781199,78801,0.3675
tencentBlock.ns13367.oracleGeneral.zst,4800731,370027,0.0045,0.0003,0.0771,1.0,1.0,12.974,781197,165129,0.4463
tencentBlock.ns13361.oracleGeneral.zst,4331806,508973,0.004,0.0005,0.1175,1.0,1.0,8.5109,781199,163222,0.3207
tencentBlock.ns13354.oracleGeneral.zst,3689810,483288,0.0034,0.0005,0.131,1.0,1.0,7.6348,781198,185596,0.384
tencentBlock.ns1335.oracleGeneral.zst,3798856,128422,0.0035,0.0001,0.0338,1.0,1.0,29.581,781200,27722,0.2159
tencentBlock.ns13349.oracleGeneral.zst,54062797,2270363,0.0503,0.0021,0.042,1.0,1.0,23.8124,781199,142655,0.0628
tencentBlock.ns13328.oracleGeneral.zst,1569527,190576,0.0015,0.0002,0.1214,1.0,1.0,8.2357,781199,44721,0.2347
tencentBlock.ns13312.oracleGeneral.zst,4498455,525952,0.0042,0.0005,0.1169,1.0,1.0,8.553,781198,108812,0.2069
tencentBlock.ns13308.oracleGeneral.zst,2329482,316913,0.0022,0.0003,0.136,1.0,1.0,7.3505,781199,79443,0.2507
tencentBlock.ns13299.oracleGeneral.zst,1858733,583854,0.0017,0.0005,0.3141,1.0,1.0,3.1836,781198,243550,0.4171
tencentBlock.ns13286.oracleGeneral.zst,50856830,3079289,0.0474,0.0029,0.0605,1.0,1.0,16.5158,781199,365088,0.1186
tencentBlock.ns13279.oracleGeneral.zst,3357979,396702,0.0031,0.0004,0.1181,1.0,1.0,8.4647,781196,55314,0.1394
tencentBlock.ns13270.oracleGeneral.zst,15380283,980692,0.0143,0.0009,0.0638,1.0,1.0,15.6831,781199,280935,0.2865
tencentBlock.ns13265.oracleGeneral.zst,4274026,508933,0.004,0.0005,0.1191,1.0,1.0,8.398,781199,139018,0.2732
tencentBlock.ns13262.oracleGeneral.zst,1648150,779010,0.0015,0.0007,0.4727,1.0,1.0,2.1157,781199,616712,0.7917
tencentBlock.ns1326.oracleGeneral.zst,349295602,2965169,0.3253,0.0028,0.0085,1.0,1.0,117.7996,781200,336942,0.1136
tencentBlock.ns13253.oracleGeneral.zst,2620789,307599,0.0024,0.0003,0.1174,1.0,1.0,8.5201,781199,166947,0.5427
tencentBlock.ns13230.oracleGeneral.zst,1034332,185759,0.001,0.0002,0.1796,1.0,1.0,5.5681,781199,35024,0.1885
tencentBlock.ns13223.oracleGeneral.zst,4555707,578665,0.0042,0.0005,0.127,1.0,1.0,7.8728,781198,207380,0.3584
tencentBlock.ns13212.oracleGeneral.zst,5975222,100097,0.0056,0.0001,0.0168,1.0,1.0,59.6943,781199,23965,0.2394
tencentBlock.ns13204.oracleGeneral.zst,1999279,243116,0.0019,0.0002,0.1216,1.0,1.0,8.2236,781196,76430,0.3144
tencentBlock.ns13203.oracleGeneral.zst,6868139,572559,0.0064,0.0005,0.0834,1.0,1.0,11.9955,781199,361335,0.6311
tencentBlock.ns13201.oracleGeneral.zst,14298275,839285,0.0133,0.0008,0.0587,1.0,1.0,17.0363,781197,400371,0.477
tencentBlock.ns13198.oracleGeneral.zst,56209898,2951323,0.0523,0.0027,0.0525,1.0,1.0,19.0457,781198,314701,0.1066
tencentBlock.ns13192.oracleGeneral.zst,4358068,465649,0.0041,0.0004,0.1068,1.0,1.0,9.3591,781199,91417,0.1963
tencentBlock.ns13189.oracleGeneral.zst,4747631,196209,0.0044,0.0002,0.0413,1.0,1.0,24.1968,781199,32760,0.167
tencentBlock.ns13183.oracleGeneral.zst,2711290,217563,0.0025,0.0002,0.0802,1.0,1.0,12.4621,781194,43033,0.1978
tencentBlock.ns13175.oracleGeneral.zst,4364647,499257,0.0041,0.0005,0.1144,1.0,1.0,8.7423,781196,96528,0.1933
tencentBlock.ns1317.oracleGeneral.zst,5666695,138580,0.0053,0.0001,0.0245,1.0,1.0,40.8911,781197,35776,0.2582
tencentBlock.ns13168.oracleGeneral.zst,3416490,320934,0.0032,0.0003,0.0939,1.0,1.0,10.6455,781198,78434,0.2444
tencentBlock.ns13167.oracleGeneral.zst,14365368,997375,0.0134,0.0009,0.0694,1.0,1.0,14.4032,781195,412278,0.4134
tencentBlock.ns1316.oracleGeneral.zst,1415406,133264,0.0013,0.0001,0.0942,1.0,1.0,10.6211,781199,19161,0.1438
tencentBlock.ns13155.oracleGeneral.zst,5593443,1000479,0.0052,0.0009,0.1789,1.0,1.0,5.5908,781199,544809,0.5445
tencentBlock.ns13153.oracleGeneral.zst,1269497,123051,0.0012,0.0001,0.0969,1.0,1.0,10.3168,781199,52916,0.43
tencentBlock.ns13147.oracleGeneral.zst,3400773,313628,0.0032,0.0003,0.0922,1.0,1.0,10.8433,781196,86740,0.2766
tencentBlock.ns13146.oracleGeneral.zst,3043673,358538,0.0028,0.0003,0.1178,1.0,1.0,8.4891,781197,110959,0.3095
tencentBlock.ns13142.oracleGeneral.zst,1060565,140589,0.001,0.0001,0.1326,1.0,1.0,7.5437,781197,7776,0.0553
tencentBlock.ns13141.oracleGeneral.zst,6412672,170935,0.006,0.0002,0.0267,1.0,1.0,37.5153,781198,28739,0.1681
tencentBlock.ns13139.oracleGeneral.zst,2832617,356808,0.0026,0.0003,0.126,1.0,1.0,7.9388,781199,246826,0.6918
tencentBlock.ns13132.oracleGeneral.zst,2166546,259060,0.002,0.0002,0.1196,1.0,1.0,8.3631,616951,105468,0.4071
tencentBlock.ns13126.oracleGeneral.zst,4315865,496336,0.004,0.0005,0.115,1.0,1.0,8.6955,781196,107302,0.2162
tencentBlock.ns13122.oracleGeneral.zst,1778882,212398,0.0017,0.0002,0.1194,1.0,1.0,8.3752,781196,11498,0.0541
tencentBlock.ns13113.oracleGeneral.zst,3206840,285790,0.003,0.0003,0.0891,1.0,1.0,11.221,781196,68644,0.2402
tencentBlock.ns13108.oracleGeneral.zst,4262031,223101,0.004,0.0002,0.0523,1.0,1.0,19.1036,781199,24801,0.1112
tencentBlock.ns13102.oracleGeneral.zst,4263534,470136,0.004,0.0004,0.1103,1.0,1.0,9.0687,781197,93969,0.1999
tencentBlock.ns13095.oracleGeneral.zst,1467508,229432,0.0014,0.0002,0.1563,1.0,1.0,6.3963,781197,45045,0.1963
tencentBlock.ns13093.oracleGeneral.zst,2266325,175196,0.0021,0.0002,0.0773,1.0,1.0,12.9359,781196,65953,0.3765
tencentBlock.ns13080.oracleGeneral.zst,1398235,447562,0.0013,0.0004,0.3201,1.0,1.0,3.1241,781182,319082,0.7129
tencentBlock.ns1308.oracleGeneral.zst,4379962,466049,0.0041,0.0004,0.1064,1.0,1.0,9.3981,781197,85580,0.1836
tencentBlock.ns13076.oracleGeneral.zst,4606215,487677,0.0043,0.0005,0.1059,1.0,1.0,9.4452,781199,87118,0.1786
tencentBlock.ns13071.oracleGeneral.zst,2182034,145734,0.002,0.0001,0.0668,1.0,1.0,14.9727,781197,10694,0.0734
tencentBlock.ns13069.oracleGeneral.zst,34237206,243105,0.0319,0.0002,0.0071,1.0,1.0,140.833,781197,18105,0.0745
tencentBlock.ns13068.oracleGeneral.zst,2088573,205890,0.0019,0.0002,0.0986,1.0,1.0,10.1441,781198,134280,0.6522
tencentBlock.ns13061.oracleGeneral.zst,2738110,203094,0.0026,0.0002,0.0742,1.0,1.0,13.482,781197,36165,0.1781
tencentBlock.ns1306.oracleGeneral.zst,4724122,1838441,0.0044,0.0017,0.3892,1.0,1.0,2.5696,781200,1214538,0.6606
tencentBlock.ns13057.oracleGeneral.zst,45286035,2867421,0.0422,0.0027,0.0633,1.0,1.0,15.7933,781199,336612,0.1174
tencentBlock.ns13054.oracleGeneral.zst,2062561,454428,0.0019,0.0004,0.2203,1.0,1.0,4.5388,781197,282119,0.6208
tencentBlock.ns13052.oracleGeneral.zst,2640548,829129,0.0025,0.0008,0.314,1.0,1.0,3.1847,781199,398578,0.4807
tencentBlock.ns13046.oracleGeneral.zst,3509698,310088,0.0033,0.0003,0.0884,1.0,1.0,11.3184,781199,72789,0.2347
tencentBlock.ns1304.oracleGeneral.zst,2999989,182320,0.0028,0.0002,0.0608,1.0,1.0,16.4545,781200,25452,0.1396
tencentBlock.ns13039.oracleGeneral.zst,18857409,1350558,0.0176,0.0013,0.0716,1.0,1.0,13.9627,294759,112438,0.0833
tencentBlock.ns13024.oracleGeneral.zst,1835614,265918,0.0017,0.0002,0.1449,1.0,1.0,6.9029,781197,90698,0.3411
tencentBlock.ns13021.oracleGeneral.zst,1528252,222037,0.0014,0.0002,0.1453,1.0,1.0,6.8829,781197,39166,0.1764
tencentBlock.ns13016.oracleGeneral.zst,3723091,708040,0.0035,0.0007,0.1902,1.0,1.0,5.2583,781196,348333,0.492
tencentBlock.ns13011.oracleGeneral.zst,2076263,100071,0.0019,0.0001,0.0482,1.0,1.0,20.7479,781198,20875,0.2086
tencentBlock.ns13007.oracleGeneral.zst,3460618,825047,0.0032,0.0008,0.2384,1.0,1.0,4.1944,781195,377176,0.4572
tencentBlock.ns12999.oracleGeneral.zst,8195634,471321,0.0076,0.0004,0.0575,1.0,1.0,17.3886,781199,158826,0.337
tencentBlock.ns12985.oracleGeneral.zst,3275316,417796,0.0031,0.0004,0.1276,1.0,1.0,7.8395,781197,127301,0.3047
tencentBlock.ns12976.oracleGeneral.zst,2009798,168762,0.0019,0.0002,0.084,1.0,1.0,11.9091,781199,14206,0.0842
tencentBlock.ns12973.oracleGeneral.zst,49690216,2911592,0.0463,0.0027,0.0586,1.0,1.0,17.0663,781199,288769,0.0992
tencentBlock.ns12972.oracleGeneral.zst,3656596,403649,0.0034,0.0004,0.1104,1.0,1.0,9.0589,781198,85178,0.211
tencentBlock.ns12964.oracleGeneral.zst,1730195,184808,0.0016,0.0002,0.1068,1.0,1.0,9.3621,781199,97270,0.5263
tencentBlock.ns1296.oracleGeneral.zst,12303208,690688,0.0115,0.0006,0.0561,1.0,1.0,17.813,781200,259966,0.3764
tencentBlock.ns12956.oracleGeneral.zst,4437984,532925,0.0041,0.0005,0.1201,1.0,1.0,8.3276,781196,143814,0.2699
tencentBlock.ns12954.oracleGeneral.zst,1569876,152165,0.0015,0.0001,0.0969,1.0,1.0,10.3169,781199,2668,0.0175
tencentBlock.ns12945.oracleGeneral.zst,3604826,283978,0.0034,0.0003,0.0788,1.0,1.0,12.694,781198,79522,0.28
tencentBlock.ns12939.oracleGeneral.zst,2871477,106591,0.0027,0.0001,0.0371,1.0,1.0,26.9392,781199,21422,0.201
tencentBlock.ns12931.oracleGeneral.zst,1603634,169549,0.0015,0.0002,0.1057,1.0,1.0,9.4582,781199,2255,0.0133
tencentBlock.ns1293.oracleGeneral.zst,23551520,5215041,0.0219,0.0049,0.2214,1.0,1.0,4.5161,781200,1929040,0.3699
tencentBlock.ns12919.oracleGeneral.zst,1434477,168540,0.0013,0.0002,0.1175,1.0,1.0,8.5112,781197,59785,0.3547
tencentBlock.ns12916.oracleGeneral.zst,3746733,373901,0.0035,0.0003,0.0998,1.0,1.0,10.0207,781199,86454,0.2312
tencentBlock.ns12908.oracleGeneral.zst,30010459,2322603,0.0279,0.0022,0.0774,1.0,1.0,12.921,781199,196629,0.0847
tencentBlock.ns12899.oracleGeneral.zst,5244879,161093,0.0049,0.0002,0.0307,1.0,1.0,32.5581,781199,47918,0.2975
tencentBlock.ns12883.oracleGeneral.zst,4565271,513859,0.0043,0.0005,0.1126,1.0,1.0,8.8843,781198,97929,0.1906
tencentBlock.ns12875.oracleGeneral.zst,3974610,104621,0.0037,0.0001,0.0263,1.0,1.0,37.9906,781199,23012,0.22
tencentBlock.ns12872.oracleGeneral.zst,1366973,226823,0.0013,0.0002,0.1659,1.0,1.0,6.0266,781197,50627,0.2232
tencentBlock.ns12869.oracleGeneral.zst,1703812,293454,0.0016,0.0003,0.1722,1.0,1.0,5.8061,781197,94245,0.3212
tencentBlock.ns12861.oracleGeneral.zst,2694970,243652,0.0025,0.0002,0.0904,1.0,1.0,11.0607,781199,71418,0.2931
tencentBlock.ns1286.oracleGeneral.zst,2035461,193708,0.0019,0.0002,0.0952,1.0,1.0,10.5079,781200,5900,0.0305
tencentBlock.ns12852.oracleGeneral.zst,1615301,290746,0.0015,0.0003,0.18,1.0,1.0,5.5557,781197,61325,0.2109
tencentBlock.ns12851.oracleGeneral.zst,1419088,147496,0.0013,0.0001,0.1039,1.0,1.0,9.6212,781199,11921,0.0808
tencentBlock.ns12842.oracleGeneral.zst,1449044,123255,0.0013,0.0001,0.0851,1.0,1.0,11.7565,781197,5250,0.0426
tencentBlock.ns12833.oracleGeneral.zst,4035031,450995,0.0038,0.0004,0.1118,1.0,1.0,8.947,781198,93383,0.2071
tencentBlock.ns12825.oracleGeneral.zst,1536181,571677,0.0014,0.0005,0.3721,1.0,1.0,2.6871,359149,436271,0.7631
tencentBlock.ns12823.oracleGeneral.zst,6399226,402955,0.006,0.0004,0.063,1.0,1.0,15.8807,781199,142903,0.3546
tencentBlock.ns12820.oracleGeneral.zst,3672922,606759,0.0034,0.0006,0.1652,1.0,1.0,6.0533,781197,152531,0.2514
tencentBlock.ns1282.oracleGeneral.zst,654781000,720874,0.6098,0.0007,0.0011,1.0,1.0,908.3155,781200,39776,0.0552
tencentBlock.ns12812.oracleGeneral.zst,3596342,345503,0.0033,0.0003,0.0961,1.0,1.0,10.409,781196,112080,0.3244
tencentBlock.ns12811.oracleGeneral.zst,7322074,635010,0.0068,0.0006,0.0867,1.0,1.0,11.5306,781197,190703,0.3003
tencentBlock.ns12806.oracleGeneral.zst,2236873,595125,0.0021,0.0006,0.2661,1.0,1.0,3.7587,781198,376858,0.6332
tencentBlock.ns12804.oracleGeneral.zst,7966332,602248,0.0074,0.0006,0.0756,1.0,1.0,13.2277,781199,130093,0.216
tencentBlock.ns12803.oracleGeneral.zst,3519005,443222,0.0033,0.0004,0.126,1.0,1.0,7.9396,781197,133906,0.3021
tencentBlock.ns12802.oracleGeneral.zst,4115733,836845,0.0038,0.0008,0.2033,1.0,1.0,4.9182,781198,405734,0.4848
tencentBlock.ns12799.oracleGeneral.zst,4609626,615391,0.0043,0.0006,0.1335,1.0,1.0,7.4906,781199,196080,0.3186
tencentBlock.ns12796.oracleGeneral.zst,3856009,178898,0.0036,0.0002,0.0464,1.0,1.0,21.5542,781199,73315,0.4098
tencentBlock.ns12792.oracleGeneral.zst,1685148,125500,0.0016,0.0001,0.0745,1.0,1.0,13.4275,781199,38808,0.3092
tencentBlock.ns12778.oracleGeneral.zst,13872559,731048,0.0129,0.0007,0.0527,1.0,1.0,18.9763,781199,117720,0.161
tencentBlock.ns12771.oracleGeneral.zst,7939081,411975,0.0074,0.0004,0.0519,1.0,1.0,19.2708,781199,225067,0.5463
tencentBlock.ns12768.oracleGeneral.zst,6539423,763568,0.0061,0.0007,0.1168,1.0,1.0,8.5643,781198,103994,0.1362
tencentBlock.ns12760.oracleGeneral.zst,3242353,824582,0.003,0.0008,0.2543,1.0,1.0,3.9321,781196,643048,0.7798
tencentBlock.ns12754.oracleGeneral.zst,6105214,1088347,0.0057,0.001,0.1783,1.0,1.0,5.6096,781198,344949,0.3169
tencentBlock.ns12753.oracleGeneral.zst,9435829,126528,0.0088,0.0001,0.0134,1.0,1.0,74.575,781199,15980,0.1263
tencentBlock.ns12745.oracleGeneral.zst,2666699,1669517,0.0025,0.0016,0.6261,1.0,1.0,1.5973,781199,1410379,0.8448
tencentBlock.ns12734.oracleGeneral.zst,6823708,125747,0.0064,0.0001,0.0184,1.0,1.0,54.2654,781198,26390,0.2099
tencentBlock.ns1273.oracleGeneral.zst,21127418,2597853,0.0197,0.0024,0.123,1.0,1.0,8.1326,781200,1940434,0.7469
tencentBlock.ns12726.oracleGeneral.zst,46286678,2724050,0.0431,0.0025,0.0589,1.0,1.0,16.9919,781199,275170,0.101
tencentBlock.ns12715.oracleGeneral.zst,2325334,163272,0.0022,0.0002,0.0702,1.0,1.0,14.2421,781199,25552,0.1565
tencentBlock.ns12710.oracleGeneral.zst,1994591,221775,0.0019,0.0002,0.1112,1.0,1.0,8.9938,781195,39678,0.1789
tencentBlock.ns12709.oracleGeneral.zst,1236542,115739,0.0012,0.0001,0.0936,1.0,1.0,10.6839,781195,32428,0.2802
tencentBlock.ns12707.oracleGeneral.zst,2762574,205886,0.0026,0.0002,0.0745,1.0,1.0,13.418,781199,82102,0.3988
tencentBlock.ns12704.oracleGeneral.zst,55860119,2908599,0.052,0.0027,0.0521,1.0,1.0,19.2052,781198,275894,0.0949
tencentBlock.ns12700.oracleGeneral.zst,2444225,126280,0.0023,0.0001,0.0517,1.0,1.0,19.3556,781199,19472,0.1542
tencentBlock.ns12696.oracleGeneral.zst,1198771,139854,0.0011,0.0001,0.1167,1.0,1.0,8.5716,781198,4003,0.0286
tencentBlock.ns12695.oracleGeneral.zst,42106684,732193,0.0392,0.0007,0.0174,1.0,1.0,57.5076,781198,192376,0.2627
tencentBlock.ns12694.oracleGeneral.zst,5563260,248316,0.0052,0.0002,0.0446,1.0,1.0,22.404,781198,48135,0.1938
tencentBlock.ns12683.oracleGeneral.zst,8443646,896822,0.0079,0.0008,0.1062,1.0,1.0,9.4151,781199,127911,0.1426
tencentBlock.ns1268.oracleGeneral.zst,9099976,603959,0.0085,0.0006,0.0664,1.0,1.0,15.0672,781200,15164,0.0251
tencentBlock.ns12674.oracleGeneral.zst,8989683,209425,0.0084,0.0002,0.0233,1.0,1.0,42.9255,781199,46114,0.2202
tencentBlock.ns12670.oracleGeneral.zst,2285555,264495,0.0021,0.0002,0.1157,1.0,1.0,8.6412,781199,80616,0.3048
tencentBlock.ns12662.oracleGeneral.zst,2103161,269750,0.002,0.0003,0.1283,1.0,1.0,7.7967,781199,49033,0.1818
tencentBlock.ns12651.oracleGeneral.zst,5319189,546231,0.005,0.0005,0.1027,1.0,1.0,9.738,781199,146546,0.2683
tencentBlock.ns12637.oracleGeneral.zst,1465343,121817,0.0014,0.0001,0.0831,1.0,1.0,12.0291,781196,1740,0.0143
tencentBlock.ns12630.oracleGeneral.zst,2825225,109745,0.0026,0.0001,0.0388,1.0,1.0,25.7435,781198,10211,0.093
tencentBlock.ns12623.oracleGeneral.zst,2393392,907449,0.0022,0.0008,0.3791,1.0,1.0,2.6375,781193,522003,0.5752
tencentBlock.ns12621.oracleGeneral.zst,3976898,1631211,0.0037,0.0015,0.4102,1.0,1.0,2.438,781198,1175129,0.7204
tencentBlock.ns12619.oracleGeneral.zst,2069889,228615,0.0019,0.0002,0.1104,1.0,1.0,9.054,781195,50958,0.2229
tencentBlock.ns12613.oracleGeneral.zst,4517895,579657,0.0042,0.0005,0.1283,1.0,1.0,7.7941,781197,181237,0.3127
tencentBlock.ns12612.oracleGeneral.zst,5542053,491784,0.0052,0.0005,0.0887,1.0,1.0,11.2693,781199,162357,0.3301
tencentBlock.ns12611.oracleGeneral.zst,1407751,124613,0.0013,0.0001,0.0885,1.0,1.0,11.297,781196,6211,0.0498
tencentBlock.ns1261.oracleGeneral.zst,39609131,640610,0.0369,0.0006,0.0162,1.0,1.0,61.8303,781200,159534,0.249
tencentBlock.ns12603.oracleGeneral.zst,10316565,569314,0.0096,0.0005,0.0552,1.0,1.0,18.121,781199,121114,0.2127
tencentBlock.ns12600.oracleGeneral.zst,4311505,116190,0.004,0.0001,0.0269,1.0,1.0,37.1074,781198,12462,0.1073
tencentBlock.ns12594.oracleGeneral.zst,2045184,258304,0.0019,0.0002,0.1263,1.0,1.0,7.9177,781197,104906,0.4061
tencentBlock.ns12588.oracleGeneral.zst,1421528,184275,0.0013,0.0002,0.1296,1.0,1.0,7.7142,781195,37804,0.2051
tencentBlock.ns12568.oracleGeneral.zst,3149757,113922,0.0029,0.0001,0.0362,1.0,1.0,27.6484,781199,4960,0.0435
tencentBlock.ns12566.oracleGeneral.zst,3423505,143989,0.0032,0.0001,0.0421,1.0,1.0,23.7762,781199,43482,0.302
tencentBlock.ns12548.oracleGeneral.zst,14654678,226337,0.0136,0.0002,0.0154,1.0,1.0,64.7472,781199,42712,0.1887
tencentBlock.ns12543.oracleGeneral.zst,2113601,261929,0.002,0.0002,0.1239,1.0,1.0,8.0694,781197,77444,0.2957
tencentBlock.ns12538.oracleGeneral.zst,1603871,108567,0.0015,0.0001,0.0677,1.0,1.0,14.7731,781198,35774,0.3295
tencentBlock.ns12533.oracleGeneral.zst,2130813,229227,0.002,0.0002,0.1076,1.0,1.0,9.2956,477071,70359,0.3069
tencentBlock.ns12525.oracleGeneral.zst,9091580,336054,0.0085,0.0003,0.037,1.0,1.0,27.0539,781199,125261,0.3727
tencentBlock.ns1252.oracleGeneral.zst,38210967,725617,0.0356,0.0007,0.019,1.0,1.0,52.66,781198,155346,0.2141
tencentBlock.ns12519.oracleGeneral.zst,1206784,155727,0.0011,0.0001,0.129,1.0,1.0,7.7494,781199,3984,0.0256
tencentBlock.ns12518.oracleGeneral.zst,4164203,403170,0.0039,0.0004,0.0968,1.0,1.0,10.3287,781199,155601,0.3859
tencentBlock.ns12514.oracleGeneral.zst,3042874,124439,0.0028,0.0001,0.0409,1.0,1.0,24.4527,781199,20160,0.162
tencentBlock.ns12502.oracleGeneral.zst,4065741,421822,0.0038,0.0004,0.1038,1.0,1.0,9.6385,781199,73343,0.1739
tencentBlock.ns12495.oracleGeneral.zst,4436794,108285,0.0041,0.0001,0.0244,1.0,1.0,40.9733,781199,27225,0.2514
tencentBlock.ns12488.oracleGeneral.zst,2937777,380933,0.0027,0.0004,0.1297,1.0,1.0,7.7121,781199,125371,0.3291
tencentBlock.ns12485.oracleGeneral.zst,3982085,298367,0.0037,0.0003,0.0749,1.0,1.0,13.3463,781196,93056,0.3119
tencentBlock.ns12481.oracleGeneral.zst,4012494,364447,0.0037,0.0003,0.0908,1.0,1.0,11.0098,781199,102054,0.28
tencentBlock.ns12474.oracleGeneral.zst,1011614,105954,0.0009,0.0001,0.1047,1.0,1.0,9.5477,781199,11213,0.1058
tencentBlock.ns12466.oracleGeneral.zst,5774542,608061,0.0054,0.0006,0.1053,1.0,1.0,9.4966,781199,177427,0.2918
tencentBlock.ns12461.oracleGeneral.zst,56352687,2157832,0.0525,0.002,0.0383,1.0,1.0,26.1154,781199,105808,0.049
tencentBlock.ns12455.oracleGeneral.zst,76740251,18998185,0.0715,0.0177,0.2476,1.0,1.0,4.0393,781199,12028148,0.6331
tencentBlock.ns12447.oracleGeneral.zst,12954151,3995970,0.0121,0.0037,0.3085,1.0,1.0,3.2418,781199,2419895,0.6056
tencentBlock.ns12437.oracleGeneral.zst,1554265,186918,0.0014,0.0002,0.1203,1.0,1.0,8.3152,781198,112705,0.603
tencentBlock.ns12430.oracleGeneral.zst,25809410,1709092,0.024,0.0016,0.0662,1.0,1.0,15.1012,781199,982304,0.5748
tencentBlock.ns12422.oracleGeneral.zst,3044650,279151,0.0028,0.0003,0.0917,1.0,1.0,10.9068,781198,84335,0.3021
tencentBlock.ns12412.oracleGeneral.zst,6311294,519769,0.0059,0.0005,0.0824,1.0,1.0,12.1425,781197,222847,0.4287
tencentBlock.ns12393.oracleGeneral.zst,11907125,267098,0.0111,0.0002,0.0224,1.0,1.0,44.5796,781197,11382,0.0426
tencentBlock.ns12390.oracleGeneral.zst,3566652,407741,0.0033,0.0004,0.1143,1.0,1.0,8.7473,781198,82960,0.2035
tencentBlock.ns12384.oracleGeneral.zst,6712555,247117,0.0063,0.0002,0.0368,1.0,1.0,27.1635,781199,16428,0.0665
tencentBlock.ns12375.oracleGeneral.zst,2712879,332089,0.0025,0.0003,0.1224,1.0,1.0,8.1691,781195,80145,0.2413
tencentBlock.ns12374.oracleGeneral.zst,3080575,328232,0.0029,0.0003,0.1065,1.0,1.0,9.3854,781196,69152,0.2107
tencentBlock.ns1236.oracleGeneral.zst,2520757,137287,0.0023,0.0001,0.0545,1.0,1.0,18.3612,781200,27517,0.2004
tencentBlock.ns12358.oracleGeneral.zst,3596240,365390,0.0033,0.0003,0.1016,1.0,1.0,9.8422,781199,62724,0.1717
tencentBlock.ns12351.oracleGeneral.zst,5481855,529227,0.0051,0.0005,0.0965,1.0,1.0,10.3582,781197,94154,0.1779
tencentBlock.ns12346.oracleGeneral.zst,1794176,109355,0.0017,0.0001,0.0609,1.0,1.0,16.4069,781199,5816,0.0532
tencentBlock.ns12343.oracleGeneral.zst,3368312,563539,0.0031,0.0005,0.1673,1.0,1.0,5.9771,781199,140164,0.2487
tencentBlock.ns12337.oracleGeneral.zst,1012589,125632,0.0009,0.0001,0.1241,1.0,1.0,8.06,781195,2192,0.0174
tencentBlock.ns12323.oracleGeneral.zst,4368921,347816,0.0041,0.0003,0.0796,1.0,1.0,12.561,781199,18246,0.0525
tencentBlock.ns12313.oracleGeneral.zst,1785429,217479,0.0017,0.0002,0.1218,1.0,1.0,8.2097,781197,74611,0.3431
tencentBlock.ns12311.oracleGeneral.zst,9949573,304257,0.0093,0.0003,0.0306,1.0,1.0,32.7012,781197,36867,0.1212
tencentBlock.ns12309.oracleGeneral.zst,40758568,877144,0.038,0.0008,0.0215,1.0,1.0,46.4674,781199,220525,0.2514
tencentBlock.ns12300.oracleGeneral.zst,14188478,1439485,0.0132,0.0013,0.1015,1.0,1.0,9.8566,781197,723938,0.5029
tencentBlock.ns12296.oracleGeneral.zst,3896318,324808,0.0036,0.0003,0.0834,1.0,1.0,11.9958,781199,61382,0.189
tencentBlock.ns12287.oracleGeneral.zst,5324781,392882,0.005,0.0004,0.0738,1.0,1.0,13.5531,781199,52820,0.1344
tencentBlock.ns12281.oracleGeneral.zst,2066041,186441,0.0019,0.0002,0.0902,1.0,1.0,11.0815,131109,52504,0.2816
tencentBlock.ns12277.oracleGeneral.zst,2915547,200154,0.0027,0.0002,0.0687,1.0,1.0,14.5665,781197,8930,0.0446
tencentBlock.ns12271.oracleGeneral.zst,1070844,113951,0.001,0.0001,0.1064,1.0,1.0,9.3974,781196,41106,0.3607
tencentBlock.ns12264.oracleGeneral.zst,4948276,121676,0.0046,0.0001,0.0246,1.0,1.0,40.6676,781199,44081,0.3623
tencentBlock.ns12257.oracleGeneral.zst,3665269,106343,0.0034,0.0001,0.029,1.0,1.0,34.4665,781199,11895,0.1119
tencentBlock.ns12242.oracleGeneral.zst,6445053,734934,0.006,0.0007,0.114,1.0,1.0,8.7696,781198,274903,0.3741
tencentBlock.ns12238.oracleGeneral.zst,1694720,151773,0.0016,0.0001,0.0896,1.0,1.0,11.1661,781199,4193,0.0276
tencentBlock.ns12232.oracleGeneral.zst,12543476,358317,0.0117,0.0003,0.0286,1.0,1.0,35.0066,781198,83157,0.2321
tencentBlock.ns1223.oracleGeneral.zst,6539456,760853,0.0061,0.0007,0.1163,1.0,1.0,8.5949,781198,137765,0.1811
tencentBlock.ns12217.oracleGeneral.zst,47341659,2840929,0.0441,0.0026,0.06,1.0,1.0,16.6641,781199,322729,0.1136
tencentBlock.ns12200.oracleGeneral.zst,19686782,7398068,0.0183,0.0069,0.3758,1.0,1.0,2.6611,781199,4807393,0.6498
tencentBlock.ns12197.oracleGeneral.zst,1451740,146704,0.0014,0.0001,0.1011,1.0,1.0,9.8957,781197,3884,0.0265
tencentBlock.ns12186.oracleGeneral.zst,8336665,1013382,0.0078,0.0009,0.1216,1.0,1.0,8.2266,781199,389754,0.3846
tencentBlock.ns12181.oracleGeneral.zst,4475890,306685,0.0042,0.0003,0.0685,1.0,1.0,14.5944,781199,112291,0.3661
tencentBlock.ns12167.oracleGeneral.zst,12604769,156811,0.0117,0.0001,0.0124,1.0,1.0,80.3819,781199,20104,0.1282
tencentBlock.ns1214.oracleGeneral.zst,31700668,4880392,0.0295,0.0045,0.154,1.0,1.0,6.4955,781200,3787463,0.7761
tencentBlock.ns12123.oracleGeneral.zst,1566897,271375,0.0015,0.0003,0.1732,1.0,1.0,5.7739,441549,166805,0.6147
tencentBlock.ns12100.oracleGeneral.zst,1226424,211775,0.0011,0.0002,0.1727,1.0,1.0,5.7912,781199,53754,0.2538
tencentBlock.ns12099.oracleGeneral.zst,4970518,716796,0.0046,0.0007,0.1442,1.0,1.0,6.9344,781195,230344,0.3214
tencentBlock.ns12093.oracleGeneral.zst,1466761,509503,0.0014,0.0005,0.3474,1.0,1.0,2.8788,781199,469263,0.921
tencentBlock.ns12080.oracleGeneral.zst,4461640,499676,0.0042,0.0005,0.112,1.0,1.0,8.9291,781199,89458,0.179
tencentBlock.ns12075.oracleGeneral.zst,54745015,2298437,0.051,0.0021,0.042,1.0,1.0,23.8184,781199,159666,0.0695
tencentBlock.ns12074.oracleGeneral.zst,8857747,995680,0.0082,0.0009,0.1124,1.0,1.0,8.8962,781199,301452,0.3028
tencentBlock.ns12069.oracleGeneral.zst,1122715,133094,0.001,0.0001,0.1185,1.0,1.0,8.4355,781198,3586,0.0269
tencentBlock.ns12060.oracleGeneral.zst,1427746,139232,0.0013,0.0001,0.0975,1.0,1.0,10.2544,781199,1785,0.0128
tencentBlock.ns12058.oracleGeneral.zst,6515065,344185,0.0061,0.0003,0.0528,1.0,1.0,18.929,781199,132477,0.3849
tencentBlock.ns12052.oracleGeneral.zst,1748040,102500,0.0016,0.0001,0.0586,1.0,1.0,17.054,781199,22767,0.2221
tencentBlock.ns1205.oracleGeneral.zst,60998227,9550984,0.0568,0.0089,0.1566,1.0,1.0,6.3866,781200,7295809,0.7639
tencentBlock.ns12043.oracleGeneral.zst,7968208,813136,0.0074,0.0008,0.102,1.0,1.0,9.7994,781199,258853,0.3183
tencentBlock.ns12022.oracleGeneral.zst,2827642,121549,0.0026,0.0001,0.043,1.0,1.0,23.2634,781199,15616,0.1285
tencentBlock.ns12019.oracleGeneral.zst,2583753,123299,0.0024,0.0001,0.0477,1.0,1.0,20.9552,781199,68127,0.5525
tencentBlock.ns12012.oracleGeneral.zst,1750031,184014,0.0016,0.0002,0.1051,1.0,1.0,9.5103,781199,41293,0.2244
tencentBlock.ns1201.oracleGeneral.zst,19019891,482885,0.0177,0.0004,0.0254,1.0,1.0,39.388,781200,114890,0.2379
tencentBlock.ns12009.oracleGeneral.zst,1598418,175980,0.0015,0.0002,0.1101,1.0,1.0,9.083,781196,34099,0.1938
tencentBlock.ns12006.oracleGeneral.zst,2774032,147477,0.0026,0.0001,0.0532,1.0,1.0,18.8099,781198,53167,0.3605
tencentBlock.ns11988.oracleGeneral.zst,2566050,128158,0.0024,0.0001,0.0499,1.0,1.0,20.0226,781197,57845,0.4514
tencentBlock.ns11977.oracleGeneral.zst,1517639,176840,0.0014,0.0002,0.1165,1.0,1.0,8.582,781199,30219,0.1709
tencentBlock.ns11974.oracleGeneral.zst,3467051,333005,0.0032,0.0003,0.096,1.0,1.0,10.4114,781198,87972,0.2642
tencentBlock.ns11968.oracleGeneral.zst,2887138,253041,0.0027,0.0002,0.0876,1.0,1.0,11.4098,781199,63666,0.2516
tencentBlock.ns11945.oracleGeneral.zst,3417314,743636,0.0032,0.0007,0.2176,1.0,1.0,4.5954,781199,348571,0.4687
tencentBlock.ns1194.oracleGeneral.zst,93989835,414100,0.0875,0.0004,0.0044,1.0,1.0,226.9738,781200,57659,0.1392
tencentBlock.ns11937.oracleGeneral.zst,1473330,131347,0.0014,0.0001,0.0891,1.0,1.0,11.2171,781199,44907,0.3419
tencentBlock.ns11933.oracleGeneral.zst,50851711,2795388,0.0474,0.0026,0.055,1.0,1.0,18.1913,781199,261369,0.0935
tencentBlock.ns11930.oracleGeneral.zst,3306444,112365,0.0031,0.0001,0.034,1.0,1.0,29.4259,781199,9869,0.0878
tencentBlock.ns11924.oracleGeneral.zst,2042771,295762,0.0019,0.0003,0.1448,1.0,1.0,6.9068,781198,62451,0.2112
tencentBlock.ns11915.oracleGeneral.zst,5897339,383728,0.0055,0.0004,0.0651,1.0,1.0,15.3685,781199,127465,0.3322
tencentBlock.ns1191.oracleGeneral.zst,13922177,113977,0.013,0.0001,0.0082,1.0,1.0,122.149,781200,20081,0.1762
tencentBlock.ns11906.oracleGeneral.zst,3457283,132989,0.0032,0.0001,0.0385,1.0,1.0,25.9968,781199,20491,0.1541
tencentBlock.ns11904.oracleGeneral.zst,3944650,341241,0.0037,0.0003,0.0865,1.0,1.0,11.5597,781199,88492,0.2593
tencentBlock.ns11887.oracleGeneral.zst,10443736,1486739,0.0097,0.0014,0.1424,1.0,1.0,7.0246,781199,586726,0.3946
tencentBlock.ns11885.oracleGeneral.zst,3585005,390422,0.0033,0.0004,0.1089,1.0,1.0,9.1824,781197,111725,0.2862
tencentBlock.ns11877.oracleGeneral.zst,2883105,269612,0.0027,0.0003,0.0935,1.0,1.0,10.6935,781199,69262,0.2569
tencentBlock.ns11867.oracleGeneral.zst,5103417,173619,0.0048,0.0002,0.034,1.0,1.0,29.3943,652962,60905,0.3508
tencentBlock.ns11858.oracleGeneral.zst,10364152,302733,0.0097,0.0003,0.0292,1.0,1.0,34.2353,781199,76577,0.253
tencentBlock.ns11853.oracleGeneral.zst,4865546,104680,0.0045,0.0001,0.0215,1.0,1.0,46.4802,781199,28670,0.2739
tencentBlock.ns11846.oracleGeneral.zst,1500657,225682,0.0014,0.0002,0.1504,1.0,1.0,6.6494,781199,47263,0.2094
tencentBlock.ns11841.oracleGeneral.zst,3575689,221097,0.0033,0.0002,0.0618,1.0,1.0,16.1725,781199,69179,0.3129
tencentBlock.ns11830.oracleGeneral.zst,1337633,139028,0.0012,0.0001,0.1039,1.0,1.0,9.6213,781195,8500,0.0611
tencentBlock.ns11822.oracleGeneral.zst,6032762,2072495,0.0056,0.0019,0.3435,1.0,1.0,2.9109,781198,1552033,0.7489
tencentBlock.ns1182.oracleGeneral.zst,16024596,959219,0.0149,0.0009,0.0599,1.0,1.0,16.7059,781200,270418,0.2819
tencentBlock.ns11791.oracleGeneral.zst,1318763,150413,0.0012,0.0001,0.1141,1.0,1.0,8.7676,781196,3713,0.0247
tencentBlock.ns11786.oracleGeneral.zst,3310785,100891,0.0031,0.0001,0.0305,1.0,1.0,32.8155,781198,38182,0.3784
tencentBlock.ns11784.oracleGeneral.zst,51008148,2849037,0.0475,0.0027,0.0559,1.0,1.0,17.9036,781199,288660,0.1013
tencentBlock.ns11778.oracleGeneral.zst,4069519,478216,0.0038,0.0004,0.1175,1.0,1.0,8.5098,781199,202343,0.4231
tencentBlock.ns11771.oracleGeneral.zst,1898841,128564,0.0018,0.0001,0.0677,1.0,1.0,14.7696,581662,45758,0.3559
tencentBlock.ns11767.oracleGeneral.zst,1818398,293800,0.0017,0.0003,0.1616,1.0,1.0,6.1892,781199,116631,0.397
tencentBlock.ns11761.oracleGeneral.zst,1023473,138983,0.001,0.0001,0.1358,1.0,1.0,7.364,781197,6327,0.0455
tencentBlock.ns11747.oracleGeneral.zst,2979634,163949,0.0028,0.0002,0.055,1.0,1.0,18.1742,781199,25640,0.1564
tencentBlock.ns11733.oracleGeneral.zst,7507222,697947,0.007,0.0007,0.093,1.0,1.0,10.7561,781199,172431,0.2471
tencentBlock.ns11724.oracleGeneral.zst,7697466,371330,0.0072,0.0003,0.0482,1.0,1.0,20.7294,781199,69489,0.1871
tencentBlock.ns11716.oracleGeneral.zst,1995643,108953,0.0019,0.0001,0.0546,1.0,1.0,18.3165,781197,22259,0.2043
tencentBlock.ns11715.oracleGeneral.zst,3040727,150691,0.0028,0.0001,0.0496,1.0,1.0,20.1786,781199,33522,0.2225
tencentBlock.ns11714.oracleGeneral.zst,4212438,143060,0.0039,0.0001,0.034,1.0,1.0,29.4453,781199,35160,0.2458
tencentBlock.ns11710.oracleGeneral.zst,4433110,134275,0.0041,0.0001,0.0303,1.0,1.0,33.0152,672741,34681,0.2583
tencentBlock.ns1170.oracleGeneral.zst,4440751,234313,0.0041,0.0002,0.0528,1.0,1.0,18.9522,781200,110905,0.4733
tencentBlock.ns11686.oracleGeneral.zst,3181756,367017,0.003,0.0003,0.1154,1.0,1.0,8.6692,781198,106767,0.2909
tencentBlock.ns11680.oracleGeneral.zst,6276608,287062,0.0058,0.0003,0.0457,1.0,1.0,21.865,781196,55230,0.1924
tencentBlock.ns11673.oracleGeneral.zst,11114116,849419,0.0104,0.0008,0.0764,1.0,1.0,13.0844,781197,264098,0.3109
tencentBlock.ns11669.oracleGeneral.zst,41751825,2699443,0.0389,0.0025,0.0647,1.0,1.0,15.4668,781199,296410,0.1098
tencentBlock.ns11665.oracleGeneral.zst,6372429,552252,0.0059,0.0005,0.0867,1.0,1.0,11.539,781199,108353,0.1962
tencentBlock.ns11663.oracleGeneral.zst,1371192,290616,0.0013,0.0003,0.2119,1.0,1.0,4.7182,781197,79195,0.2725
tencentBlock.ns11656.oracleGeneral.zst,10747118,1524268,0.01,0.0014,0.1418,1.0,1.0,7.0507,781199,594624,0.3901
tencentBlock.ns11648.oracleGeneral.zst,50562232,2802385,0.0471,0.0026,0.0554,1.0,1.0,18.0426,781199,269747,0.0963
tencentBlock.ns11644.oracleGeneral.zst,5676610,115546,0.0053,0.0001,0.0204,1.0,1.0,49.1286,781199,23403,0.2025
tencentBlock.ns1164.oracleGeneral.zst,87769646,8706508,0.0817,0.0081,0.0992,1.0,1.0,10.0809,781200,4300299,0.4939
tencentBlock.ns11634.oracleGeneral.zst,42632992,2654602,0.0397,0.0025,0.0623,1.0,1.0,16.06,781199,283089,0.1066
tencentBlock.ns11633.oracleGeneral.zst,8277761,1128518,0.0077,0.0011,0.1363,1.0,1.0,7.3351,781198,420894,0.373
tencentBlock.ns1163.oracleGeneral.zst,149653360,1335439,0.1394,0.0012,0.0089,1.0,1.0,112.063,781200,208798,0.1564
tencentBlock.ns11627.oracleGeneral.zst,2379369,150107,0.0022,0.0001,0.0631,1.0,1.0,15.8512,781196,44238,0.2947
tencentBlock.ns11622.oracleGeneral.zst,5361032,2476633,0.005,0.0023,0.462,1.0,1.0,2.1646,781196,1676484,0.6769
tencentBlock.ns1162.oracleGeneral.zst,3047094,2235474,0.0028,0.0021,0.7336,1.0,1.0,1.3631,781200,1599983,0.7157
tencentBlock.ns11619.oracleGeneral.zst,1282735,222271,0.0012,0.0002,0.1733,1.0,1.0,5.771,781199,46331,0.2084
tencentBlock.ns11615.oracleGeneral.zst,43086846,2716161,0.0401,0.0025,0.063,1.0,1.0,15.8631,781199,275250,0.1013
tencentBlock.ns11609.oracleGeneral.zst,107427136,666791,0.1,0.0006,0.0062,1.0,1.0,161.1107,781199,78793,0.1182
tencentBlock.ns11605.oracleGeneral.zst,4556980,407686,0.0042,0.0004,0.0895,1.0,1.0,11.1777,781197,123396,0.3027
tencentBlock.ns11598.oracleGeneral.zst,1808790,307944,0.0017,0.0003,0.1702,1.0,1.0,5.8738,781199,94400,0.3065
tencentBlock.ns11590.oracleGeneral.zst,6079053,307399,0.0057,0.0003,0.0506,1.0,1.0,19.7758,781199,72902,0.2372
tencentBlock.ns11589.oracleGeneral.zst,6286116,387196,0.0059,0.0004,0.0616,1.0,1.0,16.235,781199,216071,0.558
tencentBlock.ns11577.oracleGeneral.zst,55325107,321879,0.0515,0.0003,0.0058,1.0,1.0,171.8817,781199,22939,0.0713
tencentBlock.ns11576.oracleGeneral.zst,6811253,177871,0.0063,0.0002,0.0261,1.0,1.0,38.2932,781199,43863,0.2466
tencentBlock.ns11569.oracleGeneral.zst,56534967,2299310,0.0527,0.0021,0.0407,1.0,1.0,24.5878,781199,147161,0.064
tencentBlock.ns11556.oracleGeneral.zst,3885110,483129,0.0036,0.0004,0.1244,1.0,1.0,8.0416,781198,102260,0.2117
tencentBlock.ns11549.oracleGeneral.zst,49807957,2400549,0.0464,0.0022,0.0482,1.0,1.0,20.7486,781199,154530,0.0644
tencentBlock.ns11537.oracleGeneral.zst,2316755,254319,0.0022,0.0002,0.1098,1.0,1.0,9.1096,781199,60102,0.2363
tencentBlock.ns11524.oracleGeneral.zst,2794503,220760,0.0026,0.0002,0.079,1.0,1.0,12.6586,781199,88854,0.4025
tencentBlock.ns1152.oracleGeneral.zst,56489883,4096605,0.0526,0.0038,0.0725,1.0,1.0,13.7894,781200,917342,0.2239
tencentBlock.ns11518.oracleGeneral.zst,5128649,212994,0.0048,0.0002,0.0415,1.0,1.0,24.0788,781198,17429,0.0818
tencentBlock.ns11514.oracleGeneral.zst,1306770,158529,0.0012,0.0001,0.1213,1.0,1.0,8.2431,309146,53175,0.3354
tencentBlock.ns11509.oracleGeneral.zst,7191319,1477515,0.0067,0.0014,0.2055,1.0,1.0,4.8672,558251,763946,0.517
tencentBlock.ns11507.oracleGeneral.zst,2595577,109769,0.0024,0.0001,0.0423,1.0,1.0,23.6458,781199,30125,0.2744
tencentBlock.ns11502.oracleGeneral.zst,7600815,344298,0.0071,0.0003,0.0453,1.0,1.0,22.0763,781198,144770,0.4205
tencentBlock.ns11501.oracleGeneral.zst,2395920,111413,0.0022,0.0001,0.0465,1.0,1.0,21.5049,781199,22402,0.2011
tencentBlock.ns11500.oracleGeneral.zst,3590183,245541,0.0033,0.0002,0.0684,1.0,1.0,14.6215,781199,107312,0.437
tencentBlock.ns11494.oracleGeneral.zst,4149808,489360,0.0039,0.0005,0.1179,1.0,1.0,8.4801,781197,133967,0.2738
tencentBlock.ns11488.oracleGeneral.zst,3560052,326282,0.0033,0.0003,0.0917,1.0,1.0,10.911,781199,86887,0.2663
tencentBlock.ns11487.oracleGeneral.zst,4873733,931234,0.0045,0.0009,0.1911,1.0,1.0,5.2336,781197,523562,0.5622
tencentBlock.ns1148.oracleGeneral.zst,23723310,3012484,0.0221,0.0028,0.127,1.0,1.0,7.875,781200,1934209,0.6421
tencentBlock.ns11477.oracleGeneral.zst,2888258,315439,0.0027,0.0003,0.1092,1.0,1.0,9.1563,781197,60583,0.1921
tencentBlock.ns11450.oracleGeneral.zst,2065046,127895,0.0019,0.0001,0.0619,1.0,1.0,16.1464,781195,39448,0.3084
tencentBlock.ns11439.oracleGeneral.zst,9618131,237898,0.009,0.0002,0.0247,1.0,1.0,40.4296,781197,72219,0.3036
tencentBlock.ns11436.oracleGeneral.zst,2394103,176335,0.0022,0.0002,0.0737,1.0,1.0,13.577,781199,17053,0.0967
tencentBlock.ns1143.oracleGeneral.zst,1790332,151358,0.0017,0.0001,0.0845,1.0,1.0,11.8285,781200,3932,0.026
tencentBlock.ns11429.oracleGeneral.zst,1199031,247024,0.0011,0.0002,0.206,1.0,1.0,4.8539,781197,84442,0.3418
tencentBlock.ns11426.oracleGeneral.zst,7188999,105028,0.0067,0.0001,0.0146,1.0,1.0,68.4484,781198,18395,0.1751
tencentBlock.ns11424.oracleGeneral.zst,2853989,465153,0.0027,0.0004,0.163,1.0,1.0,6.1356,615151,250430,0.5384
tencentBlock.ns11417.oracleGeneral.zst,2845875,200772,0.0027,0.0002,0.0705,1.0,1.0,14.1747,781198,54378,0.2708
tencentBlock.ns11412.oracleGeneral.zst,3934975,425857,0.0037,0.0004,0.1082,1.0,1.0,9.2401,781197,80300,0.1886
tencentBlock.ns11409.oracleGeneral.zst,2415274,376945,0.0022,0.0004,0.1561,1.0,1.0,6.4075,781199,128599,0.3412
tencentBlock.ns11401.oracleGeneral.zst,5743341,121375,0.0053,0.0001,0.0211,1.0,1.0,47.319,781199,8594,0.0708
tencentBlock.ns11389.oracleGeneral.zst,1143869,106044,0.0011,0.0001,0.0927,1.0,1.0,10.7867,781151,36236,0.3417
tencentBlock.ns11383.oracleGeneral.zst,7080892,337375,0.0066,0.0003,0.0476,1.0,1.0,20.9882,781199,65414,0.1939
tencentBlock.ns11375.oracleGeneral.zst,1235735,160007,0.0012,0.0001,0.1295,1.0,1.0,7.723,781197,17392,0.1087
tencentBlock.ns11368.oracleGeneral.zst,3003454,360335,0.0028,0.0003,0.12,1.0,1.0,8.3352,781199,105629,0.2931
tencentBlock.ns11354.oracleGeneral.zst,4176245,509848,0.0039,0.0005,0.1221,1.0,1.0,8.1912,781195,123256,0.2418
tencentBlock.ns11345.oracleGeneral.zst,4301528,474694,0.004,0.0004,0.1104,1.0,1.0,9.0617,781199,95879,0.202
tencentBlock.ns1134.oracleGeneral.zst,2934635,292389,0.0027,0.0003,0.0996,1.0,1.0,10.0367,781195,50951,0.1743
tencentBlock.ns11336.oracleGeneral.zst,4930785,126292,0.0046,0.0001,0.0256,1.0,1.0,39.0427,781199,19119,0.1514
tencentBlock.ns11321.oracleGeneral.zst,5662583,276433,0.0053,0.0003,0.0488,1.0,1.0,20.4845,781199,83330,0.3014
tencentBlock.ns11318.oracleGeneral.zst,1283226,106612,0.0012,0.0001,0.0831,1.0,1.0,12.0364,127369,41799,0.3921
tencentBlock.ns11314.oracleGeneral.zst,18285824,336423,0.017,0.0003,0.0184,1.0,1.0,54.3537,781199,71839,0.2135
tencentBlock.ns11307.oracleGeneral.zst,3889623,391262,0.0036,0.0004,0.1006,1.0,1.0,9.9412,781198,108341,0.2769
tencentBlock.ns11301.oracleGeneral.zst,9092222,149110,0.0085,0.0001,0.0164,1.0,1.0,60.9766,781199,17838,0.1196
tencentBlock.ns11295.oracleGeneral.zst,3646037,105817,0.0034,0.0001,0.029,1.0,1.0,34.4561,781199,19267,0.1821
tencentBlock.ns11287.oracleGeneral.zst,4563506,507745,0.0043,0.0005,0.1113,1.0,1.0,8.9878,781197,93142,0.1834
tencentBlock.ns11275.oracleGeneral.zst,1277022,128608,0.0012,0.0001,0.1007,1.0,1.0,9.9296,781196,1405,0.0109
tencentBlock.ns11268.oracleGeneral.zst,2080341,283940,0.0019,0.0003,0.1365,1.0,1.0,7.3267,781199,112058,0.3947
tencentBlock.ns11261.oracleGeneral.zst,1181888,239984,0.0011,0.0002,0.2031,1.0,1.0,4.9249,781199,78102,0.3254
tencentBlock.ns11255.oracleGeneral.zst,2140376,144804,0.002,0.0001,0.0677,1.0,1.0,14.7812,373991,61303,0.4234
tencentBlock.ns1125.oracleGeneral.zst,158176903,904176,0.1473,0.0008,0.0057,1.0,1.0,174.9404,781200,71943,0.0796
tencentBlock.ns11249.oracleGeneral.zst,3063277,284367,0.0029,0.0003,0.0928,1.0,1.0,10.7723,781199,74066,0.2605
tencentBlock.ns11248.oracleGeneral.zst,4710055,507920,0.0044,0.0005,0.1078,1.0,1.0,9.2732,781199,105153,0.207
tencentBlock.ns11220.oracleGeneral.zst,7997410,707040,0.0074,0.0007,0.0884,1.0,1.0,11.3111,781199,113797,0.1609
tencentBlock.ns1121.oracleGeneral.zst,67764246,1911539,0.0631,0.0018,0.0282,1.0,1.0,35.4501,781200,89969,0.0471
tencentBlock.ns11207.oracleGeneral.zst,2508804,384427,0.0023,0.0004,0.1532,1.0,1.0,6.5261,781196,193061,0.5022
tencentBlock.ns11200.oracleGeneral.zst,6053048,470881,0.0056,0.0004,0.0778,1.0,1.0,12.8547,781199,113119,0.2402
tencentBlock.ns11185.oracleGeneral.zst,1839986,103465,0.0017,0.0001,0.0562,1.0,1.0,17.7837,781198,15100,0.1459
tencentBlock.ns1117.oracleGeneral.zst,6904761,950928,0.0064,0.0009,0.1377,1.0,1.0,7.2611,781200,457753,0.4814
tencentBlock.ns11169.oracleGeneral.zst,1482351,178953,0.0014,0.0002,0.1207,1.0,1.0,8.2835,781196,41318,0.2309
tencentBlock.ns11163.oracleGeneral.zst,1345634,227375,0.0013,0.0002,0.169,1.0,1.0,5.9181,781195,47258,0.2078
tencentBlock.ns11161.oracleGeneral.zst,3873052,367998,0.0036,0.0003,0.095,1.0,1.0,10.5247,781199,39588,0.1076
tencentBlock.ns11159.oracleGeneral.zst,3747713,293061,0.0035,0.0003,0.0782,1.0,1.0,12.7882,781199,59871,0.2043
tencentBlock.ns11156.oracleGeneral.zst,6824324,4086295,0.0064,0.0038,0.5988,1.0,1.0,1.6701,781196,3689278,0.9028
tencentBlock.ns11135.oracleGeneral.zst,4323201,421634,0.004,0.0004,0.0975,1.0,1.0,10.2534,781197,133583,0.3168
tencentBlock.ns11122.oracleGeneral.zst,6424875,253513,0.006,0.0002,0.0395,1.0,1.0,25.3434,781199,89560,0.3533
tencentBlock.ns11120.oracleGeneral.zst,2020701,200001,0.0019,0.0002,0.099,1.0,1.0,10.1035,781199,51286,0.2564
tencentBlock.ns11108.oracleGeneral.zst,4666270,556149,0.0043,0.0005,0.1192,1.0,1.0,8.3903,781199,129394,0.2327
tencentBlock.ns11102.oracleGeneral.zst,1491437,265566,0.0014,0.0002,0.1781,1.0,1.0,5.6161,781199,107128,0.4034
tencentBlock.ns11097.oracleGeneral.zst,7440764,609497,0.0069,0.0006,0.0819,1.0,1.0,12.208,781199,117291,0.1924
tencentBlock.ns11090.oracleGeneral.zst,2418978,320477,0.0023,0.0003,0.1325,1.0,1.0,7.5481,781197,53332,0.1664
tencentBlock.ns11082.oracleGeneral.zst,5271350,224237,0.0049,0.0002,0.0425,1.0,1.0,23.5079,781199,67804,0.3024
tencentBlock.ns11081.oracleGeneral.zst,1363239,214314,0.0013,0.0002,0.1572,1.0,1.0,6.3609,781195,51821,0.2418
tencentBlock.ns1108.oracleGeneral.zst,24387350,834573,0.0227,0.0008,0.0342,1.0,1.0,29.2214,781199,32322,0.0387
tencentBlock.ns11074.oracleGeneral.zst,4506672,331209,0.0042,0.0003,0.0735,1.0,1.0,13.6067,192148,121203,0.3659
tencentBlock.ns11062.oracleGeneral.zst,1248046,121834,0.0012,0.0001,0.0976,1.0,1.0,10.2438,781192,31934,0.2621
tencentBlock.ns11054.oracleGeneral.zst,2233730,187801,0.0021,0.0002,0.0841,1.0,1.0,11.8941,781197,14947,0.0796
tencentBlock.ns11046.oracleGeneral.zst,4126849,442240,0.0038,0.0004,0.1072,1.0,1.0,9.3317,781198,112629,0.2547
tencentBlock.ns11037.oracleGeneral.zst,2717854,618553,0.0025,0.0006,0.2276,1.0,1.0,4.3939,781199,391018,0.6321
tencentBlock.ns11034.oracleGeneral.zst,10706139,1519317,0.01,0.0014,0.1419,1.0,1.0,7.0467,781199,595607,0.392
tencentBlock.ns11032.oracleGeneral.zst,4744539,251231,0.0044,0.0002,0.053,1.0,1.0,18.8852,781199,21581,0.0859
tencentBlock.ns11027.oracleGeneral.zst,4040279,110218,0.0038,0.0001,0.0273,1.0,1.0,36.6572,781198,34499,0.313
tencentBlock.ns11025.oracleGeneral.zst,2989200,125799,0.0028,0.0001,0.0421,1.0,1.0,23.7617,781199,43980,0.3496
tencentBlock.ns11022.oracleGeneral.zst,2700147,112478,0.0025,0.0001,0.0417,1.0,1.0,24.006,781199,24677,0.2194
tencentBlock.ns11013.oracleGeneral.zst,46988003,2755775,0.0438,0.0026,0.0586,1.0,1.0,17.0507,781199,278023,0.1009
tencentBlock.ns11006.oracleGeneral.zst,1536339,231234,0.0014,0.0002,0.1505,1.0,1.0,6.6441,781197,78859,0.341
tencentBlock.ns10999.oracleGeneral.zst,2548735,663103,0.0024,0.0006,0.2602,1.0,1.0,3.8436,781198,234120,0.3531
tencentBlock.ns10996.oracleGeneral.zst,1777689,180294,0.0017,0.0002,0.1014,1.0,1.0,9.8599,781199,32020,0.1776
tencentBlock.ns10995.oracleGeneral.zst,4957747,262816,0.0046,0.0002,0.053,1.0,1.0,18.8639,781199,32119,0.1222
tencentBlock.ns10992.oracleGeneral.zst,82478700,391216,0.0768,0.0004,0.0047,1.0,1.0,210.8265,781199,80891,0.2068
tencentBlock.ns1099.oracleGeneral.zst,4686426,542218,0.0044,0.0005,0.1157,1.0,1.0,8.6431,781199,154840,0.2856
tencentBlock.ns10982.oracleGeneral.zst,1175495,151410,0.0011,0.0001,0.1288,1.0,1.0,7.7637,157949,47218,0.3119
tencentBlock.ns10976.oracleGeneral.zst,4216810,139078,0.0039,0.0001,0.033,1.0,1.0,30.3197,781199,17839,0.1283
tencentBlock.ns10971.oracleGeneral.zst,16520697,253606,0.0154,0.0002,0.0154,1.0,1.0,65.1432,781199,23260,0.0917
tencentBlock.ns10964.oracleGeneral.zst,5607104,215585,0.0052,0.0002,0.0384,1.0,1.0,26.0088,781199,66394,0.308
tencentBlock.ns10961.oracleGeneral.zst,3803834,345161,0.0035,0.0003,0.0907,1.0,1.0,11.0205,781197,86026,0.2492
tencentBlock.ns10957.oracleGeneral.zst,4635538,210519,0.0043,0.0002,0.0454,1.0,1.0,22.0196,781198,54598,0.2593
tencentBlock.ns10947.oracleGeneral.zst,1870177,582805,0.0017,0.0005,0.3116,1.0,1.0,3.2089,781196,243148,0.4172
tencentBlock.ns10944.oracleGeneral.zst,5270560,500234,0.0049,0.0005,0.0949,1.0,1.0,10.5362,781197,85285,0.1705
tencentBlock.ns10935.oracleGeneral.zst,6299850,1088877,0.0059,0.001,0.1728,1.0,1.0,5.7856,781184,772774,0.7097
tencentBlock.ns10927.oracleGeneral.zst,31566114,997014,0.0294,0.0009,0.0316,1.0,1.0,31.6607,781199,226939,0.2276
tencentBlock.ns10921.oracleGeneral.zst,3809824,168778,0.0035,0.0002,0.0443,1.0,1.0,22.573,781199,34089,0.202
tencentBlock.ns1092.oracleGeneral.zst,1644216,270498,0.0015,0.0003,0.1645,1.0,1.0,6.0785,781197,91430,0.338
tencentBlock.ns10918.oracleGeneral.zst,1810189,221090,0.0017,0.0002,0.1221,1.0,1.0,8.1876,781199,83195,0.3763
tencentBlock.ns10905.oracleGeneral.zst,12821027,346771,0.0119,0.0003,0.027,1.0,1.0,36.9726,781199,72657,0.2095
tencentBlock.ns10893.oracleGeneral.zst,1656606,304599,0.0015,0.0003,0.1839,1.0,1.0,5.4386,781195,83795,0.2751
tencentBlock.ns10890.oracleGeneral.zst,1554084,163251,0.0014,0.0002,0.105,1.0,1.0,9.5196,781196,21425,0.1312
tencentBlock.ns1089.oracleGeneral.zst,1989010,210048,0.0019,0.0002,0.1056,1.0,1.0,9.4693,781200,4631,0.022
tencentBlock.ns10883.oracleGeneral.zst,6714305,427712,0.0063,0.0004,0.0637,1.0,1.0,15.6982,781199,93627,0.2189
tencentBlock.ns10879.oracleGeneral.zst,1317963,169452,0.0012,0.0002,0.1286,1.0,1.0,7.7778,781194,25156,0.1485
tencentBlock.ns10860.oracleGeneral.zst,8501507,158096,0.0079,0.0001,0.0186,1.0,1.0,53.7743,781199,27270,0.1725
tencentBlock.ns10858.oracleGeneral.zst,3174945,469810,0.003,0.0004,0.148,1.0,1.0,6.7579,781196,260003,0.5534
tencentBlock.ns10857.oracleGeneral.zst,11840019,119981,0.011,0.0001,0.0101,1.0,1.0,98.6824,781198,13360,0.1114
tencentBlock.ns10851.oracleGeneral.zst,4660610,594017,0.0043,0.0006,0.1275,1.0,1.0,7.8459,781199,153909,0.2591
tencentBlock.ns10844.oracleGeneral.zst,1353420,113898,0.0013,0.0001,0.0842,1.0,1.0,11.8827,781196,16343,0.1435
tencentBlock.ns1084.oracleGeneral.zst,69192245,700476,0.0644,0.0007,0.0101,1.0,1.0,98.7789,781200,101061,0.1443
tencentBlock.ns10836.oracleGeneral.zst,1705307,1353250,0.0016,0.0013,0.7936,1.0,1.0,1.2602,781190,1185283,0.8759
tencentBlock.ns10831.oracleGeneral.zst,5001094,123591,0.0047,0.0001,0.0247,1.0,1.0,40.4649,781198,14818,0.1199
tencentBlock.ns10829.oracleGeneral.zst,5524750,481946,0.0051,0.0004,0.0872,1.0,1.0,11.4634,781199,174271,0.3616
tencentBlock.ns10825.oracleGeneral.zst,3951100,243562,0.0037,0.0002,0.0616,1.0,1.0,16.2222,781199,98568,0.4047
tencentBlock.ns10820.oracleGeneral.zst,1427768,156421,0.0013,0.0001,0.1096,1.0,1.0,9.1277,781196,5411,0.0346
tencentBlock.ns1082.oracleGeneral.zst,2237621,155670,0.0021,0.0001,0.0696,1.0,1.0,14.3741,781200,6163,0.0396
tencentBlock.ns10799.oracleGeneral.zst,10757274,1493490,0.01,0.0014,0.1388,1.0,1.0,7.2028,781196,578565,0.3874
tencentBlock.ns10783.oracleGeneral.zst,3561190,321363,0.0033,0.0003,0.0902,1.0,1.0,11.0815,781198,60852,0.1894
tencentBlock.ns10776.oracleGeneral.zst,6269442,714984,0.0058,0.0007,0.114,1.0,1.0,8.7686,781198,214832,0.3005
tencentBlock.ns10769.oracleGeneral.zst,1242897,225893,0.0012,0.0002,0.1817,1.0,1.0,5.5021,781198,87966,0.3894
tencentBlock.ns10760.oracleGeneral.zst,1610379,202056,0.0015,0.0002,0.1255,1.0,1.0,7.97,781197,71585,0.3543
tencentBlock.ns10757.oracleGeneral.zst,3074440,106947,0.0029,0.0001,0.0348,1.0,1.0,28.7473,781198,8315,0.0777
tencentBlock.ns10752.oracleGeneral.zst,4821039,419844,0.0045,0.0004,0.0871,1.0,1.0,11.4829,781199,189478,0.4513
tencentBlock.ns10747.oracleGeneral.zst,3385105,123596,0.0032,0.0001,0.0365,1.0,1.0,27.3885,781199,37920,0.3068
tencentBlock.ns1073.oracleGeneral.zst,3574641,390973,0.0033,0.0004,0.1094,1.0,1.0,9.1429,781198,68330,0.1748
tencentBlock.ns10728.oracleGeneral.zst,6340795,241737,0.0059,0.0002,0.0381,1.0,1.0,26.2301,781199,81188,0.3359
tencentBlock.ns10724.oracleGeneral.zst,1670901,173463,0.0016,0.0002,0.1038,1.0,1.0,9.6326,781199,1356,0.0078
tencentBlock.ns10703.oracleGeneral.zst,3773651,177997,0.0035,0.0002,0.0472,1.0,1.0,21.2006,781199,52589,0.2954
tencentBlock.ns10699.oracleGeneral.zst,1497041,212004,0.0014,0.0002,0.1416,1.0,1.0,7.0614,204748,121846,0.5747
tencentBlock.ns10698.oracleGeneral.zst,1440323,120421,0.0013,0.0001,0.0836,1.0,1.0,11.9607,781197,41116,0.3414
tencentBlock.ns1069.oracleGeneral.zst,27690692,2281892,0.0258,0.0021,0.0824,1.0,1.0,12.135,781200,21809,0.0096
tencentBlock.ns10689.oracleGeneral.zst,3181974,387992,0.003,0.0004,0.1219,1.0,1.0,8.2011,781199,138247,0.3563
tencentBlock.ns10684.oracleGeneral.zst,6414717,545799,0.006,0.0005,0.0851,1.0,1.0,11.7529,781199,101077,0.1852
tencentBlock.ns10675.oracleGeneral.zst,4924002,607435,0.0046,0.0006,0.1234,1.0,1.0,8.1062,781196,195530,0.3219
tencentBlock.ns10664.oracleGeneral.zst,5673278,471325,0.0053,0.0004,0.0831,1.0,1.0,12.0369,781196,120089,0.2548
tencentBlock.ns10656.oracleGeneral.zst,4630979,156039,0.0043,0.0001,0.0337,1.0,1.0,29.6783,781199,45889,0.2941
tencentBlock.ns10635.oracleGeneral.zst,10741906,1489882,0.01,0.0014,0.1387,1.0,1.0,7.2099,781197,569304,0.3821
tencentBlock.ns10633.oracleGeneral.zst,2490464,117703,0.0023,0.0001,0.0473,1.0,1.0,21.1589,781190,33976,0.2887
tencentBlock.ns1063.oracleGeneral.zst,360960512,1157471,0.3362,0.0011,0.0032,1.0,1.0,311.8527,781200,82218,0.071
tencentBlock.ns10628.oracleGeneral.zst,4210416,447558,0.0039,0.0004,0.1063,1.0,1.0,9.4075,781195,77081,0.1722
tencentBlock.ns10620.oracleGeneral.zst,6305920,201430,0.0059,0.0002,0.0319,1.0,1.0,31.3058,781199,41733,0.2072
tencentBlock.ns10611.oracleGeneral.zst,2485574,177648,0.0023,0.0002,0.0715,1.0,1.0,13.9916,781196,16533,0.0931
tencentBlock.ns10602.oracleGeneral.zst,4182724,240660,0.0039,0.0002,0.0575,1.0,1.0,17.3802,781195,30213,0.1255
tencentBlock.ns10596.oracleGeneral.zst,2769809,293037,0.0026,0.0003,0.1058,1.0,1.0,9.4521,781199,88832,0.3031
tencentBlock.ns10587.oracleGeneral.zst,2887310,141176,0.0027,0.0001,0.0489,1.0,1.0,20.4518,781198,28231,0.2
tencentBlock.ns10582.oracleGeneral.zst,4429437,508586,0.0041,0.0005,0.1148,1.0,1.0,8.7093,781199,146646,0.2883
tencentBlock.ns10580.oracleGeneral.zst,2791176,108921,0.0026,0.0001,0.039,1.0,1.0,25.6257,781197,27028,0.2481
tencentBlock.ns10564.oracleGeneral.zst,52757247,2857101,0.0491,0.0027,0.0542,1.0,1.0,18.4653,781199,274053,0.0959
tencentBlock.ns10560.oracleGeneral.zst,1006680,175838,0.0009,0.0002,0.1747,1.0,1.0,5.725,781196,33724,0.1918
tencentBlock.ns10553.oracleGeneral.zst,1806226,185622,0.0017,0.0002,0.1028,1.0,1.0,9.7307,781198,69192,0.3728
tencentBlock.ns10533.oracleGeneral.zst,7639674,1134692,0.0071,0.0011,0.1485,1.0,1.0,6.7328,781199,1048208,0.9238
tencentBlock.ns10532.oracleGeneral.zst,2101127,308127,0.002,0.0003,0.1466,1.0,1.0,6.819,781199,97479,0.3164
tencentBlock.ns10525.oracleGeneral.zst,4367381,220136,0.0041,0.0002,0.0504,1.0,1.0,19.8395,781199,16486,0.0749
tencentBlock.ns10512.oracleGeneral.zst,58001065,2261271,0.054,0.0021,0.039,1.0,1.0,25.6498,781199,148135,0.0655
tencentBlock.ns10505.oracleGeneral.zst,3216184,141530,0.003,0.0001,0.044,1.0,1.0,22.7244,781199,84887,0.5998
tencentBlock.ns10496.oracleGeneral.zst,3813759,288005,0.0036,0.0003,0.0755,1.0,1.0,13.242,781199,59921,0.2081
tencentBlock.ns10476.oracleGeneral.zst,59164367,2416965,0.0551,0.0023,0.0409,1.0,1.0,24.4788,781199,163682,0.0677
tencentBlock.ns10452.oracleGeneral.zst,1700837,167203,0.0016,0.0002,0.0983,1.0,1.0,10.1723,781197,45086,0.2696
tencentBlock.ns10436.oracleGeneral.zst,1547179,228449,0.0014,0.0002,0.1477,1.0,1.0,6.7725,781199,28911,0.1266
tencentBlock.ns10429.oracleGeneral.zst,10831771,553798,0.0101,0.0005,0.0511,1.0,1.0,19.5591,781199,250871,0.453
tencentBlock.ns10409.oracleGeneral.zst,3166360,139836,0.0029,0.0001,0.0442,1.0,1.0,22.6434,781199,22487,0.1608
tencentBlock.ns10403.oracleGeneral.zst,3549804,110390,0.0033,0.0001,0.0311,1.0,1.0,32.1569,781199,7722,0.07
tencentBlock.ns10394.oracleGeneral.zst,3645178,101428,0.0034,0.0001,0.0278,1.0,1.0,35.9386,781199,28522,0.2812
tencentBlock.ns10393.oracleGeneral.zst,4344135,504932,0.004,0.0005,0.1162,1.0,1.0,8.6034,781199,107438,0.2128
tencentBlock.ns10380.oracleGeneral.zst,1455589,360382,0.0014,0.0003,0.2476,1.0,1.0,4.039,781199,200324,0.5559
tencentBlock.ns10375.oracleGeneral.zst,18553958,147734,0.0173,0.0001,0.008,1.0,1.0,125.5903,781196,14218,0.0962
tencentBlock.ns10372.oracleGeneral.zst,5392979,689860,0.005,0.0006,0.1279,1.0,1.0,7.8175,781199,136516,0.1979
tencentBlock.ns10370.oracleGeneral.zst,25380062,101431,0.0236,0.0001,0.004,1.0,1.0,250.22,781199,11923,0.1175
tencentBlock.ns10368.oracleGeneral.zst,2651882,286827,0.0025,0.0003,0.1082,1.0,1.0,9.2456,781197,62918,0.2194
tencentBlock.ns10364.oracleGeneral.zst,16602828,213885,0.0155,0.0002,0.0129,1.0,1.0,77.625,781199,14352,0.0671
tencentBlock.ns10356.oracleGeneral.zst,2519316,249244,0.0023,0.0002,0.0989,1.0,1.0,10.1078,781195,86908,0.3487
tencentBlock.ns10348.oracleGeneral.zst,13519457,1033772,0.0126,0.001,0.0765,1.0,1.0,13.0778,781199,292909,0.2833
tencentBlock.ns10342.oracleGeneral.zst,3448078,437354,0.0032,0.0004,0.1268,1.0,1.0,7.884,781199,89195,0.2039
tencentBlock.ns10303.oracleGeneral.zst,1167636,156352,0.0011,0.0001,0.1339,1.0,1.0,7.468,781198,6990,0.0447
tencentBlock.ns10295.oracleGeneral.zst,3113246,326536,0.0029,0.0003,0.1049,1.0,1.0,9.5342,781198,103165,0.3159
tencentBlock.ns10286.oracleGeneral.zst,7877412,746499,0.0073,0.0007,0.0948,1.0,1.0,10.5525,781197,183040,0.2452
tencentBlock.ns10280.oracleGeneral.zst,2232545,147785,0.0021,0.0001,0.0662,1.0,1.0,15.1067,781198,47899,0.3241
tencentBlock.ns10276.oracleGeneral.zst,3599203,391620,0.0034,0.0004,0.1088,1.0,1.0,9.1905,781198,70703,0.1805
tencentBlock.ns10274.oracleGeneral.zst,3193829,334473,0.003,0.0003,0.1047,1.0,1.0,9.5488,781198,118752,0.355
tencentBlock.ns10264.oracleGeneral.zst,1612077,192251,0.0015,0.0002,0.1193,1.0,1.0,8.3853,781199,51542,0.2681
tencentBlock.ns10252.oracleGeneral.zst,6018455,244848,0.0056,0.0002,0.0407,1.0,1.0,24.5804,781198,88547,0.3616
tencentBlock.ns10244.oracleGeneral.zst,5408617,128406,0.005,0.0001,0.0237,1.0,1.0,42.1212,781198,18662,0.1453
tencentBlock.ns10236.oracleGeneral.zst,2352070,154654,0.0022,0.0001,0.0658,1.0,1.0,15.2086,781198,63100,0.408
tencentBlock.ns10231.oracleGeneral.zst,7957748,615132,0.0074,0.0006,0.0773,1.0,1.0,12.9367,781199,267054,0.4341
tencentBlock.ns10228.oracleGeneral.zst,2578682,214995,0.0024,0.0002,0.0834,1.0,1.0,11.9941,781198,66919,0.3113
tencentBlock.ns10226.oracleGeneral.zst,42655510,2648904,0.0397,0.0025,0.0621,1.0,1.0,16.1031,781199,282118,0.1065
tencentBlock.ns10216.oracleGeneral.zst,1857889,286841,0.0017,0.0003,0.1544,1.0,1.0,6.4771,377198,68137,0.2375
tencentBlock.ns10213.oracleGeneral.zst,2898233,161833,0.0027,0.0002,0.0558,1.0,1.0,17.9088,781197,47460,0.2933
tencentBlock.ns10208.oracleGeneral.zst,3944579,395559,0.0037,0.0004,0.1003,1.0,1.0,9.9722,781199,119068,0.301
tencentBlock.ns10203.oracleGeneral.zst,3407794,359749,0.0032,0.0003,0.1056,1.0,1.0,9.4727,781197,62995,0.1751
tencentBlock.ns10198.oracleGeneral.zst,3859614,380204,0.0036,0.0004,0.0985,1.0,1.0,10.1514,781199,77696,0.2044
tencentBlock.ns10197.oracleGeneral.zst,2420450,104674,0.0023,0.0001,0.0432,1.0,1.0,23.1237,781199,20053,0.1916
tencentBlock.ns10184.oracleGeneral.zst,3880363,510700,0.0036,0.0005,0.1316,1.0,1.0,7.5981,781198,182525,0.3574
tencentBlock.ns10176.oracleGeneral.zst,4928777,594290,0.0046,0.0006,0.1206,1.0,1.0,8.2936,781196,345203,0.5809
tencentBlock.ns10171.oracleGeneral.zst,25984238,2520159,0.0242,0.0023,0.097,1.0,1.0,10.3106,781199,1190044,0.4722
tencentBlock.ns10163.oracleGeneral.zst,55679716,2878909,0.0519,0.0027,0.0517,1.0,1.0,19.3406,781199,280909,0.0976
tencentBlock.ns10156.oracleGeneral.zst,4311278,160442,0.004,0.0001,0.0372,1.0,1.0,26.8713,781199,28532,0.1778
tencentBlock.ns10134.oracleGeneral.zst,10725426,323354,0.01,0.0003,0.0301,1.0,1.0,33.1693,781199,114971,0.3556
tencentBlock.ns10120.oracleGeneral.zst,5054849,947889,0.0047,0.0009,0.1875,1.0,1.0,5.3327,781197,518899,0.5474
tencentBlock.ns10100.oracleGeneral.zst,20383758,1390212,0.019,0.0013,0.0682,1.0,1.0,14.6623,781199,164567,0.1184
tencentBlock.ns10095.oracleGeneral.zst,3017008,111210,0.0028,0.0001,0.0369,1.0,1.0,27.1289,781198,8981,0.0808
tencentBlock.ns10086.oracleGeneral.zst,1821648,160215,0.0017,0.0001,0.088,1.0,1.0,11.37,781199,55999,0.3495
tencentBlock.ns10074.oracleGeneral.zst,1244585,125591,0.0012,0.0001,0.1009,1.0,1.0,9.9098,781199,2986,0.0238
tencentBlock.ns10069.oracleGeneral.zst,3278507,385243,0.0031,0.0004,0.1175,1.0,1.0,8.5102,781197,243088,0.631
tencentBlock.ns10048.oracleGeneral.zst,2661025,185369,0.0025,0.0002,0.0697,1.0,1.0,14.3553,654751,55330,0.2985
tencentBlock.ns10044.oracleGeneral.zst,2144320,239785,0.002,0.0002,0.1118,1.0,1.0,8.9427,781195,99899,0.4166
tencentBlock.ns10031.oracleGeneral.zst,2582311,247007,0.0024,0.0002,0.0957,1.0,1.0,10.4544,781199,77752,0.3148
tencentBlock.ns10022.oracleGeneral.zst,2628310,120332,0.0024,0.0001,0.0458,1.0,1.0,21.8422,781199,35975,0.299
tencentBlock.ns10021.oracleGeneral.zst,1900262,183828,0.0018,0.0002,0.0967,1.0,1.0,10.3372,781198,52736,0.2869
tencentBlock.ns10012.oracleGeneral.zst,44013327,2674165,0.041,0.0025,0.0608,1.0,1.0,16.4587,781199,272097,0.1018
tencentBlock.ns10004.oracleGeneral.zst,1041699,126655,0.001,0.0001,0.1216,1.0,1.0,8.2247,781198,3781,0.0299
tencentBlock.ns10001.oracleGeneral.zst,16242842,2837682,0.0151,0.0026,0.1747,1.0,1.0,5.724,781198,1590471,0.5605
tencentBlock.ns10000.oracleGeneral.zst,10684795,1494149,0.01,0.0014,0.1398,1.0,1.0,7.1511,781197,571925,0.3828
cf_colo28.ns988.oracleGeneral.zst,2367987,115285,0.0022,0.0001,0.0487,1.0,1.0,20.5403,863976,62096,0.5386
cf_colo28.ns984.oracleGeneral.zst,7931921,1147372,0.0074,0.0011,0.1447,1.0,1.0,6.9131,863975,780461,0.6802
cf_colo28.ns983.oracleGeneral.zst,2225768,1450252,0.0021,0.0014,0.6516,1.0,1.0,1.5347,863936,1259058,0.8682
cf_colo28.ns980.oracleGeneral.zst,14243740,550502,0.0133,0.0005,0.0386,1.0,1.0,25.8741,863972,211,0.0004
cf_colo28.ns98.oracleGeneral.zst,4628385,187188,0.0043,0.0002,0.0404,1.0,1.0,24.7259,863971,69377,0.3706
cf_colo28.ns973.oracleGeneral.zst,2631040,1071105,0.0025,0.001,0.4071,1.0,1.0,2.4564,863972,410835,0.3836
cf_colo28.ns97.oracleGeneral.zst,166790368,705836,0.1553,0.0007,0.0042,1.0,1.0,236.3019,863979,103000,0.1459
cf_colo28.ns966.oracleGeneral.zst,3208480,129452,0.003,0.0001,0.0403,1.0,1.0,24.7851,863972,51890,0.4008
cf_colo28.ns955.oracleGeneral.zst,2451029,1133471,0.0023,0.0011,0.4624,1.0,1.0,2.1624,863970,884626,0.7805
cf_colo28.ns95.oracleGeneral.zst,40770605,40646776,0.038,0.0379,0.997,1.0,1.0,1.003,863978,40614510,0.9992
cf_colo28.ns944.oracleGeneral.zst,11643390,1140232,0.0108,0.0011,0.0979,1.0,1.0,10.2114,863973,770120,0.6754
cf_colo28.ns943.oracleGeneral.zst,1254041,106109,0.0012,0.0001,0.0846,1.0,1.0,11.8184,863931,36258,0.3417
cf_colo28.ns941.oracleGeneral.zst,5407341,429078,0.005,0.0004,0.0794,1.0,1.0,12.6022,863973,296225,0.6904
cf_colo28.ns94.oracleGeneral.zst,3969006,666996,0.0037,0.0006,0.1681,1.0,1.0,5.9506,863968,295732,0.4434
cf_colo28.ns937.oracleGeneral.zst,7722589,746366,0.0072,0.0007,0.0966,1.0,1.0,10.3469,863978,404836,0.5424
cf_colo28.ns935.oracleGeneral.zst,6061178,215241,0.0056,0.0002,0.0355,1.0,1.0,28.16,863973,89958,0.4179
cf_colo28.ns919.oracleGeneral.zst,1224439,259322,0.0011,0.0002,0.2118,1.0,1.0,4.7217,863965,128274,0.4947
cf_colo28.ns915.oracleGeneral.zst,13418175,1014238,0.0125,0.0009,0.0756,1.0,1.0,13.2298,863968,668365,0.659
cf_colo28.ns913.oracleGeneral.zst,1985029,256970,0.0018,0.0002,0.1295,1.0,1.0,7.7247,863971,161621,0.6289
cf_colo28.ns910.oracleGeneral.zst,7416109,1020824,0.0069,0.001,0.1376,1.0,1.0,7.2648,863967,699543,0.6853
cf_colo28.ns91.oracleGeneral.zst,3388040,125661,0.0032,0.0001,0.0371,1.0,1.0,26.9617,863977,76807,0.6112
cf_colo28.ns900.oracleGeneral.zst,11159786,1148701,0.0104,0.0011,0.1029,1.0,1.0,9.7151,863978,773805,0.6736
cf_colo28.ns9.oracleGeneral.zst,26262495,636723,0.0245,0.0006,0.0242,1.0,1.0,41.2463,863977,289163,0.4541
cf_colo28.ns89.oracleGeneral.zst,151714436,5609887,0.1413,0.0052,0.037,1.0,1.0,27.0441,863977,2433457,0.4338
cf_colo28.ns885.oracleGeneral.zst,8496412,7316270,0.0079,0.0068,0.8611,1.0,1.0,1.1613,863975,6920713,0.9459
cf_colo28.ns869.oracleGeneral.zst,1553093,312577,0.0014,0.0003,0.2013,1.0,1.0,4.9687,863962,258982,0.8285
cf_colo28.ns862.oracleGeneral.zst,1117445,191505,0.001,0.0002,0.1714,1.0,1.0,5.8351,863973,97645,0.5099
cf_colo28.ns860.oracleGeneral.zst,2369656,251334,0.0022,0.0002,0.1061,1.0,1.0,9.4283,863967,115548,0.4597
cf_colo28.ns86.oracleGeneral.zst,16540538,215529,0.0154,0.0002,0.013,1.0,1.0,76.7439,863975,135667,0.6295
cf_colo28.ns855.oracleGeneral.zst,2490326,296080,0.0023,0.0003,0.1189,1.0,1.0,8.411,863972,221835,0.7492
cf_colo28.ns853.oracleGeneral.zst,19457118,285117,0.0181,0.0003,0.0147,1.0,1.0,68.2426,863972,94391,0.3311
cf_colo28.ns852.oracleGeneral.zst,1439181,311361,0.0013,0.0003,0.2163,1.0,1.0,4.6222,863968,6348,0.0204
cf_colo28.ns849.oracleGeneral.zst,5174221,115074,0.0048,0.0001,0.0222,1.0,1.0,44.9643,863970,28834,0.2506
cf_colo28.ns838.oracleGeneral.zst,4197444,112598,0.0039,0.0001,0.0268,1.0,1.0,37.2781,863978,38634,0.3431
cf_colo28.ns837.oracleGeneral.zst,9827852,1142500,0.0092,0.0011,0.1163,1.0,1.0,8.6021,863974,766624,0.671
cf_colo28.ns83.oracleGeneral.zst,3013057,233924,0.0028,0.0002,0.0776,1.0,1.0,12.8805,863969,205874,0.8801
cf_colo28.ns828.oracleGeneral.zst,2055988,364880,0.0019,0.0003,0.1775,1.0,1.0,5.6347,863965,196054,0.5373
cf_colo28.ns827.oracleGeneral.zst,2921396,146162,0.0027,0.0001,0.05,1.0,1.0,19.9874,863970,81,0.0006
cf_colo28.ns821.oracleGeneral.zst,6008693,419052,0.0056,0.0004,0.0697,1.0,1.0,14.3388,863974,262439,0.6263
cf_colo28.ns816.oracleGeneral.zst,2915136,349715,0.0027,0.0003,0.12,1.0,1.0,8.3357,863975,126625,0.3621
cf_colo28.ns810.oracleGeneral.zst,1171966,754561,0.0011,0.0007,0.6438,1.0,1.0,1.5532,863961,676327,0.8963
cf_colo28.ns81.oracleGeneral.zst,6890389,651489,0.0064,0.0006,0.0946,1.0,1.0,10.5764,863976,261031,0.4007
cf_colo28.ns800.oracleGeneral.zst,4160117,1205897,0.0039,0.0011,0.2899,1.0,1.0,3.4498,863973,730958,0.6062
cf_colo28.ns8.oracleGeneral.zst,14337080,489792,0.0134,0.0005,0.0342,1.0,1.0,29.2718,863974,482609,0.9853
cf_colo28.ns797.oracleGeneral.zst,6501805,6464054,0.0061,0.006,0.9942,1.0,1.0,1.0058,863970,6461876,0.9997
cf_colo28.ns792.oracleGeneral.zst,4918597,819637,0.0046,0.0008,0.1666,1.0,1.0,6.0009,863976,345767,0.4219
cf_colo28.ns79.oracleGeneral.zst,37393401,1661859,0.0348,0.0015,0.0444,1.0,1.0,22.5009,863978,491454,0.2957
cf_colo28.ns785.oracleGeneral.zst,2678500,171739,0.0025,0.0002,0.0641,1.0,1.0,15.5963,863975,101181,0.5892
cf_colo28.ns783.oracleGeneral.zst,12009232,5990177,0.0112,0.0056,0.4988,1.0,1.0,2.0048,863972,22104,0.0037
cf_colo28.ns776.oracleGeneral.zst,2278598,177521,0.0021,0.0002,0.0779,1.0,1.0,12.8357,863957,131356,0.7399
cf_colo28.ns773.oracleGeneral.zst,1470906,221857,0.0014,0.0002,0.1508,1.0,1.0,6.63,863952,182707,0.8235
cf_colo28.ns769.oracleGeneral.zst,2456019,791525,0.0023,0.0007,0.3223,1.0,1.0,3.1029,863964,50307,0.0636
cf_colo28.ns766712.oracleGeneral.zst,1399220,187210,0.0013,0.0002,0.1338,1.0,1.0,7.4741,784546,111174,0.5938
cf_colo28.ns76.oracleGeneral.zst,10355237,1121217,0.0096,0.001,0.1083,1.0,1.0,9.2357,863969,752484,0.6711
cf_colo28.ns752.oracleGeneral.zst,1764438,1366706,0.0016,0.0013,0.7746,1.0,1.0,1.291,863974,1350888,0.9884
cf_colo28.ns751.oracleGeneral.zst,1214099,707300,0.0011,0.0007,0.5826,1.0,1.0,1.7165,863963,516578,0.7304
cf_colo28.ns749.oracleGeneral.zst,4949078,321469,0.0046,0.0003,0.065,1.0,1.0,15.3952,863974,217877,0.6778
cf_colo28.ns747.oracleGeneral.zst,2035994,647589,0.0019,0.0006,0.3181,1.0,1.0,3.144,863973,368923,0.5697
cf_colo28.ns745.oracleGeneral.zst,1248013,381634,0.0012,0.0004,0.3058,1.0,1.0,3.2702,863968,261083,0.6841
cf_colo28.ns74.oracleGeneral.zst,85144373,1897039,0.0793,0.0018,0.0223,1.0,1.0,44.8828,863978,590744,0.3114
cf_colo28.ns721.oracleGeneral.zst,2541352,865213,0.0024,0.0008,0.3405,1.0,1.0,2.9373,863971,604464,0.6986
cf_colo28.ns71.oracleGeneral.zst,86307940,3343450,0.0804,0.0031,0.0387,1.0,1.0,25.814,863977,1397192,0.4179
cf_colo28.ns706.oracleGeneral.zst,3130199,1936181,0.0029,0.0018,0.6185,1.0,1.0,1.6167,863972,1806386,0.933
cf_colo28.ns70.oracleGeneral.zst,24163184,17452976,0.0225,0.0163,0.7223,1.0,1.0,1.3845,863978,17410021,0.9975
cf_colo28.ns698.oracleGeneral.zst,2205900,940908,0.0021,0.0009,0.4265,1.0,1.0,2.3444,863963,679394,0.7221
cf_colo28.ns694.oracleGeneral.zst,2572519,435152,0.0024,0.0004,0.1692,1.0,1.0,5.9118,863976,284885,0.6547
cf_colo28.ns693.oracleGeneral.zst,6382940,223467,0.0059,0.0002,0.035,1.0,1.0,28.5632,863978,93267,0.4174
cf_colo28.ns692.oracleGeneral.zst,2100018,1050785,0.002,0.001,0.5004,1.0,1.0,1.9985,863970,4275,0.0041
cf_colo28.ns69.oracleGeneral.zst,5743236,2020003,0.0053,0.0019,0.3517,1.0,1.0,2.8432,863976,1245733,0.6167
cf_colo28.ns689.oracleGeneral.zst,1218606,582617,0.0011,0.0005,0.4781,1.0,1.0,2.0916,863961,1580,0.0027
cf_colo28.ns681.oracleGeneral.zst,1484869,697915,0.0014,0.0006,0.47,1.0,1.0,2.1276,863972,685287,0.9819
cf_colo28.ns674.oracleGeneral.zst,3366590,1554107,0.0031,0.0014,0.4616,1.0,1.0,2.1663,863966,1377644,0.8865
cf_colo28.ns672.oracleGeneral.zst,1624433,556139,0.0015,0.0005,0.3424,1.0,1.0,2.9209,863972,1453,0.0026
cf_colo28.ns67.oracleGeneral.zst,1196017,739080,0.0011,0.0007,0.618,1.0,1.0,1.6183,863415,671255,0.9082
cf_colo28.ns669.oracleGeneral.zst,5383246,997304,0.005,0.0009,0.1853,1.0,1.0,5.3978,863974,2033,0.002
cf_colo28.ns659.oracleGeneral.zst,48373561,239304,0.0451,0.0002,0.0049,1.0,1.0,202.1427,863977,107128,0.4477
cf_colo28.ns655.oracleGeneral.zst,4447642,4337205,0.0041,0.004,0.9752,1.0,1.0,1.0255,863979,4336209,0.9998
cf_colo28.ns649.oracleGeneral.zst,1098587,269930,0.001,0.0003,0.2457,1.0,1.0,4.0699,863975,165538,0.6133
cf_colo28.ns647.oracleGeneral.zst,5200617,482420,0.0048,0.0004,0.0928,1.0,1.0,10.7803,863974,204299,0.4235
cf_colo28.ns641.oracleGeneral.zst,4786149,2391372,0.0045,0.0022,0.4996,1.0,1.0,2.0014,863971,6400,0.0027
cf_colo28.ns634.oracleGeneral.zst,4193360,1318902,0.0039,0.0012,0.3145,1.0,1.0,3.1794,863980,1102733,0.8361
cf_colo28.ns629.oracleGeneral.zst,3722658,2177804,0.0035,0.002,0.585,1.0,1.0,1.7094,863972,1713052,0.7866
cf_colo28.ns623.oracleGeneral.zst,1263053,1076381,0.0012,0.001,0.8522,1.0,1.0,1.1734,863964,1053315,0.9786
cf_colo28.ns62.oracleGeneral.zst,143653012,189864,0.1338,0.0002,0.0013,1.0,1.0,756.6101,863979,163855,0.863
cf_colo28.ns619.oracleGeneral.zst,1404910,164014,0.0013,0.0002,0.1167,1.0,1.0,8.5658,863970,163491,0.9968
cf_colo28.ns617.oracleGeneral.zst,4091288,665109,0.0038,0.0006,0.1626,1.0,1.0,6.1513,863970,446191,0.6709
cf_colo28.ns616.oracleGeneral.zst,8660341,1120976,0.0081,0.001,0.1294,1.0,1.0,7.7257,863969,770970,0.6878
cf_colo28.ns613.oracleGeneral.zst,1049130,285694,0.001,0.0003,0.2723,1.0,1.0,3.6722,863959,153369,0.5368
cf_colo28.ns612.oracleGeneral.zst,8477073,740303,0.0079,0.0007,0.0873,1.0,1.0,11.4508,863974,55094,0.0744
cf_colo28.ns61.oracleGeneral.zst,3985410,960280,0.0037,0.0009,0.2409,1.0,1.0,4.1503,863971,648452,0.6753
cf_colo28.ns6.oracleGeneral.zst,49180316,2308184,0.0458,0.0021,0.0469,1.0,1.0,21.3069,863980,1924477,0.8338
cf_colo28.ns588.oracleGeneral.zst,4040363,160999,0.0038,0.0001,0.0398,1.0,1.0,25.0956,863978,69582,0.4322
cf_colo28.ns587.oracleGeneral.zst,3524619,876475,0.0033,0.0008,0.2487,1.0,1.0,4.0214,863976,246601,0.2814
cf_colo28.ns582.oracleGeneral.zst,12179663,863381,0.0113,0.0008,0.0709,1.0,1.0,14.1069,863971,373278,0.4323
cf_colo28.ns58.oracleGeneral.zst,2426300,2312455,0.0023,0.0022,0.9531,1.0,1.0,1.0492,863972,2232858,0.9656
cf_colo28.ns569.oracleGeneral.zst,2545902,350651,0.0024,0.0003,0.1377,1.0,1.0,7.2605,863977,226651,0.6464
cf_colo28.ns563.oracleGeneral.zst,1517333,1112915,0.0014,0.001,0.7335,1.0,1.0,1.3634,863966,1007263,0.9051
cf_colo28.ns560.oracleGeneral.zst,2317037,255254,0.0022,0.0002,0.1102,1.0,1.0,9.0774,863970,572,0.0022
cf_colo28.ns556.oracleGeneral.zst,2415019,889696,0.0022,0.0008,0.3684,1.0,1.0,2.7144,863973,660297,0.7422
cf_colo28.ns555.oracleGeneral.zst,4902001,364746,0.0046,0.0003,0.0744,1.0,1.0,13.4395,863973,189829,0.5204
cf_colo28.ns553.oracleGeneral.zst,5438278,1268519,0.0051,0.0012,0.2333,1.0,1.0,4.2871,863970,3824,0.003
cf_colo28.ns548.oracleGeneral.zst,1112965,223815,0.001,0.0002,0.2011,1.0,1.0,4.9727,863960,175895,0.7859
cf_colo28.ns547.oracleGeneral.zst,2904290,160491,0.0027,0.0001,0.0553,1.0,1.0,18.0963,863969,63322,0.3946
cf_colo28.ns54.oracleGeneral.zst,176144185,51182203,0.164,0.0477,0.2906,1.0,1.0,3.4415,863979,35277109,0.6892
cf_colo28.ns537.oracleGeneral.zst,2921849,132265,0.0027,0.0001,0.0453,1.0,1.0,22.0909,863972,49123,0.3714
cf_colo28.ns533.oracleGeneral.zst,25417718,1350820,0.0237,0.0013,0.0531,1.0,1.0,18.8165,863976,330335,0.2445
cf_colo28.ns532.oracleGeneral.zst,4917630,696194,0.0046,0.0006,0.1416,1.0,1.0,7.0636,863971,357816,0.514
cf_colo28.ns53.oracleGeneral.zst,3924677,304016,0.0037,0.0003,0.0775,1.0,1.0,12.9094,863976,9362,0.0308
cf_colo28.ns527.oracleGeneral.zst,1136325,298730,0.0011,0.0003,0.2629,1.0,1.0,3.8039,863968,219685,0.7354
cf_colo28.ns521.oracleGeneral.zst,2625286,2309960,0.0024,0.0022,0.8799,1.0,1.0,1.1365,863974,2224142,0.9628
cf_colo28.ns5205.oracleGeneral.zst,1007024,360402,0.0009,0.0003,0.3579,1.0,1.0,2.7942,863955,245167,0.6803
cf_colo28.ns520.oracleGeneral.zst,11324564,110562,0.0105,0.0001,0.0098,1.0,1.0,102.4273,863974,68596,0.6204
cf_colo28.ns513.oracleGeneral.zst,1840204,285923,0.0017,0.0003,0.1554,1.0,1.0,6.436,863970,163359,0.5713
cf_colo28.ns510.oracleGeneral.zst,2416298,136660,0.0023,0.0001,0.0566,1.0,1.0,17.6811,863964,513,0.0038
cf_colo28.ns51.oracleGeneral.zst,13579616,107548,0.0126,0.0001,0.0079,1.0,1.0,126.2656,863972,158,0.0015
cf_colo28.ns509.oracleGeneral.zst,11140819,5565195,0.0104,0.0052,0.4995,1.0,1.0,2.0019,863977,5562855,0.9996
cf_colo28.ns504.oracleGeneral.zst,27104365,21730632,0.0252,0.0202,0.8017,1.0,1.0,1.2473,863981,21668839,0.9972
cf_colo28.ns50.oracleGeneral.zst,14850626,3577727,0.0138,0.0033,0.2409,1.0,1.0,4.1509,863974,2343726,0.6551
cf_colo28.ns4986.oracleGeneral.zst,4140233,2074363,0.0039,0.0019,0.501,1.0,1.0,1.9959,863966,9196,0.0044
cf_colo28.ns493.oracleGeneral.zst,8399175,3298695,0.0078,0.0031,0.3927,1.0,1.0,2.5462,863972,3039234,0.9213
cf_colo28.ns492.oracleGeneral.zst,2347679,184251,0.0022,0.0002,0.0785,1.0,1.0,12.7417,863972,84077,0.4563
cf_colo28.ns491.oracleGeneral.zst,1631473,206435,0.0015,0.0002,0.1265,1.0,1.0,7.9031,863968,190523,0.9229
cf_colo28.ns490.oracleGeneral.zst,1758434,573277,0.0016,0.0005,0.326,1.0,1.0,3.0673,863971,571971,0.9977
cf_colo28.ns49.oracleGeneral.zst,7026517,7024834,0.0065,0.0065,0.9998,1.0,1.0,1.0002,863975,7023155,0.9998
cf_colo28.ns488.oracleGeneral.zst,1763361,244142,0.0016,0.0002,0.1385,1.0,1.0,7.2227,863968,116958,0.4791
cf_colo28.ns483.oracleGeneral.zst,3478011,1739861,0.0032,0.0016,0.5002,1.0,1.0,1.999,863976,4268,0.0025
cf_colo28.ns47.oracleGeneral.zst,15405714,13999691,0.0143,0.013,0.9087,1.0,1.0,1.1004,863978,13996167,0.9997
cf_colo28.ns46.oracleGeneral.zst,15650453,150286,0.0146,0.0001,0.0096,1.0,1.0,104.1378,863974,46476,0.3093
cf_colo28.ns45.oracleGeneral.zst,82767006,1746048,0.0771,0.0016,0.0211,1.0,1.0,47.4025,863978,1017165,0.5826
cf_colo28.ns445.oracleGeneral.zst,29870615,838758,0.0278,0.0008,0.0281,1.0,1.0,35.6129,863978,980,0.0012
cf_colo28.ns4448.oracleGeneral.zst,2578441,726516,0.0024,0.0007,0.2818,1.0,1.0,3.549,863957,1662,0.0023
cf_colo28.ns438.oracleGeneral.zst,29567624,1113394,0.0275,0.001,0.0377,1.0,1.0,26.5563,863981,1073255,0.9639
cf_colo28.ns436.oracleGeneral.zst,2212342,1447424,0.0021,0.0013,0.6542,1.0,1.0,1.5285,863970,1256357,0.868
cf_colo28.ns427.oracleGeneral.zst,1679890,1408831,0.0016,0.0013,0.8386,1.0,1.0,1.1924,863961,1334263,0.9471
cf_colo28.ns424.oracleGeneral.zst,5297560,149860,0.0049,0.0001,0.0283,1.0,1.0,35.3501,863976,80231,0.5354
cf_colo28.ns422.oracleGeneral.zst,2024894,331746,0.0019,0.0003,0.1638,1.0,1.0,6.1037,863944,280336,0.845
cf_colo28.ns421.oracleGeneral.zst,4351589,450186,0.0041,0.0004,0.1035,1.0,1.0,9.6662,863966,155453,0.3453
cf_colo28.ns414.oracleGeneral.zst,6388153,294603,0.0059,0.0003,0.0461,1.0,1.0,21.6839,863971,424,0.0014
cf_colo28.ns412.oracleGeneral.zst,15802139,7416296,0.0147,0.0069,0.4693,1.0,1.0,2.1307,863977,6718172,0.9059
cf_colo28.ns41.oracleGeneral.zst,241125388,72150434,0.2246,0.0672,0.2992,1.0,1.0,3.342,863981,479444,0.0066
cf_colo28.ns408.oracleGeneral.zst,39044682,984080,0.0364,0.0009,0.0252,1.0,1.0,39.6763,863975,380489,0.3866
cf_colo28.ns40.oracleGeneral.zst,13631113,3659513,0.0127,0.0034,0.2685,1.0,1.0,3.7248,863975,2790528,0.7625
cf_colo28.ns4.oracleGeneral.zst,71784685,10044634,0.0669,0.0094,0.1399,1.0,1.0,7.1466,863981,43446,0.0043
cf_colo28.ns389.oracleGeneral.zst,17809453,970837,0.0166,0.0009,0.0545,1.0,1.0,18.3444,863975,455143,0.4688
cf_colo28.ns387.oracleGeneral.zst,3131344,528432,0.0029,0.0005,0.1688,1.0,1.0,5.9257,863966,368006,0.6964
cf_colo28.ns384.oracleGeneral.zst,10479205,1453504,0.0098,0.0014,0.1387,1.0,1.0,7.2096,863973,691323,0.4756
cf_colo28.ns380.oracleGeneral.zst,1778475,1100155,0.0017,0.001,0.6186,1.0,1.0,1.6166,863973,1074513,0.9767
cf_colo28.ns38.oracleGeneral.zst,74611480,2477502,0.0695,0.0023,0.0332,1.0,1.0,30.1156,863977,1285382,0.5188
cf_colo28.ns376.oracleGeneral.zst,8973547,2372964,0.0084,0.0022,0.2644,1.0,1.0,3.7816,863977,1531202,0.6453
cf_colo28.ns373.oracleGeneral.zst,5591426,846726,0.0052,0.0008,0.1514,1.0,1.0,6.6036,863973,478753,0.5654
cf_colo28.ns372.oracleGeneral.zst,9888435,136708,0.0092,0.0001,0.0138,1.0,1.0,72.3325,863974,102334,0.7486
cf_colo28.ns370.oracleGeneral.zst,14355309,1639284,0.0134,0.0015,0.1142,1.0,1.0,8.7571,863976,87454,0.0533
cf_colo28.ns364.oracleGeneral.zst,11162835,1122108,0.0104,0.001,0.1005,1.0,1.0,9.9481,863972,766484,0.6831
cf_colo28.ns361.oracleGeneral.zst,5535864,1795180,0.0052,0.0017,0.3243,1.0,1.0,3.0837,863972,1320196,0.7354
cf_colo28.ns360.oracleGeneral.zst,1415522,1007837,0.0013,0.0009,0.712,1.0,1.0,1.4045,863962,815665,0.8093
cf_colo28.ns36.oracleGeneral.zst,11389023,2293463,0.0106,0.0021,0.2014,1.0,1.0,4.9659,863977,1443079,0.6292
cf_colo28.ns359.oracleGeneral.zst,73460608,331305,0.0684,0.0003,0.0045,1.0,1.0,221.7311,863978,315691,0.9529
cf_colo28.ns358.oracleGeneral.zst,1432369,985297,0.0013,0.0009,0.6879,1.0,1.0,1.4537,863965,899857,0.9133
cf_colo28.ns355.oracleGeneral.zst,1149250,725188,0.0011,0.0007,0.631,1.0,1.0,1.5848,863972,499795,0.6892
cf_colo28.ns3541.oracleGeneral.zst,1433227,132975,0.0013,0.0001,0.0928,1.0,1.0,10.7782,863950,93152,0.7005
cf_colo28.ns3538.oracleGeneral.zst,1060216,118813,0.001,0.0001,0.1121,1.0,1.0,8.9234,863952,115293,0.9704
cf_colo28.ns340.oracleGeneral.zst,14144369,817631,0.0132,0.0008,0.0578,1.0,1.0,17.2992,863974,802236,0.9812
cf_colo28.ns339.oracleGeneral.zst,6729547,6304622,0.0063,0.0059,0.9369,1.0,1.0,1.0674,863977,6302092,0.9996
cf_colo28.ns335.oracleGeneral.zst,3949418,302223,0.0037,0.0003,0.0765,1.0,1.0,13.0679,863976,229178,0.7583
cf_colo28.ns33397.oracleGeneral.zst,11038792,1075951,0.0103,0.001,0.0975,1.0,1.0,10.2596,863717,720837,0.67
cf_colo28.ns332.oracleGeneral.zst,28884482,527248,0.0269,0.0005,0.0183,1.0,1.0,54.7835,863980,502991,0.954
cf_colo28.ns33.oracleGeneral.zst,36251525,30647500,0.0338,0.0285,0.8454,1.0,1.0,1.1829,863976,27292310,0.8905
cf_colo28.ns329.oracleGeneral.zst,5354428,2075656,0.005,0.0019,0.3877,1.0,1.0,2.5796,863971,1324374,0.6381
cf_colo28.ns32.oracleGeneral.zst,242587544,1195033,0.2259,0.0011,0.0049,1.0,1.0,202.9965,863979,5727,0.0048
cf_colo28.ns319.oracleGeneral.zst,24744520,367883,0.023,0.0003,0.0149,1.0,1.0,67.2619,863975,208897,0.5678
cf_colo28.ns317.oracleGeneral.zst,8199213,605578,0.0076,0.0006,0.0739,1.0,1.0,13.5395,863969,1304,0.0022
cf_colo28.ns3160.oracleGeneral.zst,1376454,329736,0.0013,0.0003,0.2396,1.0,1.0,4.1744,863964,208261,0.6316
cf_colo28.ns314.oracleGeneral.zst,7599619,1130694,0.0071,0.0011,0.1488,1.0,1.0,6.7212,863970,777071,0.6873
cf_colo28.ns313.oracleGeneral.zst,4571987,197628,0.0043,0.0002,0.0432,1.0,1.0,23.1343,863973,101530,0.5137
cf_colo28.ns312.oracleGeneral.zst,10383558,1148716,0.0097,0.0011,0.1106,1.0,1.0,9.0393,863974,772682,0.6726
cf_colo28.ns31.oracleGeneral.zst,36238336,30643375,0.0337,0.0285,0.8456,1.0,1.0,1.1826,863975,27290360,0.8906
cf_colo28.ns309.oracleGeneral.zst,45076397,141951,0.042,0.0001,0.0031,1.0,1.0,317.549,863978,42719,0.3009
cf_colo28.ns3041.oracleGeneral.zst,3787763,186818,0.0035,0.0002,0.0493,1.0,1.0,20.2752,863965,145464,0.7786
cf_colo28.ns304.oracleGeneral.zst,3773056,974887,0.0035,0.0009,0.2584,1.0,1.0,3.8702,863976,663002,0.6801
cf_colo28.ns301.oracleGeneral.zst,4200025,310101,0.0039,0.0003,0.0738,1.0,1.0,13.5441,863971,176272,0.5684
cf_colo28.ns3004.oracleGeneral.zst,2137495,476433,0.002,0.0004,0.2229,1.0,1.0,4.4865,863961,717,0.0015
cf_colo28.ns30.oracleGeneral.zst,366373691,51276871,0.3412,0.0478,0.14,1.0,1.0,7.145,863981,23860723,0.4653
cf_colo28.ns3.oracleGeneral.zst,150526395,4034199,0.1402,0.0038,0.0268,1.0,1.0,37.3126,863981,1846775,0.4578
cf_colo28.ns29990.oracleGeneral.zst,1556151,135775,0.0014,0.0001,0.0873,1.0,1.0,11.4612,863698,54348,0.4003
cf_colo28.ns297.oracleGeneral.zst,10252274,153095,0.0095,0.0001,0.0149,1.0,1.0,66.9667,863976,28154,0.1839
cf_colo28.ns295.oracleGeneral.zst,1019024,218844,0.0009,0.0002,0.2148,1.0,1.0,4.6564,863967,313,0.0014
cf_colo28.ns2937.oracleGeneral.zst,1041723,627978,0.001,0.0006,0.6028,1.0,1.0,1.6589,863960,460396,0.7331
cf_colo28.ns290.oracleGeneral.zst,9434426,6085758,0.0088,0.0057,0.6451,1.0,1.0,1.5502,863975,4919878,0.8084
cf_colo28.ns29.oracleGeneral.zst,6255621,5964652,0.0058,0.0056,0.9535,1.0,1.0,1.0488,863976,5961305,0.9994
cf_colo28.ns288.oracleGeneral.zst,1748896,1697410,0.0016,0.0016,0.9706,1.0,1.0,1.0303,863966,1655347,0.9752
cf_colo28.ns287.oracleGeneral.zst,5836735,930466,0.0054,0.0009,0.1594,1.0,1.0,6.2729,863975,625499,0.6722
cf_colo28.ns283.oracleGeneral.zst,8774189,136304,0.0082,0.0001,0.0155,1.0,1.0,64.3722,863975,113671,0.834
cf_colo28.ns2817.oracleGeneral.zst,1180372,207423,0.0011,0.0002,0.1757,1.0,1.0,5.6907,863953,40881,0.1971
cf_colo28.ns2814.oracleGeneral.zst,1171840,208767,0.0011,0.0002,0.1782,1.0,1.0,5.6131,863963,155983,0.7472
cf_colo28.ns281.oracleGeneral.zst,3164647,459997,0.0029,0.0004,0.1454,1.0,1.0,6.8797,863977,258093,0.5611
cf_colo28.ns28.oracleGeneral.zst,49227587,1159100,0.0458,0.0011,0.0235,1.0,1.0,42.4705,863977,194833,0.1681
cf_colo28.ns278.oracleGeneral.zst,10032937,1396074,0.0093,0.0013,0.1391,1.0,1.0,7.1865,863976,645435,0.4623
cf_colo28.ns2765.oracleGeneral.zst,1365706,712742,0.0013,0.0007,0.5219,1.0,1.0,1.9161,863966,554627,0.7782
cf_colo28.ns274.oracleGeneral.zst,4059000,647499,0.0038,0.0006,0.1595,1.0,1.0,6.2687,863975,363629,0.5616
cf_colo28.ns2736.oracleGeneral.zst,1033298,414276,0.001,0.0004,0.4009,1.0,1.0,2.4942,863963,354895,0.8567
cf_colo28.ns272.oracleGeneral.zst,3529940,632528,0.0033,0.0006,0.1792,1.0,1.0,5.5807,863972,271034,0.4285
cf_colo28.ns271.oracleGeneral.zst,1961461,176679,0.0018,0.0002,0.0901,1.0,1.0,11.1018,863964,22832,0.1292
cf_colo28.ns27.oracleGeneral.zst,495302437,101462,0.4613,0.0001,0.0002,1.0,1.0,4881.6546,863981,13198,0.1301
cf_colo28.ns266.oracleGeneral.zst,24499592,4786015,0.0228,0.0045,0.1954,1.0,1.0,5.119,863969,2483878,0.519
cf_colo28.ns264.oracleGeneral.zst,7796677,158836,0.0073,0.0001,0.0204,1.0,1.0,49.0863,863976,100351,0.6318
cf_colo28.ns26.oracleGeneral.zst,33582642,6945459,0.0313,0.0065,0.2068,1.0,1.0,4.8352,863977,15494,0.0022
cf_colo28.ns258.oracleGeneral.zst,4942315,846181,0.0046,0.0008,0.1712,1.0,1.0,5.8407,863977,1495,0.0018
cf_colo28.ns2572.oracleGeneral.zst,1495155,457867,0.0014,0.0004,0.3062,1.0,1.0,3.2655,863953,63263,0.1382
cf_colo28.ns2569.oracleGeneral.zst,1150197,1121919,0.0011,0.001,0.9754,1.0,1.0,1.0252,863959,1121714,0.9998
cf_colo28.ns255.oracleGeneral.zst,6872581,647415,0.0064,0.0006,0.0942,1.0,1.0,10.6154,863974,285822,0.4415
cf_colo28.ns2544.oracleGeneral.zst,1532048,164069,0.0014,0.0002,0.1071,1.0,1.0,9.3378,863963,158878,0.9684
cf_colo28.ns253.oracleGeneral.zst,3733759,2178334,0.0035,0.002,0.5834,1.0,1.0,1.714,863968,1713701,0.7867
cf_colo28.ns252.oracleGeneral.zst,10990182,1251639,0.0102,0.0012,0.1139,1.0,1.0,8.7806,863974,549912,0.4394
cf_colo28.ns2513.oracleGeneral.zst,2233198,152214,0.0021,0.0001,0.0682,1.0,1.0,14.6714,863969,70316,0.462
cf_colo28.ns251.oracleGeneral.zst,1745670,214685,0.0016,0.0002,0.123,1.0,1.0,8.1313,863966,81199,0.3782
cf_colo28.ns25.oracleGeneral.zst,1015180908,825871,0.9455,0.0008,0.0008,1.0,1.0,1229.2245,863981,369174,0.447
cf_colo28.ns2474.oracleGeneral.zst,1095368,224960,0.001,0.0002,0.2054,1.0,1.0,4.8692,863972,27963,0.1243
cf_colo28.ns2471.oracleGeneral.zst,2152435,165655,0.002,0.0002,0.077,1.0,1.0,12.9935,863968,29009,0.1751
cf_colo28.ns247.oracleGeneral.zst,12703371,1653295,0.0118,0.0015,0.1301,1.0,1.0,7.6837,863975,1428927,0.8643
cf_colo28.ns245.oracleGeneral.zst,8313783,3087000,0.0077,0.0029,0.3713,1.0,1.0,2.6932,863976,2997092,0.9709
cf_colo28.ns241.oracleGeneral.zst,32126732,1398700,0.0299,0.0013,0.0435,1.0,1.0,22.969,863980,631215,0.4513
cf_colo28.ns24.oracleGeneral.zst,86065142,8913288,0.0802,0.0083,0.1036,1.0,1.0,9.6558,863978,5804468,0.6512
cf_colo28.ns239.oracleGeneral.zst,9427909,1639085,0.0088,0.0015,0.1739,1.0,1.0,5.7519,863974,858167,0.5236
cf_colo28.ns237.oracleGeneral.zst,55661550,163482,0.0518,0.0002,0.0029,1.0,1.0,340.4751,863975,77247,0.4725
cf_colo28.ns236.oracleGeneral.zst,6793152,630133,0.0063,0.0006,0.0928,1.0,1.0,10.7805,863977,629993,0.9998
cf_colo28.ns2351.oracleGeneral.zst,11811020,1180502,0.011,0.0011,0.0999,1.0,1.0,10.0051,863967,794760,0.6732
cf_colo28.ns23.oracleGeneral.zst,226966083,15189691,0.2114,0.0141,0.0669,1.0,1.0,14.9421,863980,1252314,0.0824
cf_colo28.ns2294.oracleGeneral.zst,1678724,237176,0.0016,0.0002,0.1413,1.0,1.0,7.078,863966,238,0.001
cf_colo28.ns229.oracleGeneral.zst,10280390,3071927,0.0096,0.0029,0.2988,1.0,1.0,3.3466,863975,1789798,0.5826
cf_colo28.ns2278.oracleGeneral.zst,1329962,126910,0.0012,0.0001,0.0954,1.0,1.0,10.4796,863950,64632,0.5093
cf_colo28.ns226.oracleGeneral.zst,1149891,110567,0.0011,0.0001,0.0962,1.0,1.0,10.3999,863960,39254,0.355
cf_colo28.ns224.oracleGeneral.zst,3084716,1891732,0.0029,0.0018,0.6133,1.0,1.0,1.6306,863968,1409897,0.7453
cf_colo28.ns223.oracleGeneral.zst,9567371,1139929,0.0089,0.0011,0.1191,1.0,1.0,8.393,863972,770339,0.6758
cf_colo28.ns2202.oracleGeneral.zst,1279422,1088387,0.0012,0.001,0.8507,1.0,1.0,1.1755,863959,966572,0.8881
cf_colo28.ns2184.oracleGeneral.zst,9683293,868343,0.009,0.0008,0.0897,1.0,1.0,11.1515,863969,414474,0.4773
cf_colo28.ns215.oracleGeneral.zst,10732957,4419287,0.01,0.0041,0.4117,1.0,1.0,2.4287,863972,4412230,0.9984
cf_colo28.ns213.oracleGeneral.zst,9972451,1086436,0.0093,0.001,0.1089,1.0,1.0,9.1791,863975,739913,0.681
cf_colo28.ns2128.oracleGeneral.zst,2203877,1871005,0.0021,0.0017,0.849,1.0,1.0,1.1779,863960,1637713,0.8753
cf_colo28.ns2116.oracleGeneral.zst,2435720,1132114,0.0023,0.0011,0.4648,1.0,1.0,2.1515,863963,883638,0.7805
cf_colo28.ns2104.oracleGeneral.zst,1274195,595504,0.0012,0.0006,0.4674,1.0,1.0,2.1397,863966,443247,0.7443
cf_colo28.ns21.oracleGeneral.zst,41810572,315228,0.0389,0.0003,0.0075,1.0,1.0,132.636,863980,304585,0.9662
cf_colo28.ns208.oracleGeneral.zst,6201963,5868230,0.0058,0.0055,0.9462,1.0,1.0,1.0569,863974,5585671,0.9518
cf_colo28.ns2079.oracleGeneral.zst,1357403,100294,0.0013,0.0001,0.0739,1.0,1.0,13.5342,863965,58246,0.5808
cf_colo28.ns205.oracleGeneral.zst,8988828,8194876,0.0084,0.0076,0.9117,1.0,1.0,1.0969,863968,7714128,0.9413
cf_colo28.ns2018.oracleGeneral.zst,1406014,491749,0.0013,0.0005,0.3497,1.0,1.0,2.8592,863961,360215,0.7325
cf_colo28.ns2005.oracleGeneral.zst,1065569,512490,0.001,0.0005,0.481,1.0,1.0,2.0792,863965,1616,0.0032
cf_colo28.ns200.oracleGeneral.zst,2930498,2929621,0.0027,0.0027,0.9997,1.0,1.0,1.0003,863972,2928758,0.9997
cf_colo28.ns2.oracleGeneral.zst,502372433,195616732,0.4679,0.1822,0.3894,1.0,1.0,2.5681,863979,157838070,0.8069
cf_colo28.ns1995.oracleGeneral.zst,1777287,413973,0.0017,0.0004,0.2329,1.0,1.0,4.2932,863962,1059,0.0026
cf_colo28.ns19855.oracleGeneral.zst,3470863,3467251,0.0032,0.0032,0.999,1.0,1.0,1.001,863820,3466303,0.9997
cf_colo28.ns198.oracleGeneral.zst,8680239,925743,0.0081,0.0009,0.1066,1.0,1.0,9.3765,863978,448102,0.484
cf_colo28.ns1972.oracleGeneral.zst,1331889,664918,0.0012,0.0006,0.4992,1.0,1.0,2.0031,863967,2130,0.0032
cf_colo28.ns195.oracleGeneral.zst,4098045,635372,0.0038,0.0006,0.155,1.0,1.0,6.4498,863967,10948,0.0172
cf_colo28.ns1949.oracleGeneral.zst,3568202,853804,0.0033,0.0008,0.2393,1.0,1.0,4.1792,863970,365568,0.4282
cf_colo28.ns1943.oracleGeneral.zst,1347874,893931,0.0013,0.0008,0.6632,1.0,1.0,1.5078,863971,631487,0.7064
cf_colo28.ns194.oracleGeneral.zst,30936633,163374,0.0288,0.0002,0.0053,1.0,1.0,189.3608,863980,62480,0.3824
cf_colo28.ns193.oracleGeneral.zst,3231299,1314518,0.003,0.0012,0.4068,1.0,1.0,2.4582,863973,925365,0.704
cf_colo28.ns192.oracleGeneral.zst,18568763,1228195,0.0173,0.0011,0.0661,1.0,1.0,15.1187,863973,528807,0.4306
cf_colo28.ns190.oracleGeneral.zst,11916851,674991,0.0111,0.0006,0.0566,1.0,1.0,17.6548,863978,442198,0.6551
cf_colo28.ns19.oracleGeneral.zst,120746519,15108318,0.1125,0.0141,0.1251,1.0,1.0,7.9921,863980,7815166,0.5173
cf_colo28.ns188.oracleGeneral.zst,30835305,1279550,0.0287,0.0012,0.0415,1.0,1.0,24.0986,863977,840751,0.6571
cf_colo28.ns187.oracleGeneral.zst,101595926,1849201,0.0946,0.0017,0.0182,1.0,1.0,54.9404,863979,1683496,0.9104
cf_colo28.ns1868.oracleGeneral.zst,3394453,189508,0.0032,0.0002,0.0558,1.0,1.0,17.9119,863965,102269,0.5397
cf_colo28.ns1857.oracleGeneral.zst,1324462,828969,0.0012,0.0008,0.6259,1.0,1.0,1.5977,863970,650687,0.7849
cf_colo28.ns185.oracleGeneral.zst,12279434,514006,0.0114,0.0005,0.0419,1.0,1.0,23.8897,863974,336026,0.6537
cf_colo28.ns1842.oracleGeneral.zst,2081221,147257,0.0019,0.0001,0.0708,1.0,1.0,14.1333,863971,63878,0.4338
cf_colo28.ns181.oracleGeneral.zst,4188090,114995,0.0039,0.0001,0.0275,1.0,1.0,36.4198,863975,42148,0.3665
cf_colo28.ns179.oracleGeneral.zst,4305194,4242574,0.004,0.004,0.9855,1.0,1.0,1.0148,863970,4193387,0.9884
cf_colo28.ns1785.oracleGeneral.zst,1447096,968640,0.0013,0.0009,0.6694,1.0,1.0,1.4939,863975,718510,0.7418
cf_colo28.ns1782.oracleGeneral.zst,1374987,1331506,0.0013,0.0012,0.9684,1.0,1.0,1.0327,863965,1330852,0.9995
cf_colo28.ns1771.oracleGeneral.zst,1197915,299826,0.0011,0.0003,0.2503,1.0,1.0,3.9954,863959,778,0.0026
cf_colo28.ns176.oracleGeneral.zst,18697332,3497668,0.0174,0.0033,0.1871,1.0,1.0,5.3457,863971,1869154,0.5344
cf_colo28.ns174.oracleGeneral.zst,6507371,159163,0.0061,0.0001,0.0245,1.0,1.0,40.8849,863978,109895,0.6905
cf_colo28.ns1724.oracleGeneral.zst,1111294,102464,0.001,0.0001,0.0922,1.0,1.0,10.8457,863963,40178,0.3921
cf_colo28.ns172.oracleGeneral.zst,31583756,30810219,0.0294,0.0287,0.9755,1.0,1.0,1.0251,863976,30711480,0.9968
cf_colo28.ns171.oracleGeneral.zst,3292115,112133,0.0031,0.0001,0.0341,1.0,1.0,29.359,863969,111646,0.9957
cf_colo28.ns1697.oracleGeneral.zst,3913331,523400,0.0036,0.0005,0.1337,1.0,1.0,7.4768,863943,284720,0.544
cf_colo28.ns169.oracleGeneral.zst,6410757,747201,0.006,0.0007,0.1166,1.0,1.0,8.5797,863979,406171,0.5436
cf_colo28.ns1683.oracleGeneral.zst,1285140,156269,0.0012,0.0001,0.1216,1.0,1.0,8.2239,863972,18373,0.1176
cf_colo28.ns168.oracleGeneral.zst,11905040,962439,0.0111,0.0009,0.0808,1.0,1.0,12.3697,863974,547640,0.569
cf_colo28.ns1666.oracleGeneral.zst,2411912,168843,0.0022,0.0002,0.07,1.0,1.0,14.2849,863977,83335,0.4936
cf_colo28.ns1635.oracleGeneral.zst,2165109,154313,0.002,0.0001,0.0713,1.0,1.0,14.0306,863970,254,0.0016
cf_colo28.ns160.oracleGeneral.zst,18914191,1555552,0.0176,0.0014,0.0822,1.0,1.0,12.1592,863972,1516285,0.9748
cf_colo28.ns16.oracleGeneral.zst,835634586,77596597,0.7782,0.0723,0.0929,1.0,1.0,10.769,863979,34406172,0.4434
cf_colo28.ns1594.oracleGeneral.zst,7945767,1073578,0.0074,0.001,0.1351,1.0,1.0,7.4012,863977,754182,0.7025
cf_colo28.ns1590.oracleGeneral.zst,2516752,215115,0.0023,0.0002,0.0855,1.0,1.0,11.6996,863956,133536,0.6208
cf_colo28.ns157.oracleGeneral.zst,1846055,468382,0.0017,0.0004,0.2537,1.0,1.0,3.9413,863970,1349,0.0029
cf_colo28.ns156.oracleGeneral.zst,2641033,1365907,0.0025,0.0013,0.5172,1.0,1.0,1.9335,863974,1159662,0.849
cf_colo28.ns1553.oracleGeneral.zst,5575253,1127594,0.0052,0.0011,0.2022,1.0,1.0,4.9444,863943,551347,0.489
cf_colo28.ns155.oracleGeneral.zst,12549812,1167581,0.0117,0.0011,0.093,1.0,1.0,10.7486,863970,783600,0.6711
cf_colo28.ns1540.oracleGeneral.zst,1060168,271698,0.001,0.0003,0.2563,1.0,1.0,3.902,863972,172282,0.6341
cf_colo28.ns153.oracleGeneral.zst,3549515,3458769,0.0033,0.0032,0.9744,1.0,1.0,1.0262,863964,3456976,0.9995
cf_colo28.ns152.oracleGeneral.zst,6262241,156348,0.0058,0.0001,0.025,1.0,1.0,40.0532,863974,68066,0.4353
cf_colo28.ns15.oracleGeneral.zst,42366544,1207071,0.0395,0.0011,0.0285,1.0,1.0,35.0986,863978,791053,0.6553
cf_colo28.ns1492.oracleGeneral.zst,1021184,280631,0.001,0.0003,0.2748,1.0,1.0,3.6389,863966,183406,0.6535
cf_colo28.ns1468.oracleGeneral.zst,1609192,305838,0.0015,0.0003,0.1901,1.0,1.0,5.2616,863962,112768,0.3687
cf_colo28.ns1464.oracleGeneral.zst,4447659,1064082,0.0041,0.001,0.2392,1.0,1.0,4.1798,863973,3779,0.0036
cf_colo28.ns1461.oracleGeneral.zst,2135906,1374077,0.002,0.0013,0.6433,1.0,1.0,1.5544,863970,1019523,0.742
cf_colo28.ns1438.oracleGeneral.zst,1218337,406139,0.0011,0.0004,0.3334,1.0,1.0,2.9998,863976,111,0.0003
cf_colo28.ns1436.oracleGeneral.zst,1623487,867741,0.0015,0.0008,0.5345,1.0,1.0,1.8709,863966,622586,0.7175
cf_colo28.ns14142.oracleGeneral.zst,1313879,945484,0.0012,0.0009,0.7196,1.0,1.0,1.3896,863913,853151,0.9023
cf_colo28.ns1402.oracleGeneral.zst,1175868,576031,0.0011,0.0005,0.4899,1.0,1.0,2.0413,863966,502282,0.872
cf_colo28.ns139.oracleGeneral.zst,5878898,507567,0.0055,0.0005,0.0863,1.0,1.0,11.5825,863977,380275,0.7492
cf_colo28.ns1383.oracleGeneral.zst,7520696,285314,0.007,0.0003,0.0379,1.0,1.0,26.3594,863976,284860,0.9984
cf_colo28.ns1372.oracleGeneral.zst,3663758,1112980,0.0034,0.001,0.3038,1.0,1.0,3.2918,863973,738916,0.6639
cf_colo28.ns1341.oracleGeneral.zst,2330272,356061,0.0022,0.0003,0.1528,1.0,1.0,6.5446,863964,3034,0.0085
cf_colo28.ns1334.oracleGeneral.zst,1290771,389616,0.0012,0.0004,0.3018,1.0,1.0,3.3129,863972,25706,0.066
cf_colo28.ns13301.oracleGeneral.zst,1187691,1081865,0.0011,0.001,0.9109,1.0,1.0,1.0978,863844,988405,0.9136
cf_colo28.ns132.oracleGeneral.zst,72465802,10048888,0.0675,0.0094,0.1387,1.0,1.0,7.2113,863977,43416,0.0043
cf_colo28.ns1315.oracleGeneral.zst,2335244,1027530,0.0022,0.001,0.44,1.0,1.0,2.2727,863969,695945,0.6773
cf_colo28.ns1310.oracleGeneral.zst,2230807,430934,0.0021,0.0004,0.1932,1.0,1.0,5.1767,863972,307785,0.7142
cf_colo28.ns131.oracleGeneral.zst,20718986,2968768,0.0193,0.0028,0.1433,1.0,1.0,6.979,863978,1538517,0.5182
cf_colo28.ns1308.oracleGeneral.zst,5680879,1614261,0.0053,0.0015,0.2842,1.0,1.0,3.5192,863972,592933,0.3673
cf_colo28.ns1302.oracleGeneral.zst,1211007,841500,0.0011,0.0008,0.6949,1.0,1.0,1.4391,863958,617365,0.7336
cf_colo28.ns129.oracleGeneral.zst,3334035,1013229,0.0031,0.0009,0.3039,1.0,1.0,3.2905,863970,455126,0.4492
cf_colo28.ns1285.oracleGeneral.zst,3229196,358776,0.003,0.0003,0.1111,1.0,1.0,9.0006,863974,347772,0.9693
cf_colo28.ns1278.oracleGeneral.zst,2821058,338994,0.0026,0.0003,0.1202,1.0,1.0,8.3219,863976,497,0.0015
cf_colo28.ns1274.oracleGeneral.zst,4104427,1358149,0.0038,0.0013,0.3309,1.0,1.0,3.0221,863977,73712,0.0543
cf_colo28.ns1270.oracleGeneral.zst,3207584,405598,0.003,0.0004,0.1264,1.0,1.0,7.9083,863976,288857,0.7122
cf_colo28.ns126.oracleGeneral.zst,8874773,301522,0.0083,0.0003,0.034,1.0,1.0,29.4333,863969,172857,0.5733
cf_colo28.ns1256.oracleGeneral.zst,1484302,608185,0.0014,0.0006,0.4097,1.0,1.0,2.4405,863966,2238,0.0037
cf_colo28.ns1255.oracleGeneral.zst,8529809,1108812,0.0079,0.001,0.13,1.0,1.0,7.6927,863974,754263,0.6802
cf_colo28.ns123.oracleGeneral.zst,1687801,488640,0.0016,0.0005,0.2895,1.0,1.0,3.4541,863970,278056,0.569
cf_colo28.ns122.oracleGeneral.zst,11110494,7779365,0.0103,0.0072,0.7002,1.0,1.0,1.4282,863978,7529515,0.9679
cf_colo28.ns1211.oracleGeneral.zst,1010247,183894,0.0009,0.0002,0.182,1.0,1.0,5.4936,863966,945,0.0051
cf_colo28.ns121.oracleGeneral.zst,10220259,127428,0.0095,0.0001,0.0125,1.0,1.0,80.2042,863975,822,0.0065
cf_colo28.ns120508.oracleGeneral.zst,3361017,177053,0.0031,0.0002,0.0527,1.0,1.0,18.9831,861779,176317,0.9958
cf_colo28.ns119.oracleGeneral.zst,30201645,4281862,0.0281,0.004,0.1418,1.0,1.0,7.0534,863978,1401090,0.3272
cf_colo28.ns1174.oracleGeneral.zst,1045773,113607,0.001,0.0001,0.1086,1.0,1.0,9.2052,863974,78133,0.6877
cf_colo28.ns1173.oracleGeneral.zst,4780993,662705,0.0045,0.0006,0.1386,1.0,1.0,7.2144,863971,378454,0.5711
cf_colo28.ns1171.oracleGeneral.zst,4893350,661247,0.0046,0.0006,0.1351,1.0,1.0,7.4002,863974,377212,0.5705
cf_colo28.ns116.oracleGeneral.zst,41070360,32099195,0.0382,0.0299,0.7816,1.0,1.0,1.2795,863976,24920048,0.7763
cf_colo28.ns1151.oracleGeneral.zst,1614670,333682,0.0015,0.0003,0.2067,1.0,1.0,4.8389,863973,39005,0.1169
cf_colo28.ns1143.oracleGeneral.zst,14008108,735434,0.013,0.0007,0.0525,1.0,1.0,19.0474,863959,213713,0.2906
cf_colo28.ns114.oracleGeneral.zst,9861230,1162677,0.0092,0.0011,0.1179,1.0,1.0,8.4815,863970,779994,0.6709
cf_colo28.ns1135.oracleGeneral.zst,2053022,1702169,0.0019,0.0016,0.8291,1.0,1.0,1.2061,863967,1585374,0.9314
cf_colo28.ns1130.oracleGeneral.zst,8676768,677238,0.0081,0.0006,0.0781,1.0,1.0,12.812,863973,617494,0.9118
cf_colo28.ns1129.oracleGeneral.zst,1206240,965396,0.0011,0.0009,0.8003,1.0,1.0,1.2495,863966,947507,0.9815
cf_colo28.ns1127.oracleGeneral.zst,9927482,1160492,0.0092,0.0011,0.1169,1.0,1.0,8.5545,863977,793134,0.6834
cf_colo28.ns1126.oracleGeneral.zst,1190973,453349,0.0011,0.0004,0.3807,1.0,1.0,2.6271,863971,347257,0.766
cf_colo28.ns112.oracleGeneral.zst,13676816,2853097,0.0127,0.0027,0.2086,1.0,1.0,4.7937,863977,1289399,0.4519
cf_colo28.ns1116.oracleGeneral.zst,1211918,840446,0.0011,0.0008,0.6935,1.0,1.0,1.442,863971,614466,0.7311
cf_colo28.ns1109.oracleGeneral.zst,1009470,230601,0.0009,0.0002,0.2284,1.0,1.0,4.3776,863970,230410,0.9992
cf_colo28.ns1101.oracleGeneral.zst,1794423,174705,0.0017,0.0002,0.0974,1.0,1.0,10.2712,863957,13334,0.0763
cf_colo28.ns110.oracleGeneral.zst,92036265,10881679,0.0857,0.0101,0.1182,1.0,1.0,8.4579,863978,5832377,0.536
cf_colo28.ns11.oracleGeneral.zst,16685242,3370871,0.0155,0.0031,0.202,1.0,1.0,4.9498,863978,3047632,0.9041
cf_colo28.ns1097.oracleGeneral.zst,2053865,402046,0.0019,0.0004,0.1958,1.0,1.0,5.1085,863969,217969,0.5421
cf_colo28.ns1093.oracleGeneral.zst,1845609,213425,0.0017,0.0002,0.1156,1.0,1.0,8.6476,863942,207231,0.971
cf_colo28.ns1085.oracleGeneral.zst,2165727,240268,0.002,0.0002,0.1109,1.0,1.0,9.0138,863979,95094,0.3958
cf_colo28.ns1083.oracleGeneral.zst,3592086,756010,0.0033,0.0007,0.2105,1.0,1.0,4.7514,863972,347974,0.4603
cf_colo28.ns107.oracleGeneral.zst,11572041,536955,0.0108,0.0005,0.0464,1.0,1.0,21.5512,863974,32935,0.0613
cf_colo28.ns1065.oracleGeneral.zst,1802378,423704,0.0017,0.0004,0.2351,1.0,1.0,4.2539,863966,252410,0.5957
cf_colo28.ns1064.oracleGeneral.zst,2144506,112403,0.002,0.0001,0.0524,1.0,1.0,19.0787,863977,95767,0.852
cf_colo28.ns1056.oracleGeneral.zst,4964556,696312,0.0046,0.0006,0.1403,1.0,1.0,7.1298,863973,357975,0.5141
cf_colo28.ns105.oracleGeneral.zst,2991371,831638,0.0028,0.0008,0.278,1.0,1.0,3.597,863975,1625,0.002
cf_colo28.ns1049.oracleGeneral.zst,1257786,279761,0.0012,0.0003,0.2224,1.0,1.0,4.4959,863975,202220,0.7228
cf_colo28.ns1045.oracleGeneral.zst,3259311,1565742,0.003,0.0015,0.4804,1.0,1.0,2.0816,863976,3011,0.0019
cf_colo28.ns104.oracleGeneral.zst,2542264,232493,0.0024,0.0002,0.0915,1.0,1.0,10.9348,863967,204249,0.8785
cf_colo28.ns1036.oracleGeneral.zst,1767831,293945,0.0016,0.0003,0.1663,1.0,1.0,6.0142,863961,143746,0.489
cf_colo28.ns103.oracleGeneral.zst,8201223,184870,0.0076,0.0002,0.0225,1.0,1.0,44.3621,863972,9233,0.0499
cf_colo28.ns1027.oracleGeneral.zst,2763087,962032,0.0026,0.0009,0.3482,1.0,1.0,2.8721,863972,85796,0.0892
cf_colo28.ns1022.oracleGeneral.zst,10264431,379102,0.0096,0.0004,0.0369,1.0,1.0,27.0756,863973,118227,0.3119
cf_colo28.ns102.oracleGeneral.zst,4835874,2091658,0.0045,0.0019,0.4325,1.0,1.0,2.312,863972,1527256,0.7302
cf_colo28.ns1016.oracleGeneral.zst,1564062,612053,0.0015,0.0006,0.3913,1.0,1.0,2.5554,863957,536437,0.8765
cf_colo28.ns101.oracleGeneral.zst,9752600,167775,0.0091,0.0002,0.0172,1.0,1.0,58.129,863977,111545,0.6648
cf_colo28.ns1008.oracleGeneral.zst,3227317,691813,0.003,0.0006,0.2144,1.0,1.0,4.665,863977,1995,0.0029
cf_colo28.ns1004.oracleGeneral.zst,4558740,392313,0.0042,0.0004,0.0861,1.0,1.0,11.6202,863966,291773,0.7437
cf_colo28.ns1001.oracleGeneral.zst,1488085,446667,0.0014,0.0004,0.3002,1.0,1.0,3.3315,863961,365727,0.8188
cf_colo28.ns1.oracleGeneral.zst,1546004458,882086,1.4398,0.0008,0.0006,1.0,1.0,1752.6686,863981,371911,0.4216
cf_allcolo.ns994.oracleGeneral.zst,8731092,456244,0.0081,0.0004,0.0523,1.0,1.0,19.1369,604801,156143,0.3422
cf_allcolo.ns992.oracleGeneral.zst,5748702,290974,0.0054,0.0003,0.0506,1.0,1.0,19.7568,604795,106969,0.3676
cf_allcolo.ns985.oracleGeneral.zst,2346214,1760539,0.0022,0.0016,0.7504,1.0,1.0,1.3327,604791,1307510,0.7427
cf_allcolo.ns981.oracleGeneral.zst,2364597,250345,0.0022,0.0002,0.1059,1.0,1.0,9.4454,604802,156962,0.627
cf_allcolo.ns980.oracleGeneral.zst,16796358,121859,0.0156,0.0001,0.0073,1.0,1.0,137.8344,604800,43130,0.3539
cf_allcolo.ns971.oracleGeneral.zst,7109725,1324577,0.0066,0.0012,0.1863,1.0,1.0,5.3675,604802,597628,0.4512
cf_allcolo.ns966.oracleGeneral.zst,2277230,167917,0.0021,0.0002,0.0737,1.0,1.0,13.5616,604788,64451,0.3838
cf_allcolo.ns964.oracleGeneral.zst,11620942,10366153,0.0108,0.0097,0.892,1.0,1.0,1.121,604800,9896478,0.9547
cf_allcolo.ns961.oracleGeneral.zst,4291330,129723,0.004,0.0001,0.0302,1.0,1.0,33.0807,604797,61225,0.472
cf_allcolo.ns959.oracleGeneral.zst,8508161,497846,0.0079,0.0005,0.0585,1.0,1.0,17.0899,604802,239236,0.4805
cf_allcolo.ns956.oracleGeneral.zst,18926382,2400439,0.0176,0.0022,0.1268,1.0,1.0,7.8846,604805,2247126,0.9361
cf_allcolo.ns94.oracleGeneral.zst,359174860,199946,0.3345,0.0002,0.0006,1.0,1.0,1796.3593,604808,193060,0.9656
cf_allcolo.ns931.oracleGeneral.zst,2383141,428440,0.0022,0.0004,0.1798,1.0,1.0,5.5624,604783,263029,0.6139
cf_allcolo.ns930.oracleGeneral.zst,1647709,294059,0.0015,0.0003,0.1785,1.0,1.0,5.6033,604788,132745,0.4514
cf_allcolo.ns911.oracleGeneral.zst,5222169,1020053,0.0049,0.0009,0.1953,1.0,1.0,5.1195,604799,339271,0.3326
cf_allcolo.ns91.oracleGeneral.zst,5075718,1256834,0.0047,0.0012,0.2476,1.0,1.0,4.0385,604793,943129,0.7504
cf_allcolo.ns905.oracleGeneral.zst,4105982,146940,0.0038,0.0001,0.0358,1.0,1.0,27.9433,604802,36812,0.2505
cf_allcolo.ns9.oracleGeneral.zst,30036927,686038,0.028,0.0006,0.0228,1.0,1.0,43.7832,604804,236626,0.3449
cf_allcolo.ns898.oracleGeneral.zst,5208551,308847,0.0049,0.0003,0.0593,1.0,1.0,16.8645,604797,105894,0.3429
cf_allcolo.ns897.oracleGeneral.zst,1416568,375453,0.0013,0.0003,0.265,1.0,1.0,3.773,604800,372572,0.9923
cf_allcolo.ns883.oracleGeneral.zst,8317005,6349581,0.0077,0.0059,0.7634,1.0,1.0,1.3099,604803,5470330,0.8615
cf_allcolo.ns878.oracleGeneral.zst,9962223,741128,0.0093,0.0007,0.0744,1.0,1.0,13.442,604801,416789,0.5624
cf_allcolo.ns867.oracleGeneral.zst,36606211,694878,0.0341,0.0006,0.019,1.0,1.0,52.6801,604802,236366,0.3402
cf_allcolo.ns857.oracleGeneral.zst,26047502,668895,0.0243,0.0006,0.0257,1.0,1.0,38.9411,604799,233237,0.3487
cf_allcolo.ns85.oracleGeneral.zst,236545286,4289601,0.2203,0.004,0.0181,1.0,1.0,55.1439,604807,2048542,0.4776
cf_allcolo.ns848.oracleGeneral.zst,3171479,106377,0.003,0.0001,0.0335,1.0,1.0,29.8136,604802,49029,0.4609
cf_allcolo.ns846.oracleGeneral.zst,1291569,1224590,0.0012,0.0011,0.9481,1.0,1.0,1.0547,604795,1166605,0.9526
cf_allcolo.ns840.oracleGeneral.zst,11285085,4237892,0.0105,0.0039,0.3755,1.0,1.0,2.6629,604800,2958799,0.6982
cf_allcolo.ns832.oracleGeneral.zst,4104963,1203497,0.0038,0.0011,0.2932,1.0,1.0,3.4109,604798,716878,0.5957
cf_allcolo.ns824.oracleGeneral.zst,16402125,167545,0.0153,0.0002,0.0102,1.0,1.0,97.8968,604806,159243,0.9504
cf_allcolo.ns821.oracleGeneral.zst,16075622,239908,0.015,0.0002,0.0149,1.0,1.0,67.0074,604802,14120,0.0589
cf_allcolo.ns820.oracleGeneral.zst,5890774,361440,0.0055,0.0003,0.0614,1.0,1.0,16.2981,604801,144559,0.4
cf_allcolo.ns817.oracleGeneral.zst,8173127,925316,0.0076,0.0009,0.1132,1.0,1.0,8.8328,604798,575172,0.6216
cf_allcolo.ns810.oracleGeneral.zst,12695962,1308585,0.0118,0.0012,0.1031,1.0,1.0,9.7021,604798,558086,0.4265
cf_allcolo.ns81.oracleGeneral.zst,43949330,2284728,0.0409,0.0021,0.052,1.0,1.0,19.2361,604808,950429,0.416
cf_allcolo.ns806.oracleGeneral.zst,4440620,124967,0.0041,0.0001,0.0281,1.0,1.0,35.5343,604791,38411,0.3074
cf_allcolo.ns803.oracleGeneral.zst,9704117,9471918,0.009,0.0088,0.9761,1.0,1.0,1.0245,604797,9407675,0.9932
cf_allcolo.ns80.oracleGeneral.zst,12725591,623232,0.0119,0.0006,0.049,1.0,1.0,20.4187,604802,580297,0.9311
cf_allcolo.ns8.oracleGeneral.zst,34314007,721207,0.032,0.0007,0.021,1.0,1.0,47.5786,604806,249800,0.3464
cf_allcolo.ns795.oracleGeneral.zst,4231876,191084,0.0039,0.0002,0.0452,1.0,1.0,22.1467,604800,70339,0.3681
cf_allcolo.ns787.oracleGeneral.zst,5615801,5555695,0.0052,0.0052,0.9893,1.0,1.0,1.0108,604795,5509688,0.9917
cf_allcolo.ns785.oracleGeneral.zst,1062890,369353,0.001,0.0003,0.3475,1.0,1.0,2.8777,604794,325053,0.8801
cf_allcolo.ns784.oracleGeneral.zst,2092426,336767,0.0019,0.0003,0.1609,1.0,1.0,6.2133,604801,327260,0.9718
cf_allcolo.ns783.oracleGeneral.zst,13662451,1091395,0.0127,0.001,0.0799,1.0,1.0,12.5183,604800,800536,0.7335
cf_allcolo.ns782.oracleGeneral.zst,28861079,742212,0.0269,0.0007,0.0257,1.0,1.0,38.8852,604802,258922,0.3489
cf_allcolo.ns769.oracleGeneral.zst,22909474,3522088,0.0213,0.0033,0.1537,1.0,1.0,6.5045,604801,2234010,0.6343
cf_allcolo.ns742.oracleGeneral.zst,28023580,418575,0.0261,0.0004,0.0149,1.0,1.0,66.95,604802,173953,0.4156
cf_allcolo.ns739.oracleGeneral.zst,7471262,428299,0.007,0.0004,0.0573,1.0,1.0,17.444,604800,422676,0.9869
cf_allcolo.ns738.oracleGeneral.zst,24106998,682953,0.0225,0.0006,0.0283,1.0,1.0,35.2982,604800,241209,0.3532
cf_allcolo.ns737874.oracleGeneral.zst,16376747,567132,0.0153,0.0005,0.0346,1.0,1.0,28.8764,487509,198504,0.35
cf_allcolo.ns734.oracleGeneral.zst,2637583,306185,0.0025,0.0003,0.1161,1.0,1.0,8.6143,604791,1556,0.0051
cf_allcolo.ns730.oracleGeneral.zst,3806225,306783,0.0035,0.0003,0.0806,1.0,1.0,12.4069,604797,260959,0.8506
cf_allcolo.ns73.oracleGeneral.zst,19037939,654103,0.0177,0.0006,0.0344,1.0,1.0,29.1054,604802,228565,0.3494
cf_allcolo.ns726989.oracleGeneral.zst,29367708,554951,0.0274,0.0005,0.0189,1.0,1.0,52.9195,492038,195437,0.3522
cf_allcolo.ns725.oracleGeneral.zst,12183505,9226774,0.0113,0.0086,0.7573,1.0,1.0,1.3205,604800,9153067,0.992
cf_allcolo.ns719.oracleGeneral.zst,1184902,140887,0.0011,0.0001,0.1189,1.0,1.0,8.4103,604769,135674,0.963
cf_allcolo.ns715.oracleGeneral.zst,2281965,1734429,0.0021,0.0016,0.7601,1.0,1.0,1.3157,604797,1304190,0.7519
cf_allcolo.ns711.oracleGeneral.zst,7994988,148278,0.0074,0.0001,0.0185,1.0,1.0,53.9189,604802,132251,0.8919
cf_allcolo.ns710.oracleGeneral.zst,18231551,657051,0.017,0.0006,0.036,1.0,1.0,27.7475,604801,228084,0.3471
cf_allcolo.ns71.oracleGeneral.zst,71290816,1047312,0.0664,0.001,0.0147,1.0,1.0,68.0703,604804,343759,0.3282
cf_allcolo.ns700.oracleGeneral.zst,2373161,790399,0.0022,0.0007,0.3331,1.0,1.0,3.0025,604783,764353,0.967
cf_allcolo.ns70.oracleGeneral.zst,41067440,1811402,0.0382,0.0017,0.0441,1.0,1.0,22.6716,604793,1800452,0.994
cf_allcolo.ns7.oracleGeneral.zst,227093192,90953416,0.2115,0.0847,0.4005,1.0,1.0,2.4968,604808,59446964,0.6536
cf_allcolo.ns698.oracleGeneral.zst,6016496,187658,0.0056,0.0002,0.0312,1.0,1.0,32.061,604800,84866,0.4522
cf_allcolo.ns697.oracleGeneral.zst,17360128,1158604,0.0162,0.0011,0.0667,1.0,1.0,14.9837,604802,984438,0.8497
cf_allcolo.ns696.oracleGeneral.zst,1032514,256721,0.001,0.0002,0.2486,1.0,1.0,4.0219,604792,252400,0.9832
cf_allcolo.ns693.oracleGeneral.zst,6431088,1427646,0.006,0.0013,0.222,1.0,1.0,4.5047,604800,434008,0.304
cf_allcolo.ns692.oracleGeneral.zst,7930315,1042609,0.0074,0.001,0.1315,1.0,1.0,7.6062,604799,493764,0.4736
cf_allcolo.ns691.oracleGeneral.zst,3621430,252820,0.0034,0.0002,0.0698,1.0,1.0,14.3241,604793,147928,0.5851
cf_allcolo.ns688.oracleGeneral.zst,1110047,113319,0.001,0.0001,0.1021,1.0,1.0,9.7958,604805,63156,0.5573
cf_allcolo.ns680.oracleGeneral.zst,3978869,646974,0.0037,0.0006,0.1626,1.0,1.0,6.15,604786,403065,0.623
cf_allcolo.ns6724.oracleGeneral.zst,1306129,170480,0.0012,0.0002,0.1305,1.0,1.0,7.6615,604788,143207,0.84
cf_allcolo.ns67.oracleGeneral.zst,10802989,184108,0.0101,0.0002,0.017,1.0,1.0,58.6775,604800,62332,0.3386
cf_allcolo.ns664.oracleGeneral.zst,34892094,1598633,0.0325,0.0015,0.0458,1.0,1.0,21.8262,604804,3612,0.0023
cf_allcolo.ns66.oracleGeneral.zst,17148289,450447,0.016,0.0004,0.0263,1.0,1.0,38.0695,604799,180392,0.4005
cf_allcolo.ns6519.oracleGeneral.zst,2164718,413415,0.002,0.0004,0.191,1.0,1.0,5.2362,604794,311559,0.7536
cf_allcolo.ns650.oracleGeneral.zst,4273196,649817,0.004,0.0006,0.1521,1.0,1.0,6.576,604801,1545,0.0024
cf_allcolo.ns648.oracleGeneral.zst,33449061,164085,0.0312,0.0002,0.0049,1.0,1.0,203.852,604805,150295,0.916
cf_allcolo.ns647.oracleGeneral.zst,5290474,613166,0.0049,0.0006,0.1159,1.0,1.0,8.6281,604794,392254,0.6397
cf_allcolo.ns643.oracleGeneral.zst,1231632,229923,0.0011,0.0002,0.1867,1.0,1.0,5.3567,604797,165654,0.7205
cf_allcolo.ns639.oracleGeneral.zst,5979872,379414,0.0056,0.0004,0.0634,1.0,1.0,15.7608,604800,80801,0.213
cf_allcolo.ns6337.oracleGeneral.zst,1565072,140985,0.0015,0.0001,0.0901,1.0,1.0,11.101,604797,1037,0.0074
cf_allcolo.ns631.oracleGeneral.zst,18023909,135706,0.0168,0.0001,0.0075,1.0,1.0,132.8159,604804,71505,0.5269
cf_allcolo.ns630.oracleGeneral.zst,8668601,723859,0.0081,0.0007,0.0835,1.0,1.0,11.9755,604799,589859,0.8149
cf_allcolo.ns63.oracleGeneral.zst,32490457,4632623,0.0303,0.0043,0.1426,1.0,1.0,7.0134,604804,3191313,0.6889
cf_allcolo.ns6240.oracleGeneral.zst,2164381,804636,0.002,0.0007,0.3718,1.0,1.0,2.6899,604788,925,0.0011
cf_allcolo.ns62.oracleGeneral.zst,23200943,678135,0.0216,0.0006,0.0292,1.0,1.0,34.2129,604797,238016,0.351
cf_allcolo.ns613.oracleGeneral.zst,24843006,267018,0.0231,0.0002,0.0107,1.0,1.0,93.0387,604806,256786,0.9617
cf_allcolo.ns6129.oracleGeneral.zst,3641213,105410,0.0034,0.0001,0.0289,1.0,1.0,34.5433,604794,59934,0.5686
cf_allcolo.ns612.oracleGeneral.zst,6471472,709710,0.006,0.0007,0.1097,1.0,1.0,9.1185,604802,614236,0.8655
cf_allcolo.ns609.oracleGeneral.zst,39675957,338023,0.037,0.0003,0.0085,1.0,1.0,117.3765,604801,740,0.0022
cf_allcolo.ns606.oracleGeneral.zst,8860224,4146786,0.0083,0.0039,0.468,1.0,1.0,2.1366,604801,3064746,0.7391
cf_allcolo.ns602.oracleGeneral.zst,3864078,3312888,0.0036,0.0031,0.8574,1.0,1.0,1.1664,604798,2989910,0.9025
cf_allcolo.ns597.oracleGeneral.zst,2955281,657037,0.0028,0.0006,0.2223,1.0,1.0,4.4979,604790,623513,0.949
cf_allcolo.ns595.oracleGeneral.zst,5047931,2227360,0.0047,0.0021,0.4412,1.0,1.0,2.2663,604792,1432608,0.6432
cf_allcolo.ns594.oracleGeneral.zst,2297510,1736952,0.0021,0.0016,0.756,1.0,1.0,1.3227,604799,1563594,0.9002
cf_allcolo.ns59.oracleGeneral.zst,5671003,5524799,0.0053,0.0051,0.9742,1.0,1.0,1.0265,604798,5404760,0.9783
cf_allcolo.ns58.oracleGeneral.zst,138067374,7513455,0.1286,0.007,0.0544,1.0,1.0,18.376,604806,16467,0.0022
cf_allcolo.ns579.oracleGeneral.zst,1917229,494222,0.0018,0.0005,0.2578,1.0,1.0,3.8793,604781,414699,0.8391
cf_allcolo.ns576.oracleGeneral.zst,2028836,676515,0.0019,0.0006,0.3334,1.0,1.0,2.999,604797,651608,0.9632
cf_allcolo.ns5730.oracleGeneral.zst,11790632,304409,0.011,0.0003,0.0258,1.0,1.0,38.7329,604771,248587,0.8166
cf_allcolo.ns570.oracleGeneral.zst,1850776,1843916,0.0017,0.0017,0.9963,1.0,1.0,1.0037,604785,1837060,0.9963
cf_allcolo.ns57.oracleGeneral.zst,56158071,475324,0.0523,0.0004,0.0085,1.0,1.0,118.1469,604806,246042,0.5176
cf_allcolo.ns567.oracleGeneral.zst,31234766,13947258,0.0291,0.013,0.4465,1.0,1.0,2.2395,604802,13885995,0.9956
cf_allcolo.ns565.oracleGeneral.zst,42006646,856782,0.0391,0.0008,0.0204,1.0,1.0,49.0284,604806,815610,0.9519
cf_allcolo.ns562.oracleGeneral.zst,2819579,429939,0.0026,0.0004,0.1525,1.0,1.0,6.5581,604789,427421,0.9941
cf_allcolo.ns56.oracleGeneral.zst,66999487,4242970,0.0624,0.004,0.0633,1.0,1.0,15.7907,604807,2058485,0.4852
cf_allcolo.ns559.oracleGeneral.zst,13171346,1136769,0.0123,0.0011,0.0863,1.0,1.0,11.5867,604805,591504,0.5203
cf_allcolo.ns55.oracleGeneral.zst,484285732,277552,0.451,0.0003,0.0006,1.0,1.0,1744.8468,604806,193191,0.6961
cf_allcolo.ns549.oracleGeneral.zst,2679509,167652,0.0025,0.0002,0.0626,1.0,1.0,15.9826,604787,103737,0.6188
cf_allcolo.ns545.oracleGeneral.zst,14741335,367862,0.0137,0.0003,0.025,1.0,1.0,40.073,604802,183543,0.4989
cf_allcolo.ns54.oracleGeneral.zst,170826677,709323,0.1591,0.0007,0.0042,1.0,1.0,240.8306,604807,246253,0.3472
cf_allcolo.ns539.oracleGeneral.zst,1132463,461478,0.0011,0.0004,0.4075,1.0,1.0,2.454,604795,661,0.0014
cf_allcolo.ns537.oracleGeneral.zst,2676047,1441309,0.0025,0.0013,0.5386,1.0,1.0,1.8567,604794,1074304,0.7454
cf_allcolo.ns526.oracleGeneral.zst,8582050,5248694,0.008,0.0049,0.6116,1.0,1.0,1.6351,604802,5210458,0.9927
cf_allcolo.ns523.oracleGeneral.zst,14292897,112479,0.0133,0.0001,0.0079,1.0,1.0,127.0717,604800,105876,0.9413
cf_allcolo.ns52.oracleGeneral.zst,8907083,184635,0.0083,0.0002,0.0207,1.0,1.0,48.2416,604800,62227,0.337
cf_allcolo.ns513.oracleGeneral.zst,7905136,364938,0.0074,0.0003,0.0462,1.0,1.0,21.6616,604800,118196,0.3239
cf_allcolo.ns5116.oracleGeneral.zst,2272850,213844,0.0021,0.0002,0.0941,1.0,1.0,10.6285,604789,180785,0.8454
cf_allcolo.ns51.oracleGeneral.zst,20409332,528972,0.019,0.0005,0.0259,1.0,1.0,38.583,604802,130711,0.2471
cf_allcolo.ns509.oracleGeneral.zst,8241144,788766,0.0077,0.0007,0.0957,1.0,1.0,10.4481,604800,435917,0.5527
cf_allcolo.ns50.oracleGeneral.zst,272838219,1009015,0.2541,0.0009,0.0037,1.0,1.0,270.4006,604804,1002953,0.994
cf_allcolo.ns5.oracleGeneral.zst,618750607,444361,0.5763,0.0004,0.0007,1.0,1.0,1392.4503,604808,434554,0.9779
cf_allcolo.ns499.oracleGeneral.zst,7437433,169386,0.0069,0.0002,0.0228,1.0,1.0,43.9082,604803,114,0.0007
cf_allcolo.ns498.oracleGeneral.zst,7211817,113716,0.0067,0.0001,0.0158,1.0,1.0,63.4195,604795,112407,0.9885
cf_allcolo.ns497.oracleGeneral.zst,6159852,543576,0.0057,0.0005,0.0882,1.0,1.0,11.3321,604797,9597,0.0177
cf_allcolo.ns495.oracleGeneral.zst,1366402,306076,0.0013,0.0003,0.224,1.0,1.0,4.4643,604791,120436,0.3935
cf_allcolo.ns492.oracleGeneral.zst,48120157,329056,0.0448,0.0003,0.0068,1.0,1.0,146.237,604803,108737,0.3305
cf_allcolo.ns49.oracleGeneral.zst,893614458,30075193,0.8322,0.028,0.0337,1.0,1.0,29.7127,604809,9155445,0.3044
cf_allcolo.ns489.oracleGeneral.zst,10796166,1291414,0.0101,0.0012,0.1196,1.0,1.0,8.36,604807,255406,0.1978
cf_allcolo.ns4821.oracleGeneral.zst,1537626,255227,0.0014,0.0002,0.166,1.0,1.0,6.0245,604790,35682,0.1398
cf_allcolo.ns480.oracleGeneral.zst,4214386,806689,0.0039,0.0008,0.1914,1.0,1.0,5.2243,604797,519404,0.6439
cf_allcolo.ns479.oracleGeneral.zst,3600737,611915,0.0034,0.0006,0.1699,1.0,1.0,5.8844,604801,789,0.0013
cf_allcolo.ns478.oracleGeneral.zst,1012707,168313,0.0009,0.0002,0.1662,1.0,1.0,6.0168,604798,161955,0.9622
cf_allcolo.ns473.oracleGeneral.zst,33544948,170585,0.0312,0.0002,0.0051,1.0,1.0,196.6465,604805,67565,0.3961
cf_allcolo.ns468.oracleGeneral.zst,1769399,104429,0.0016,0.0001,0.059,1.0,1.0,16.9436,604795,80014,0.7662
cf_allcolo.ns46.oracleGeneral.zst,55961978,6319182,0.0521,0.0059,0.1129,1.0,1.0,8.8559,604803,2078558,0.3289
cf_allcolo.ns456.oracleGeneral.zst,25107510,2169056,0.0234,0.002,0.0864,1.0,1.0,11.5753,604796,1647338,0.7595
cf_allcolo.ns4530.oracleGeneral.zst,1029466,319819,0.001,0.0003,0.3107,1.0,1.0,3.2189,604782,307386,0.9611
cf_allcolo.ns452.oracleGeneral.zst,6386134,253616,0.0059,0.0002,0.0397,1.0,1.0,25.1803,604803,234197,0.9234
cf_allcolo.ns45.oracleGeneral.zst,84367075,802989,0.0786,0.0007,0.0095,1.0,1.0,105.0663,604804,212408,0.2645
cf_allcolo.ns4458.oracleGeneral.zst,1387772,501509,0.0013,0.0005,0.3614,1.0,1.0,2.7672,604794,422648,0.8428
cf_allcolo.ns444.oracleGeneral.zst,2816792,475113,0.0026,0.0004,0.1687,1.0,1.0,5.9287,604795,183013,0.3852
cf_allcolo.ns44.oracleGeneral.zst,9021190,272767,0.0084,0.0003,0.0302,1.0,1.0,33.0729,604799,89410,0.3278
cf_allcolo.ns4397.oracleGeneral.zst,1403986,741993,0.0013,0.0007,0.5285,1.0,1.0,1.8922,604781,684969,0.9231
cf_allcolo.ns437.oracleGeneral.zst,7716692,6546354,0.0072,0.0061,0.8483,1.0,1.0,1.1788,604798,6417943,0.9804
cf_allcolo.ns436.oracleGeneral.zst,6646944,663061,0.0062,0.0006,0.0998,1.0,1.0,10.0246,604794,443254,0.6685
cf_allcolo.ns4336.oracleGeneral.zst,1620001,380702,0.0015,0.0004,0.235,1.0,1.0,4.2553,604780,216228,0.568
cf_allcolo.ns433.oracleGeneral.zst,20061015,3597359,0.0187,0.0034,0.1793,1.0,1.0,5.5766,604800,3522100,0.9791
cf_allcolo.ns432.oracleGeneral.zst,4773685,186904,0.0044,0.0002,0.0392,1.0,1.0,25.5408,604790,147335,0.7883
cf_allcolo.ns431.oracleGeneral.zst,21901362,634099,0.0204,0.0006,0.029,1.0,1.0,34.5393,604802,229674,0.3622
cf_allcolo.ns4301.oracleGeneral.zst,4082189,1013847,0.0038,0.0009,0.2484,1.0,1.0,4.0264,604801,604018,0.5958
cf_allcolo.ns4269.oracleGeneral.zst,4344996,191300,0.004,0.0002,0.044,1.0,1.0,22.713,604798,70444,0.3682
cf_allcolo.ns4261.oracleGeneral.zst,4649462,191626,0.0043,0.0002,0.0412,1.0,1.0,24.2632,604795,70480,0.3678
cf_allcolo.ns4244.oracleGeneral.zst,4156454,188478,0.0039,0.0002,0.0453,1.0,1.0,22.0527,604796,69231,0.3673
cf_allcolo.ns424.oracleGeneral.zst,39410453,572068,0.0367,0.0005,0.0145,1.0,1.0,68.8912,604808,309638,0.5413
cf_allcolo.ns4217.oracleGeneral.zst,1432334,591534,0.0013,0.0006,0.413,1.0,1.0,2.4214,604787,555893,0.9397
cf_allcolo.ns420.oracleGeneral.zst,34801196,137303,0.0324,0.0001,0.0039,1.0,1.0,253.4628,604806,11417,0.0832
cf_allcolo.ns42.oracleGeneral.zst,477033770,83305689,0.4443,0.0776,0.1746,1.0,1.0,5.7263,604806,1895101,0.0227
cf_allcolo.ns417.oracleGeneral.zst,55402894,667516,0.0516,0.0006,0.012,1.0,1.0,82.9986,604803,235116,0.3522
cf_allcolo.ns414.oracleGeneral.zst,1771476,126279,0.0016,0.0001,0.0713,1.0,1.0,14.0283,604793,64879,0.5138
cf_allcolo.ns413.oracleGeneral.zst,32729905,552581,0.0305,0.0005,0.0169,1.0,1.0,59.231,604802,53099,0.0961
cf_allcolo.ns408.oracleGeneral.zst,24184586,1221731,0.0225,0.0011,0.0505,1.0,1.0,19.7953,604801,1087311,0.89
cf_allcolo.ns403.oracleGeneral.zst,3329464,3303813,0.0031,0.0031,0.9923,1.0,1.0,1.0078,604803,3278340,0.9923
cf_allcolo.ns4.oracleGeneral.zst,1382047759,123588137,1.2871,0.1151,0.0894,1.0,1.0,11.1827,604809,87705132,0.7097
cf_allcolo.ns3985.oracleGeneral.zst,3135587,104689,0.0029,0.0001,0.0334,1.0,1.0,29.9514,604776,34726,0.3317
cf_allcolo.ns3967.oracleGeneral.zst,1744878,125634,0.0016,0.0001,0.072,1.0,1.0,13.8886,604790,64930,0.5168
cf_allcolo.ns3965.oracleGeneral.zst,2503682,169480,0.0023,0.0002,0.0677,1.0,1.0,14.7727,604796,133,0.0008
cf_allcolo.ns3948.oracleGeneral.zst,2211179,872712,0.0021,0.0008,0.3947,1.0,1.0,2.5337,604788,631274,0.7233
cf_allcolo.ns389.oracleGeneral.zst,36314234,649797,0.0338,0.0006,0.0179,1.0,1.0,55.8855,604803,394760,0.6075
cf_allcolo.ns3861.oracleGeneral.zst,15487592,263939,0.0144,0.0002,0.017,1.0,1.0,58.6787,604799,141,0.0005
cf_allcolo.ns382.oracleGeneral.zst,4239585,182291,0.0039,0.0002,0.043,1.0,1.0,23.2572,604795,66737,0.3661
cf_allcolo.ns3815.oracleGeneral.zst,2347655,1154728,0.0022,0.0011,0.4919,1.0,1.0,2.0331,604794,1113289,0.9641
cf_allcolo.ns3812.oracleGeneral.zst,1482893,297083,0.0014,0.0003,0.2003,1.0,1.0,4.9915,604758,181407,0.6106
cf_allcolo.ns380.oracleGeneral.zst,32816528,158219,0.0306,0.0001,0.0048,1.0,1.0,207.4121,604807,156206,0.9873
cf_allcolo.ns379.oracleGeneral.zst,4333717,188636,0.004,0.0002,0.0435,1.0,1.0,22.974,604794,69434,0.3681
cf_allcolo.ns378.oracleGeneral.zst,4467203,191697,0.0042,0.0002,0.0429,1.0,1.0,23.3035,604789,70556,0.3681
cf_allcolo.ns377.oracleGeneral.zst,4424584,191499,0.0041,0.0002,0.0433,1.0,1.0,23.105,604797,71255,0.3721
cf_allcolo.ns376.oracleGeneral.zst,3907848,180722,0.0036,0.0002,0.0462,1.0,1.0,21.6235,604794,67700,0.3746
cf_allcolo.ns375.oracleGeneral.zst,4319498,189378,0.004,0.0002,0.0438,1.0,1.0,22.8089,604801,69474,0.3669
cf_allcolo.ns374.oracleGeneral.zst,4320067,191430,0.004,0.0002,0.0443,1.0,1.0,22.5673,604803,70912,0.3704
cf_allcolo.ns373.oracleGeneral.zst,4376353,190041,0.0041,0.0002,0.0434,1.0,1.0,23.0285,604804,70204,0.3694
cf_allcolo.ns370.oracleGeneral.zst,34470035,215837,0.0321,0.0002,0.0063,1.0,1.0,159.704,604801,38752,0.1795
cf_allcolo.ns37.oracleGeneral.zst,16741483,114736,0.0156,0.0001,0.0069,1.0,1.0,145.9131,604801,41293,0.3599
cf_allcolo.ns3693.oracleGeneral.zst,1774865,1576264,0.0017,0.0015,0.8881,1.0,1.0,1.126,604776,1487787,0.9439
cf_allcolo.ns368.oracleGeneral.zst,4367058,188557,0.0041,0.0002,0.0432,1.0,1.0,23.1604,604796,69410,0.3681
cf_allcolo.ns367.oracleGeneral.zst,4425171,192208,0.0041,0.0002,0.0434,1.0,1.0,23.0228,604792,70779,0.3682
cf_allcolo.ns366.oracleGeneral.zst,4426024,191328,0.0041,0.0002,0.0432,1.0,1.0,23.1332,604785,70103,0.3664
cf_allcolo.ns3652.oracleGeneral.zst,2340065,402659,0.0022,0.0004,0.1721,1.0,1.0,5.8115,604801,234216,0.5817
cf_allcolo.ns3642.oracleGeneral.zst,1620818,371492,0.0015,0.0003,0.2292,1.0,1.0,4.363,604796,366389,0.9863
cf_allcolo.ns3641.oracleGeneral.zst,1663523,1586597,0.0015,0.0015,0.9538,1.0,1.0,1.0485,604804,1523443,0.9602
cf_allcolo.ns362.oracleGeneral.zst,37333006,1785650,0.0348,0.0017,0.0478,1.0,1.0,20.9072,604801,560302,0.3138
cf_allcolo.ns361.oracleGeneral.zst,4250318,191361,0.004,0.0002,0.045,1.0,1.0,22.211,604797,70345,0.3676
cf_allcolo.ns359.oracleGeneral.zst,4260099,191140,0.004,0.0002,0.0449,1.0,1.0,22.2878,604791,70318,0.3679
cf_allcolo.ns357.oracleGeneral.zst,28025325,1246528,0.0261,0.0012,0.0445,1.0,1.0,22.4827,604803,515794,0.4138
cf_allcolo.ns353.oracleGeneral.zst,8904910,383031,0.0083,0.0004,0.043,1.0,1.0,23.2485,604806,135188,0.3529
cf_allcolo.ns3493.oracleGeneral.zst,3777199,181008,0.0035,0.0002,0.0479,1.0,1.0,20.8676,604792,67780,0.3745
cf_allcolo.ns349.oracleGeneral.zst,40707283,36107369,0.0379,0.0336,0.887,1.0,1.0,1.1274,604804,35792058,0.9913
cf_allcolo.ns346.oracleGeneral.zst,9613248,155130,0.009,0.0001,0.0161,1.0,1.0,61.969,604795,8798,0.0567
cf_allcolo.ns3453.oracleGeneral.zst,4236152,182323,0.0039,0.0002,0.043,1.0,1.0,23.2343,604789,66830,0.3665
cf_allcolo.ns345.oracleGeneral.zst,3226504,625105,0.003,0.0006,0.1937,1.0,1.0,5.1615,604796,219550,0.3512
cf_allcolo.ns344.oracleGeneral.zst,9268056,222723,0.0086,0.0002,0.024,1.0,1.0,41.6125,604803,87557,0.3931
cf_allcolo.ns3413.oracleGeneral.zst,4231618,181806,0.0039,0.0002,0.043,1.0,1.0,23.2755,604785,66026,0.3632
cf_allcolo.ns3411.oracleGeneral.zst,4283104,191959,0.004,0.0002,0.0448,1.0,1.0,22.3126,604795,70505,0.3673
cf_allcolo.ns341.oracleGeneral.zst,15544415,931699,0.0145,0.0009,0.0599,1.0,1.0,16.6839,604804,408437,0.4384
cf_allcolo.ns34.oracleGeneral.zst,1681432,231751,0.0016,0.0002,0.1378,1.0,1.0,7.2553,604792,127753,0.5513
cf_allcolo.ns3398.oracleGeneral.zst,4361505,190841,0.0041,0.0002,0.0438,1.0,1.0,22.8541,604783,70183,0.3678
cf_allcolo.ns3397.oracleGeneral.zst,4371195,191144,0.0041,0.0002,0.0437,1.0,1.0,22.8686,604791,70673,0.3697
cf_allcolo.ns3383.oracleGeneral.zst,1254998,451963,0.0012,0.0004,0.3601,1.0,1.0,2.7768,604788,321064,0.7104
cf_allcolo.ns332.oracleGeneral.zst,25074596,1982629,0.0234,0.0018,0.0791,1.0,1.0,12.6471,604803,1793,0.0009
cf_allcolo.ns3300.oracleGeneral.zst,1296526,198619,0.0012,0.0002,0.1532,1.0,1.0,6.5277,604773,189363,0.9534
cf_allcolo.ns329.oracleGeneral.zst,1610435,486656,0.0015,0.0005,0.3022,1.0,1.0,3.3092,604788,462019,0.9494
cf_allcolo.ns3273.oracleGeneral.zst,2345499,759213,0.0022,0.0007,0.3237,1.0,1.0,3.0894,604786,716392,0.9436
cf_allcolo.ns325.oracleGeneral.zst,5187764,168561,0.0048,0.0002,0.0325,1.0,1.0,30.7768,604793,53725,0.3187
cf_allcolo.ns322.oracleGeneral.zst,28611448,2982605,0.0266,0.0028,0.1042,1.0,1.0,9.5928,604805,2913858,0.977
cf_allcolo.ns321.oracleGeneral.zst,9088811,294917,0.0085,0.0003,0.0324,1.0,1.0,30.8182,604803,248865,0.8438
cf_allcolo.ns32.oracleGeneral.zst,59207085,727266,0.0551,0.0007,0.0123,1.0,1.0,81.4105,604801,266685,0.3667
cf_allcolo.ns3177.oracleGeneral.zst,1366167,1351507,0.0013,0.0013,0.9893,1.0,1.0,1.0108,604799,1337116,0.9894
cf_allcolo.ns317.oracleGeneral.zst,17396530,17331479,0.0162,0.0161,0.9963,1.0,1.0,1.0038,604806,17266518,0.9963
cf_allcolo.ns315.oracleGeneral.zst,46810885,176846,0.0436,0.0002,0.0038,1.0,1.0,264.6986,604802,154,0.0009
cf_allcolo.ns3149.oracleGeneral.zst,6504662,305859,0.0061,0.0003,0.047,1.0,1.0,21.2669,604805,247435,0.809
cf_allcolo.ns3139.oracleGeneral.zst,4129263,241506,0.0038,0.0002,0.0585,1.0,1.0,17.098,604781,161607,0.6692
cf_allcolo.ns312.oracleGeneral.zst,8780879,125522,0.0082,0.0001,0.0143,1.0,1.0,69.9549,604804,34019,0.271
cf_allcolo.ns311.oracleGeneral.zst,2874441,1472229,0.0027,0.0014,0.5122,1.0,1.0,1.9524,604805,1376265,0.9348
cf_allcolo.ns3100.oracleGeneral.zst,1163606,113104,0.0011,0.0001,0.0972,1.0,1.0,10.2879,604791,111805,0.9885
cf_allcolo.ns31.oracleGeneral.zst,128190074,6798520,0.1194,0.0063,0.053,1.0,1.0,18.8556,604807,4312042,0.6343
cf_allcolo.ns3097.oracleGeneral.zst,4280401,189800,0.004,0.0002,0.0443,1.0,1.0,22.5522,604789,69902,0.3683
cf_allcolo.ns3092.oracleGeneral.zst,1269129,1259457,0.0012,0.0012,0.9924,1.0,1.0,1.0077,604800,1252466,0.9944
cf_allcolo.ns3061.oracleGeneral.zst,2431915,1192256,0.0023,0.0011,0.4903,1.0,1.0,2.0398,604798,2239,0.0019
cf_allcolo.ns3054.oracleGeneral.zst,1200636,391444,0.0011,0.0004,0.326,1.0,1.0,3.0672,604793,258536,0.6605
cf_allcolo.ns3046.oracleGeneral.zst,1035250,155769,0.001,0.0001,0.1505,1.0,1.0,6.6461,604790,75112,0.4822
cf_allcolo.ns304.oracleGeneral.zst,2320222,2298777,0.0022,0.0021,0.9908,1.0,1.0,1.0093,604799,2277519,0.9908
cf_allcolo.ns302.oracleGeneral.zst,4985432,210503,0.0046,0.0002,0.0422,1.0,1.0,23.6834,604792,105827,0.5027
cf_allcolo.ns30.oracleGeneral.zst,125718356,3751790,0.1171,0.0035,0.0298,1.0,1.0,33.5089,604809,3116809,0.8308
cf_allcolo.ns3.oracleGeneral.zst,655311644,40783884,0.6103,0.038,0.0622,1.0,1.0,16.0679,604808,21270104,0.5215
cf_allcolo.ns299.oracleGeneral.zst,4689489,144656,0.0044,0.0001,0.0308,1.0,1.0,32.4182,604798,37468,0.259
cf_allcolo.ns2980.oracleGeneral.zst,4454226,191820,0.0041,0.0002,0.0431,1.0,1.0,23.2209,604786,70732,0.3687
cf_allcolo.ns298.oracleGeneral.zst,6776947,101649,0.0063,0.0001,0.015,1.0,1.0,66.6701,604797,11911,0.1172
cf_allcolo.ns2976.oracleGeneral.zst,1188968,145216,0.0011,0.0001,0.1221,1.0,1.0,8.1876,604785,156,0.0011
cf_allcolo.ns2975.oracleGeneral.zst,4369265,190797,0.0041,0.0002,0.0437,1.0,1.0,22.9001,604797,70844,0.3713
cf_allcolo.ns297.oracleGeneral.zst,19978630,13215454,0.0186,0.0123,0.6615,1.0,1.0,1.5118,604802,12950592,0.98
cf_allcolo.ns2968.oracleGeneral.zst,4504158,190782,0.0042,0.0002,0.0424,1.0,1.0,23.6089,604785,70092,0.3674
cf_allcolo.ns2963.oracleGeneral.zst,4370870,192129,0.0041,0.0002,0.044,1.0,1.0,22.7497,604790,70874,0.3689
cf_allcolo.ns2959.oracleGeneral.zst,2182677,382932,0.002,0.0004,0.1754,1.0,1.0,5.6999,604794,312559,0.8162
cf_allcolo.ns2957.oracleGeneral.zst,1039294,1027617,0.001,0.001,0.9888,1.0,1.0,1.0114,604782,1015946,0.9886
cf_allcolo.ns2941.oracleGeneral.zst,8074905,332134,0.0075,0.0003,0.0411,1.0,1.0,24.3122,604797,2572,0.0077
cf_allcolo.ns294.oracleGeneral.zst,8559871,214147,0.008,0.0002,0.025,1.0,1.0,39.9719,604801,93417,0.4362
cf_allcolo.ns2930.oracleGeneral.zst,2123437,100394,0.002,0.0001,0.0473,1.0,1.0,21.151,604776,16368,0.163
cf_allcolo.ns2927.oracleGeneral.zst,1565714,106565,0.0015,0.0001,0.0681,1.0,1.0,14.6926,604782,83715,0.7856
cf_allcolo.ns2925.oracleGeneral.zst,4297819,190716,0.004,0.0002,0.0444,1.0,1.0,22.5352,604779,70153,0.3678
cf_allcolo.ns291.oracleGeneral.zst,7693229,164172,0.0072,0.0002,0.0213,1.0,1.0,46.8608,604796,370,0.0023
cf_allcolo.ns2908.oracleGeneral.zst,4862191,673933,0.0045,0.0006,0.1386,1.0,1.0,7.2147,604799,420005,0.6232
cf_allcolo.ns2904.oracleGeneral.zst,4197451,190443,0.0039,0.0002,0.0454,1.0,1.0,22.0405,604790,69852,0.3668
cf_allcolo.ns2903.oracleGeneral.zst,3685990,180545,0.0034,0.0002,0.049,1.0,1.0,20.4159,604785,67099,0.3716
cf_allcolo.ns2901.oracleGeneral.zst,4389451,191268,0.0041,0.0002,0.0436,1.0,1.0,22.9492,604787,70450,0.3683
cf_allcolo.ns2893.oracleGeneral.zst,4282701,190683,0.004,0.0002,0.0445,1.0,1.0,22.4598,604790,70149,0.3679
cf_allcolo.ns2892.oracleGeneral.zst,4237023,191223,0.0039,0.0002,0.0451,1.0,1.0,22.1575,604793,70149,0.3668
cf_allcolo.ns2886.oracleGeneral.zst,4229096,190440,0.0039,0.0002,0.045,1.0,1.0,22.207,604798,70266,0.369
cf_allcolo.ns2871.oracleGeneral.zst,4317288,191185,0.004,0.0002,0.0443,1.0,1.0,22.5817,604784,70370,0.3681
cf_allcolo.ns2863.oracleGeneral.zst,4361661,191480,0.0041,0.0002,0.0439,1.0,1.0,22.7787,604786,70680,0.3691
cf_allcolo.ns2861.oracleGeneral.zst,5161431,108098,0.0048,0.0001,0.0209,1.0,1.0,47.7477,604791,66315,0.6135
cf_allcolo.ns2856.oracleGeneral.zst,10084349,381702,0.0094,0.0004,0.0379,1.0,1.0,26.4194,604791,143510,0.376
cf_allcolo.ns2778.oracleGeneral.zst,1102697,427144,0.001,0.0004,0.3874,1.0,1.0,2.5816,604798,842,0.002
cf_allcolo.ns277.oracleGeneral.zst,11889199,103447,0.0111,0.0001,0.0087,1.0,1.0,114.9303,604801,215,0.0021
cf_allcolo.ns2758.oracleGeneral.zst,2763299,101528,0.0026,0.0001,0.0367,1.0,1.0,27.2171,604791,101116,0.9959
cf_allcolo.ns274.oracleGeneral.zst,3168264,544081,0.003,0.0005,0.1717,1.0,1.0,5.8231,604793,292863,0.5383
cf_allcolo.ns271.oracleGeneral.zst,36469415,29990590,0.034,0.0279,0.8223,1.0,1.0,1.216,604803,26858960,0.8956
cf_allcolo.ns2702.oracleGeneral.zst,1234324,289209,0.0011,0.0003,0.2343,1.0,1.0,4.2679,604792,375,0.0013
cf_allcolo.ns270.oracleGeneral.zst,17414977,957391,0.0162,0.0009,0.055,1.0,1.0,18.19,604802,944917,0.987
cf_allcolo.ns267.oracleGeneral.zst,6301219,103888,0.0059,0.0001,0.0165,1.0,1.0,60.654,604798,84207,0.8106
cf_allcolo.ns2654.oracleGeneral.zst,4406674,193457,0.0041,0.0002,0.0439,1.0,1.0,22.7786,604799,71877,0.3715
cf_allcolo.ns2652.oracleGeneral.zst,3097195,115017,0.0029,0.0001,0.0371,1.0,1.0,26.9281,604790,72799,0.6329
cf_allcolo.ns2647.oracleGeneral.zst,3038746,190578,0.0028,0.0002,0.0627,1.0,1.0,15.9449,604791,227,0.0012
cf_allcolo.ns2638.oracleGeneral.zst,4424432,191442,0.0041,0.0002,0.0433,1.0,1.0,23.1111,604796,70373,0.3676
cf_allcolo.ns2637.oracleGeneral.zst,4340144,191527,0.004,0.0002,0.0441,1.0,1.0,22.6607,604787,70612,0.3687
cf_allcolo.ns261.oracleGeneral.zst,1881610,242129,0.0018,0.0002,0.1287,1.0,1.0,7.7711,604796,108847,0.4495
cf_allcolo.ns26.oracleGeneral.zst,624094508,1076996,0.5812,0.001,0.0017,1.0,1.0,579.4771,604808,273325,0.2538
cf_allcolo.ns2589.oracleGeneral.zst,7525472,244356,0.007,0.0002,0.0325,1.0,1.0,30.7972,604791,75906,0.3106
cf_allcolo.ns2570.oracleGeneral.zst,2201694,165914,0.0021,0.0002,0.0754,1.0,1.0,13.2701,604803,160930,0.97
cf_allcolo.ns257.oracleGeneral.zst,48538268,250633,0.0452,0.0002,0.0052,1.0,1.0,193.6627,604805,49761,0.1985
cf_allcolo.ns2561.oracleGeneral.zst,5326096,169301,0.005,0.0002,0.0318,1.0,1.0,31.4593,604791,55133,0.3257
cf_allcolo.ns256.oracleGeneral.zst,21236651,594153,0.0198,0.0006,0.028,1.0,1.0,35.7427,604807,167816,0.2824
cf_allcolo.ns2539.oracleGeneral.zst,10674358,160880,0.0099,0.0001,0.0151,1.0,1.0,66.3498,604798,20376,0.1267
cf_allcolo.ns2533.oracleGeneral.zst,6465443,965602,0.006,0.0009,0.1493,1.0,1.0,6.6958,604794,507985,0.5261
cf_allcolo.ns2527.oracleGeneral.zst,6765863,3277781,0.0063,0.0031,0.4845,1.0,1.0,2.0642,604794,2690113,0.8207
cf_allcolo.ns2526.oracleGeneral.zst,3381750,398790,0.0031,0.0004,0.1179,1.0,1.0,8.48,604796,264125,0.6623
cf_allcolo.ns2518.oracleGeneral.zst,1663880,1607848,0.0015,0.0015,0.9663,1.0,1.0,1.0348,604792,1556130,0.9678
cf_allcolo.ns2507.oracleGeneral.zst,1514403,1498593,0.0014,0.0014,0.9896,1.0,1.0,1.0105,604793,1487986,0.9929
cf_allcolo.ns2501.oracleGeneral.zst,3003755,439432,0.0028,0.0004,0.1463,1.0,1.0,6.8355,604770,185533,0.4222
cf_allcolo.ns248.oracleGeneral.zst,34374622,1577174,0.032,0.0015,0.0459,1.0,1.0,21.7951,604804,747212,0.4738
cf_allcolo.ns242.oracleGeneral.zst,10802225,270264,0.0101,0.0003,0.025,1.0,1.0,39.9692,604802,147424,0.5455
cf_allcolo.ns241.oracleGeneral.zst,17087462,269207,0.0159,0.0003,0.0158,1.0,1.0,63.4733,604804,146575,0.5445
cf_allcolo.ns24.oracleGeneral.zst,115011307,234959,0.1071,0.0002,0.002,1.0,1.0,489.4952,604803,62249,0.2649
cf_allcolo.ns2378.oracleGeneral.zst,4253977,1177518,0.004,0.0011,0.2768,1.0,1.0,3.6127,604797,869303,0.7383
cf_allcolo.ns236.oracleGeneral.zst,3616057,373446,0.0034,0.0003,0.1033,1.0,1.0,9.6829,604801,194633,0.5212
cf_allcolo.ns2340.oracleGeneral.zst,12211736,270068,0.0114,0.0003,0.0221,1.0,1.0,45.2173,604800,186538,0.6907
cf_allcolo.ns2338.oracleGeneral.zst,16314066,393425,0.0152,0.0004,0.0241,1.0,1.0,41.4668,604787,378692,0.9626
cf_allcolo.ns2335.oracleGeneral.zst,91514994,628561,0.0852,0.0006,0.0069,1.0,1.0,145.5945,604803,222367,0.3538
cf_allcolo.ns233.oracleGeneral.zst,58373546,965403,0.0544,0.0009,0.0165,1.0,1.0,60.4655,604803,356880,0.3697
cf_allcolo.ns2313.oracleGeneral.zst,21500270,1713173,0.02,0.0016,0.0797,1.0,1.0,12.55,604794,1491,0.0009
cf_allcolo.ns231.oracleGeneral.zst,13926853,310392,0.013,0.0003,0.0223,1.0,1.0,44.8686,604805,121532,0.3915
cf_allcolo.ns2302.oracleGeneral.zst,12030056,603482,0.0112,0.0006,0.0502,1.0,1.0,19.9344,604791,319943,0.5302
cf_allcolo.ns2301.oracleGeneral.zst,37093779,1788125,0.0345,0.0017,0.0482,1.0,1.0,20.7445,604806,559061,0.3127
cf_allcolo.ns23.oracleGeneral.zst,1790212633,27280364,1.6673,0.0254,0.0152,1.0,1.0,65.6228,604809,20916269,0.7667
cf_allcolo.ns2297.oracleGeneral.zst,1534608,419669,0.0014,0.0004,0.2735,1.0,1.0,3.6567,604788,313701,0.7475
cf_allcolo.ns2290.oracleGeneral.zst,2111028,330569,0.002,0.0003,0.1566,1.0,1.0,6.386,604790,193752,0.5861
cf_allcolo.ns2284.oracleGeneral.zst,15344001,405162,0.0143,0.0004,0.0264,1.0,1.0,37.8713,604798,128480,0.3171
cf_allcolo.ns2283.oracleGeneral.zst,1643480,1050269,0.0015,0.001,0.6391,1.0,1.0,1.5648,604790,871732,0.83
cf_allcolo.ns2281.oracleGeneral.zst,1535691,117001,0.0014,0.0001,0.0762,1.0,1.0,13.1255,604788,6877,0.0588
cf_allcolo.ns2280.oracleGeneral.zst,28674061,786913,0.0267,0.0007,0.0274,1.0,1.0,36.4387,604796,325296,0.4134
cf_allcolo.ns2272.oracleGeneral.zst,1248410,543742,0.0012,0.0005,0.4355,1.0,1.0,2.296,604790,387620,0.7129
cf_allcolo.ns226.oracleGeneral.zst,35787141,905495,0.0333,0.0008,0.0253,1.0,1.0,39.5222,604807,407499,0.45
cf_allcolo.ns2258.oracleGeneral.zst,1173987,191115,0.0011,0.0002,0.1628,1.0,1.0,6.1428,604788,116858,0.6115
cf_allcolo.ns2255.oracleGeneral.zst,3171981,1879813,0.003,0.0018,0.5926,1.0,1.0,1.6874,604794,1640167,0.8725
cf_allcolo.ns2251.oracleGeneral.zst,1714219,290764,0.0016,0.0003,0.1696,1.0,1.0,5.8956,604787,239004,0.822
cf_allcolo.ns225.oracleGeneral.zst,18445051,449226,0.0172,0.0004,0.0244,1.0,1.0,41.0596,604805,135445,0.3015
cf_allcolo.ns2243.oracleGeneral.zst,1961563,531787,0.0018,0.0005,0.2711,1.0,1.0,3.6886,604796,191581,0.3603
cf_allcolo.ns2208.oracleGeneral.zst,2203612,872837,0.0021,0.0008,0.3961,1.0,1.0,2.5247,604793,631539,0.7235
cf_allcolo.ns2202.oracleGeneral.zst,16391692,2617506,0.0153,0.0024,0.1597,1.0,1.0,6.2623,604794,1573146,0.601
cf_allcolo.ns22.oracleGeneral.zst,12881288,1235085,0.012,0.0012,0.0959,1.0,1.0,10.4295,604801,657941,0.5327
cf_allcolo.ns2192.oracleGeneral.zst,10710344,686445,0.01,0.0006,0.0641,1.0,1.0,15.6026,604799,462951,0.6744
cf_allcolo.ns219.oracleGeneral.zst,48389557,122917,0.0451,0.0001,0.0025,1.0,1.0,393.6767,604808,33042,0.2688
cf_allcolo.ns2181.oracleGeneral.zst,1194786,122217,0.0011,0.0001,0.1023,1.0,1.0,9.7759,604790,50452,0.4128
cf_allcolo.ns218.oracleGeneral.zst,103174175,9226475,0.0961,0.0086,0.0894,1.0,1.0,11.1824,604804,4995333,0.5414
cf_allcolo.ns2170.oracleGeneral.zst,1253809,124131,0.0012,0.0001,0.099,1.0,1.0,10.1007,604800,17949,0.1446
cf_allcolo.ns214.oracleGeneral.zst,138096963,7516627,0.1286,0.007,0.0544,1.0,1.0,18.3722,604806,16618,0.0022
cf_allcolo.ns2138.oracleGeneral.zst,2918142,1171580,0.0027,0.0011,0.4015,1.0,1.0,2.4908,604794,891272,0.7607
cf_allcolo.ns2136.oracleGeneral.zst,106402644,5570233,0.0991,0.0052,0.0524,1.0,1.0,19.102,604804,2534096,0.4549
cf_allcolo.ns2135.oracleGeneral.zst,2981790,533140,0.0028,0.0005,0.1788,1.0,1.0,5.5929,604790,349867,0.6562
cf_allcolo.ns2117.oracleGeneral.zst,2980761,136886,0.0028,0.0001,0.0459,1.0,1.0,21.7755,604797,59650,0.4358
cf_allcolo.ns2115.oracleGeneral.zst,4235854,191055,0.0039,0.0002,0.0451,1.0,1.0,22.1709,604791,70456,0.3688
cf_allcolo.ns2113.oracleGeneral.zst,1271824,311222,0.0012,0.0003,0.2447,1.0,1.0,4.0865,604781,306987,0.9864
cf_allcolo.ns2106.oracleGeneral.zst,2882954,668284,0.0027,0.0006,0.2318,1.0,1.0,4.314,604799,427405,0.6396
cf_allcolo.ns2096.oracleGeneral.zst,4649812,115607,0.0043,0.0001,0.0249,1.0,1.0,40.2209,604801,34316,0.2968
cf_allcolo.ns2066.oracleGeneral.zst,1046115,712857,0.001,0.0007,0.6814,1.0,1.0,1.4675,604797,700924,0.9833
cf_allcolo.ns206.oracleGeneral.zst,2864214,137876,0.0027,0.0001,0.0481,1.0,1.0,20.7738,604795,134176,0.9732
cf_allcolo.ns205.oracleGeneral.zst,3363782,2827945,0.0031,0.0026,0.8407,1.0,1.0,1.1895,604794,2710842,0.9586
cf_allcolo.ns2034.oracleGeneral.zst,3112394,272003,0.0029,0.0003,0.0874,1.0,1.0,11.4425,604798,170332,0.6262
cf_allcolo.ns203.oracleGeneral.zst,39022580,193138,0.0363,0.0002,0.0049,1.0,1.0,202.0451,604809,12611,0.0653
cf_allcolo.ns2028.oracleGeneral.zst,1021126,130137,0.001,0.0001,0.1274,1.0,1.0,7.8465,604793,100285,0.7706
cf_allcolo.ns2021.oracleGeneral.zst,20410706,142957,0.019,0.0001,0.007,1.0,1.0,142.7751,604805,33603,0.2351
cf_allcolo.ns201.oracleGeneral.zst,5271625,1033721,0.0049,0.001,0.1961,1.0,1.0,5.0997,604794,623622,0.6033
cf_allcolo.ns1998.oracleGeneral.zst,4347459,190495,0.004,0.0002,0.0438,1.0,1.0,22.8219,604796,70171,0.3684
cf_allcolo.ns1996.oracleGeneral.zst,4214447,189686,0.0039,0.0002,0.045,1.0,1.0,22.218,604798,69974,0.3689
cf_allcolo.ns1995.oracleGeneral.zst,4328452,191595,0.004,0.0002,0.0443,1.0,1.0,22.5917,604801,70897,0.37
cf_allcolo.ns199.oracleGeneral.zst,4004826,142234,0.0037,0.0001,0.0355,1.0,1.0,28.1566,604803,35938,0.2527
cf_allcolo.ns1984.oracleGeneral.zst,8416491,127978,0.0078,0.0001,0.0152,1.0,1.0,65.7651,604806,32705,0.2556
cf_allcolo.ns198.oracleGeneral.zst,95487082,1356379,0.0889,0.0013,0.0142,1.0,1.0,70.3985,604806,399625,0.2946
cf_allcolo.ns1971.oracleGeneral.zst,1451452,1441671,0.0014,0.0013,0.9933,1.0,1.0,1.0068,604793,1435302,0.9956
cf_allcolo.ns1964.oracleGeneral.zst,8640795,750962,0.008,0.0007,0.0869,1.0,1.0,11.5063,604803,496036,0.6605
cf_allcolo.ns1957.oracleGeneral.zst,1224564,150623,0.0011,0.0001,0.123,1.0,1.0,8.13,604795,121077,0.8038
cf_allcolo.ns1934.oracleGeneral.zst,4260517,196864,0.004,0.0002,0.0462,1.0,1.0,21.6419,604803,174436,0.8861
cf_allcolo.ns193.oracleGeneral.zst,36338938,454845,0.0338,0.0004,0.0125,1.0,1.0,79.893,604798,332100,0.7301
cf_allcolo.ns1924.oracleGeneral.zst,2949513,102762,0.0027,0.0001,0.0348,1.0,1.0,28.7024,604796,63295,0.6159
cf_allcolo.ns192.oracleGeneral.zst,35999520,709208,0.0335,0.0007,0.0197,1.0,1.0,50.7602,604805,238922,0.3369
cf_allcolo.ns1910.oracleGeneral.zst,4335421,182666,0.004,0.0002,0.0421,1.0,1.0,23.7341,604788,67356,0.3687
cf_allcolo.ns1909.oracleGeneral.zst,4287894,191751,0.004,0.0002,0.0447,1.0,1.0,22.3618,604792,70196,0.3661
cf_allcolo.ns1907.oracleGeneral.zst,4172259,181718,0.0039,0.0002,0.0436,1.0,1.0,22.9601,604800,65946,0.3629
cf_allcolo.ns1899.oracleGeneral.zst,3395264,260514,0.0032,0.0002,0.0767,1.0,1.0,13.0329,604795,95645,0.3671
cf_allcolo.ns1892.oracleGeneral.zst,1220127,175566,0.0011,0.0002,0.1439,1.0,1.0,6.9497,604797,168390,0.9591
cf_allcolo.ns189.oracleGeneral.zst,62938637,645896,0.0586,0.0006,0.0103,1.0,1.0,97.4439,604804,391830,0.6066
cf_allcolo.ns1880.oracleGeneral.zst,1420914,680276,0.0013,0.0006,0.4788,1.0,1.0,2.0887,604796,584041,0.8585
cf_allcolo.ns1876.oracleGeneral.zst,3772797,344832,0.0035,0.0003,0.0914,1.0,1.0,10.941,604801,120798,0.3503
cf_allcolo.ns185.oracleGeneral.zst,40694148,641555,0.0379,0.0006,0.0158,1.0,1.0,63.4305,604804,357325,0.557
cf_allcolo.ns1849.oracleGeneral.zst,4834707,146954,0.0045,0.0001,0.0304,1.0,1.0,32.8995,604794,60644,0.4127
cf_allcolo.ns1846.oracleGeneral.zst,1783974,973950,0.0017,0.0009,0.5459,1.0,1.0,1.8317,604796,690858,0.7093
cf_allcolo.ns1844.oracleGeneral.zst,5478276,206103,0.0051,0.0002,0.0376,1.0,1.0,26.5803,604798,125973,0.6112
cf_allcolo.ns184.oracleGeneral.zst,25366780,23302410,0.0236,0.0217,0.9186,1.0,1.0,1.0886,604804,21564356,0.9254
cf_allcolo.ns1837.oracleGeneral.zst,4356033,190712,0.0041,0.0002,0.0438,1.0,1.0,22.8409,604792,70706,0.3707
cf_allcolo.ns1836.oracleGeneral.zst,4328583,190906,0.004,0.0002,0.0441,1.0,1.0,22.6739,604797,70148,0.3674
cf_allcolo.ns1832.oracleGeneral.zst,4432307,191080,0.0041,0.0002,0.0431,1.0,1.0,23.1961,604796,71103,0.3721
cf_allcolo.ns183.oracleGeneral.zst,30200049,289283,0.0281,0.0003,0.0096,1.0,1.0,104.3962,604799,124689,0.431
cf_allcolo.ns1823.oracleGeneral.zst,7553388,3299883,0.007,0.0031,0.4369,1.0,1.0,2.289,604786,1902645,0.5766
cf_allcolo.ns181.oracleGeneral.zst,111893686,789260,0.1042,0.0007,0.0071,1.0,1.0,141.7704,604806,724240,0.9176
cf_allcolo.ns180.oracleGeneral.zst,9093760,8336578,0.0085,0.0078,0.9167,1.0,1.0,1.0908,604799,7707390,0.9245
cf_allcolo.ns1799.oracleGeneral.zst,11774039,11469549,0.011,0.0107,0.9741,1.0,1.0,1.0265,604802,11391295,0.9932
cf_allcolo.ns1797.oracleGeneral.zst,1094504,115469,0.001,0.0001,0.1055,1.0,1.0,9.4788,604799,49481,0.4285
cf_allcolo.ns1782.oracleGeneral.zst,11877258,399489,0.0111,0.0004,0.0336,1.0,1.0,29.7311,604801,304410,0.762
cf_allcolo.ns178.oracleGeneral.zst,61873932,668587,0.0576,0.0006,0.0108,1.0,1.0,92.5443,604806,226414,0.3386
cf_allcolo.ns1774.oracleGeneral.zst,4257410,190948,0.004,0.0002,0.0449,1.0,1.0,22.2962,604787,69965,0.3664
cf_allcolo.ns175.oracleGeneral.zst,21906811,608719,0.0204,0.0006,0.0278,1.0,1.0,35.9884,604802,582240,0.9565
cf_allcolo.ns174.oracleGeneral.zst,2035292,114082,0.0019,0.0001,0.0561,1.0,1.0,17.8406,604795,55246,0.4843
cf_allcolo.ns1739.oracleGeneral.zst,3127144,455078,0.0029,0.0004,0.1455,1.0,1.0,6.8717,604797,427725,0.9399
cf_allcolo.ns173.oracleGeneral.zst,1881805,102276,0.0018,0.0001,0.0543,1.0,1.0,18.3993,604783,48830,0.4774
cf_allcolo.ns1715.oracleGeneral.zst,2078285,151280,0.0019,0.0001,0.0728,1.0,1.0,13.738,604798,97407,0.6439
cf_allcolo.ns1708.oracleGeneral.zst,4405690,189958,0.0041,0.0002,0.0431,1.0,1.0,23.193,604801,69972,0.3684
cf_allcolo.ns1703.oracleGeneral.zst,4357969,190109,0.0041,0.0002,0.0436,1.0,1.0,22.9235,604782,69727,0.3668
cf_allcolo.ns1702.oracleGeneral.zst,4327553,190397,0.004,0.0002,0.044,1.0,1.0,22.7291,604792,70012,0.3677
cf_allcolo.ns1701.oracleGeneral.zst,4366819,190301,0.0041,0.0002,0.0436,1.0,1.0,22.9469,604793,69707,0.3663
cf_allcolo.ns1700.oracleGeneral.zst,4353169,190417,0.0041,0.0002,0.0437,1.0,1.0,22.8612,604799,69708,0.3661
cf_allcolo.ns170.oracleGeneral.zst,26625142,26328605,0.0248,0.0245,0.9889,1.0,1.0,1.0113,604806,26086011,0.9908
cf_allcolo.ns17.oracleGeneral.zst,23743052,2257188,0.0221,0.0021,0.0951,1.0,1.0,10.5189,604800,1711181,0.7581
cf_allcolo.ns1699.oracleGeneral.zst,3842685,181441,0.0036,0.0002,0.0472,1.0,1.0,21.1787,604787,67888,0.3742
cf_allcolo.ns1698.oracleGeneral.zst,4248630,189745,0.004,0.0002,0.0447,1.0,1.0,22.3913,604787,69791,0.3678
cf_allcolo.ns1693.oracleGeneral.zst,1544613,1528905,0.0014,0.0014,0.9898,1.0,1.0,1.0103,604802,1515783,0.9914
cf_allcolo.ns169.oracleGeneral.zst,87760234,307535,0.0817,0.0003,0.0035,1.0,1.0,285.3667,604807,161193,0.5241
cf_allcolo.ns168.oracleGeneral.zst,11786364,240294,0.011,0.0002,0.0204,1.0,1.0,49.0498,604800,89972,0.3744
cf_allcolo.ns1669.oracleGeneral.zst,1538096,147842,0.0014,0.0001,0.0961,1.0,1.0,10.4036,604795,71453,0.4833
cf_allcolo.ns1660.oracleGeneral.zst,2510755,186203,0.0023,0.0002,0.0742,1.0,1.0,13.484,604796,92558,0.4971
cf_allcolo.ns1648.oracleGeneral.zst,5662707,311759,0.0053,0.0003,0.0551,1.0,1.0,18.1637,604799,358,0.0011
cf_allcolo.ns1639.oracleGeneral.zst,4247871,191405,0.004,0.0002,0.0451,1.0,1.0,22.1931,604793,70581,0.3688
cf_allcolo.ns1628.oracleGeneral.zst,1566810,892310,0.0015,0.0008,0.5695,1.0,1.0,1.7559,604801,886961,0.994
cf_allcolo.ns16.oracleGeneral.zst,286883555,422544,0.2672,0.0004,0.0015,1.0,1.0,678.9436,604807,403247,0.9543
cf_allcolo.ns1597.oracleGeneral.zst,2226245,330372,0.0021,0.0003,0.1484,1.0,1.0,6.7386,604799,193721,0.5864
cf_allcolo.ns159.oracleGeneral.zst,15900411,1875973,0.0148,0.0017,0.118,1.0,1.0,8.4758,604801,115544,0.0616
cf_allcolo.ns1572.oracleGeneral.zst,3207500,186613,0.003,0.0002,0.0582,1.0,1.0,17.188,604796,185787,0.9956
cf_allcolo.ns1569.oracleGeneral.zst,1244890,102477,0.0012,0.0001,0.0823,1.0,1.0,12.148,604790,83256,0.8124
cf_allcolo.ns1568.oracleGeneral.zst,1115383,194179,0.001,0.0002,0.1741,1.0,1.0,5.7441,604786,18659,0.0961
cf_allcolo.ns1557.oracleGeneral.zst,2123582,184936,0.002,0.0002,0.0871,1.0,1.0,11.4828,604795,58146,0.3144
cf_allcolo.ns1555.oracleGeneral.zst,3922313,210640,0.0037,0.0002,0.0537,1.0,1.0,18.6209,604797,97923,0.4649
cf_allcolo.ns15541.oracleGeneral.zst,1016372,192239,0.0009,0.0002,0.1891,1.0,1.0,5.287,604720,134526,0.6998
cf_allcolo.ns1554.oracleGeneral.zst,13469106,154732,0.0125,0.0001,0.0115,1.0,1.0,87.048,604805,73818,0.4771
cf_allcolo.ns1543.oracleGeneral.zst,2384280,921637,0.0022,0.0009,0.3865,1.0,1.0,2.587,604804,804516,0.8729
cf_allcolo.ns1536.oracleGeneral.zst,4479386,181994,0.0042,0.0002,0.0406,1.0,1.0,24.6128,604798,66396,0.3648
cf_allcolo.ns1522.oracleGeneral.zst,1040880,154112,0.001,0.0001,0.1481,1.0,1.0,6.754,604792,119507,0.7755
cf_allcolo.ns1519.oracleGeneral.zst,7156933,174803,0.0067,0.0002,0.0244,1.0,1.0,40.9428,604802,104935,0.6003
cf_allcolo.ns1502.oracleGeneral.zst,1341602,118462,0.0012,0.0001,0.0883,1.0,1.0,11.3252,604798,43707,0.369
cf_allcolo.ns15.oracleGeneral.zst,21291397,115268,0.0198,0.0001,0.0054,1.0,1.0,184.7121,604806,109561,0.9505
cf_allcolo.ns1485.oracleGeneral.zst,11897246,335101,0.0111,0.0003,0.0282,1.0,1.0,35.5035,604800,50291,0.1501
cf_allcolo.ns1476.oracleGeneral.zst,3385440,917694,0.0032,0.0009,0.2711,1.0,1.0,3.6891,604807,602926,0.657
cf_allcolo.ns147.oracleGeneral.zst,26367034,19583112,0.0246,0.0182,0.7427,1.0,1.0,1.3464,604804,19376563,0.9895
cf_allcolo.ns146.oracleGeneral.zst,107854061,1159037,0.1004,0.0011,0.0107,1.0,1.0,93.0549,604808,445406,0.3843
cf_allcolo.ns145.oracleGeneral.zst,15035506,13427337,0.014,0.0125,0.893,1.0,1.0,1.1198,604802,13314938,0.9916
cf_allcolo.ns1447.oracleGeneral.zst,4411584,190308,0.0041,0.0002,0.0431,1.0,1.0,23.1813,604791,70020,0.3679
cf_allcolo.ns1446.oracleGeneral.zst,4459032,190577,0.0042,0.0002,0.0427,1.0,1.0,23.3975,604784,69625,0.3653
cf_allcolo.ns1440.oracleGeneral.zst,4405568,191010,0.0041,0.0002,0.0434,1.0,1.0,23.0646,604789,70219,0.3676
cf_allcolo.ns1437.oracleGeneral.zst,3554361,221102,0.0033,0.0002,0.0622,1.0,1.0,16.0757,604793,129924,0.5876
cf_allcolo.ns1436.oracleGeneral.zst,4628601,191190,0.0043,0.0002,0.0413,1.0,1.0,24.2094,604799,70521,0.3689
cf_allcolo.ns1435.oracleGeneral.zst,4435349,191825,0.0041,0.0002,0.0432,1.0,1.0,23.1219,604796,70624,0.3682
cf_allcolo.ns1419.oracleGeneral.zst,4994916,166186,0.0047,0.0002,0.0333,1.0,1.0,30.0562,604800,57373,0.3452
cf_allcolo.ns1413.oracleGeneral.zst,13142968,450821,0.0122,0.0004,0.0343,1.0,1.0,29.1534,604800,124083,0.2752
cf_allcolo.ns141.oracleGeneral.zst,25978478,633180,0.0242,0.0006,0.0244,1.0,1.0,41.0286,604807,445100,0.703
cf_allcolo.ns14.oracleGeneral.zst,4570864,429754,0.0043,0.0004,0.094,1.0,1.0,10.636,604803,245282,0.5707
cf_allcolo.ns1392.oracleGeneral.zst,1322055,700411,0.0012,0.0007,0.5298,1.0,1.0,1.8875,604780,693695,0.9904
cf_allcolo.ns1383.oracleGeneral.zst,1062436,1044695,0.001,0.001,0.9833,1.0,1.0,1.017,604801,1030988,0.9869
cf_allcolo.ns1378.oracleGeneral.zst,4263548,188513,0.004,0.0002,0.0442,1.0,1.0,22.6167,604777,69344,0.3678
cf_allcolo.ns1376.oracleGeneral.zst,4260981,190833,0.004,0.0002,0.0448,1.0,1.0,22.3283,604797,70208,0.3679
cf_allcolo.ns1371.oracleGeneral.zst,3114923,101355,0.0029,0.0001,0.0325,1.0,1.0,30.7328,604798,53034,0.5232
cf_allcolo.ns1366.oracleGeneral.zst,5555490,1871999,0.0052,0.0017,0.337,1.0,1.0,2.9677,604802,1603192,0.8564
cf_allcolo.ns1363.oracleGeneral.zst,4342334,181060,0.004,0.0002,0.0417,1.0,1.0,23.9828,604790,65775,0.3633
cf_allcolo.ns1362.oracleGeneral.zst,1883822,1592105,0.0018,0.0015,0.8451,1.0,1.0,1.1832,604792,1577485,0.9908
cf_allcolo.ns1359.oracleGeneral.zst,1619112,146234,0.0015,0.0001,0.0903,1.0,1.0,11.0721,604800,73047,0.4995
cf_allcolo.ns135.oracleGeneral.zst,3008438,155723,0.0028,0.0001,0.0518,1.0,1.0,19.3192,604801,199,0.0013
cf_allcolo.ns134.oracleGeneral.zst,59982093,389457,0.0559,0.0004,0.0065,1.0,1.0,154.0147,604807,755,0.0019
cf_allcolo.ns1333.oracleGeneral.zst,1314548,174035,0.0012,0.0002,0.1324,1.0,1.0,7.5534,604795,86701,0.4982
cf_allcolo.ns1322.oracleGeneral.zst,2726131,163019,0.0025,0.0002,0.0598,1.0,1.0,16.7228,604800,71430,0.4382
cf_allcolo.ns131.oracleGeneral.zst,19935198,2961270,0.0186,0.0028,0.1485,1.0,1.0,6.732,604801,2853835,0.9637
cf_allcolo.ns1304.oracleGeneral.zst,1270943,308006,0.0012,0.0003,0.2423,1.0,1.0,4.1264,604785,427,0.0014
cf_allcolo.ns13.oracleGeneral.zst,5155148,381895,0.0048,0.0004,0.0741,1.0,1.0,13.4989,604808,371535,0.9729
cf_allcolo.ns129.oracleGeneral.zst,2646734,2305237,0.0025,0.0021,0.871,1.0,1.0,1.1481,604801,2171339,0.9419
cf_allcolo.ns128.oracleGeneral.zst,399761267,239264,0.3723,0.0002,0.0006,1.0,1.0,1670.7957,604805,53404,0.2232
cf_allcolo.ns1273.oracleGeneral.zst,16197099,929636,0.0151,0.0009,0.0574,1.0,1.0,17.4231,604803,320132,0.3444
cf_allcolo.ns1270.oracleGeneral.zst,2905437,2727857,0.0027,0.0025,0.9389,1.0,1.0,1.0651,604794,2599804,0.9531
cf_allcolo.ns1268.oracleGeneral.zst,2798493,178805,0.0026,0.0002,0.0639,1.0,1.0,15.6511,604792,176,0.001
cf_allcolo.ns1250.oracleGeneral.zst,1643365,189249,0.0015,0.0002,0.1152,1.0,1.0,8.6836,604788,105250,0.5561
cf_allcolo.ns1247.oracleGeneral.zst,3739840,180835,0.0035,0.0002,0.0484,1.0,1.0,20.681,604792,67574,0.3737
cf_allcolo.ns1243.oracleGeneral.zst,4301978,191121,0.004,0.0002,0.0444,1.0,1.0,22.5092,604790,70498,0.3689
cf_allcolo.ns1242.oracleGeneral.zst,4125339,182059,0.0038,0.0002,0.0441,1.0,1.0,22.6594,604795,66350,0.3644
cf_allcolo.ns1240.oracleGeneral.zst,3983125,2045914,0.0037,0.0019,0.5136,1.0,1.0,1.9469,604804,2035459,0.9949
cf_allcolo.ns1236.oracleGeneral.zst,4335740,191515,0.004,0.0002,0.0442,1.0,1.0,22.6392,604785,70686,0.3691
cf_allcolo.ns1235.oracleGeneral.zst,4342942,188846,0.004,0.0002,0.0435,1.0,1.0,22.9973,604789,69498,0.368
cf_allcolo.ns1230.oracleGeneral.zst,4360967,190264,0.0041,0.0002,0.0436,1.0,1.0,22.9206,604792,69966,0.3677
cf_allcolo.ns123.oracleGeneral.zst,5983751,592767,0.0056,0.0006,0.0991,1.0,1.0,10.0946,604802,1100,0.0019
cf_allcolo.ns1228.oracleGeneral.zst,8374740,260131,0.0078,0.0002,0.0311,1.0,1.0,32.1943,604798,341,0.0013
cf_allcolo.ns122.oracleGeneral.zst,26661775,166327,0.0248,0.0002,0.0062,1.0,1.0,160.2973,604808,37965,0.2283
cf_allcolo.ns1211.oracleGeneral.zst,10435348,429057,0.0097,0.0004,0.0411,1.0,1.0,24.3216,604799,159022,0.3706
cf_allcolo.ns1200.oracleGeneral.zst,10470783,277393,0.0098,0.0003,0.0265,1.0,1.0,37.7471,604803,124410,0.4485
cf_allcolo.ns120.oracleGeneral.zst,23174736,20200244,0.0216,0.0188,0.8716,1.0,1.0,1.1473,604806,19807601,0.9806
cf_allcolo.ns12.oracleGeneral.zst,31024048,674981,0.0289,0.0006,0.0218,1.0,1.0,45.9628,604802,240254,0.3559
cf_allcolo.ns1194.oracleGeneral.zst,4275589,190985,0.004,0.0002,0.0447,1.0,1.0,22.387,604795,70755,0.3705
cf_allcolo.ns1193.oracleGeneral.zst,4365096,190451,0.0041,0.0002,0.0436,1.0,1.0,22.9198,604778,70387,0.3696
cf_allcolo.ns1192.oracleGeneral.zst,4258080,188698,0.004,0.0002,0.0443,1.0,1.0,22.5656,604793,68966,0.3655
cf_allcolo.ns1190.oracleGeneral.zst,3822848,437056,0.0036,0.0004,0.1143,1.0,1.0,8.7468,604795,200327,0.4584
cf_allcolo.ns1189.oracleGeneral.zst,17796147,278012,0.0166,0.0003,0.0156,1.0,1.0,64.0122,604798,82396,0.2964
cf_allcolo.ns1185.oracleGeneral.zst,4212048,182589,0.0039,0.0002,0.0433,1.0,1.0,23.0685,604799,66872,0.3662
cf_allcolo.ns1184.oracleGeneral.zst,4256449,191209,0.004,0.0002,0.0449,1.0,1.0,22.2607,604799,70300,0.3677
cf_allcolo.ns1183.oracleGeneral.zst,4337978,191066,0.004,0.0002,0.044,1.0,1.0,22.7041,604783,70197,0.3674
cf_allcolo.ns1182.oracleGeneral.zst,4289731,190869,0.004,0.0002,0.0445,1.0,1.0,22.4747,604803,70601,0.3699
cf_allcolo.ns1181.oracleGeneral.zst,4356323,190800,0.0041,0.0002,0.0438,1.0,1.0,22.8319,604793,70284,0.3684
cf_allcolo.ns1180.oracleGeneral.zst,4271180,190706,0.004,0.0002,0.0446,1.0,1.0,22.3967,604793,69973,0.3669
cf_allcolo.ns118.oracleGeneral.zst,3068874,2714283,0.0029,0.0025,0.8845,1.0,1.0,1.1306,604796,2585077,0.9524
cf_allcolo.ns1179.oracleGeneral.zst,4282686,188086,0.004,0.0002,0.0439,1.0,1.0,22.7698,604786,69079,0.3673
cf_allcolo.ns1178.oracleGeneral.zst,4199503,190166,0.0039,0.0002,0.0453,1.0,1.0,22.0834,604798,70138,0.3688
cf_allcolo.ns1177.oracleGeneral.zst,4336869,190625,0.004,0.0002,0.044,1.0,1.0,22.7508,604788,70192,0.3682
cf_allcolo.ns1176.oracleGeneral.zst,4342116,182292,0.004,0.0002,0.042,1.0,1.0,23.8196,604802,66714,0.366
cf_allcolo.ns1175.oracleGeneral.zst,4277394,191051,0.004,0.0002,0.0447,1.0,1.0,22.3888,604791,70476,0.3689
cf_allcolo.ns1174.oracleGeneral.zst,4263303,190825,0.004,0.0002,0.0448,1.0,1.0,22.3414,604793,70752,0.3708
cf_allcolo.ns1173.oracleGeneral.zst,4313918,189503,0.004,0.0002,0.0439,1.0,1.0,22.7644,604792,69754,0.3681
cf_allcolo.ns1171.oracleGeneral.zst,3869160,369090,0.0036,0.0003,0.0954,1.0,1.0,10.483,604796,803,0.0022
cf_allcolo.ns1169.oracleGeneral.zst,8319563,6351187,0.0077,0.0059,0.7634,1.0,1.0,1.3099,604801,5471918,0.8616
cf_allcolo.ns1161.oracleGeneral.zst,21810772,116758,0.0203,0.0001,0.0054,1.0,1.0,186.8032,604801,44222,0.3787
cf_allcolo.ns116.oracleGeneral.zst,4272375,741135,0.004,0.0007,0.1735,1.0,1.0,5.7646,604751,512176,0.6911
cf_allcolo.ns1152.oracleGeneral.zst,3632476,199767,0.0034,0.0002,0.055,1.0,1.0,18.1836,604802,136902,0.6853
cf_allcolo.ns114.oracleGeneral.zst,193456209,4293148,0.1802,0.004,0.0222,1.0,1.0,45.0616,604806,435454,0.1014
cf_allcolo.ns1133.oracleGeneral.zst,4615934,645691,0.0043,0.0006,0.1399,1.0,1.0,7.1488,604800,888,0.0014
cf_allcolo.ns111.oracleGeneral.zst,253216720,276049,0.2358,0.0003,0.0011,1.0,1.0,917.289,604805,197993,0.7172
cf_allcolo.ns1103.oracleGeneral.zst,4268615,173668,0.004,0.0002,0.0407,1.0,1.0,24.5792,604802,134625,0.7752
cf_allcolo.ns11.oracleGeneral.zst,1379277,305775,0.0013,0.0003,0.2217,1.0,1.0,4.5108,604787,75538,0.247
cf_allcolo.ns1095.oracleGeneral.zst,2320061,396195,0.0022,0.0004,0.1708,1.0,1.0,5.8559,604803,376247,0.9497
cf_allcolo.ns1091.oracleGeneral.zst,5590280,2729514,0.0052,0.0025,0.4883,1.0,1.0,2.0481,604801,4754,0.0017
cf_allcolo.ns1081.oracleGeneral.zst,8938018,848528,0.0083,0.0008,0.0949,1.0,1.0,10.5336,604798,304662,0.359
cf_allcolo.ns108.oracleGeneral.zst,5552073,2936959,0.0052,0.0027,0.529,1.0,1.0,1.8904,604799,2607422,0.8878
cf_allcolo.ns1076.oracleGeneral.zst,5031122,602727,0.0047,0.0006,0.1198,1.0,1.0,8.3473,604801,315971,0.5242
cf_allcolo.ns1055.oracleGeneral.zst,1942493,946283,0.0018,0.0009,0.4871,1.0,1.0,2.0528,604789,1567,0.0017
cf_allcolo.ns1052.oracleGeneral.zst,2911059,1170965,0.0027,0.0011,0.4022,1.0,1.0,2.486,604802,891357,0.7612
cf_allcolo.ns1051.oracleGeneral.zst,1581840,379740,0.0015,0.0004,0.2401,1.0,1.0,4.1656,604794,343711,0.9051
cf_allcolo.ns10508.oracleGeneral.zst,1422531,137720,0.0013,0.0001,0.0968,1.0,1.0,10.3292,604738,136,0.001
cf_allcolo.ns105.oracleGeneral.zst,11445642,347826,0.0107,0.0003,0.0304,1.0,1.0,32.9062,604795,132651,0.3814
cf_allcolo.ns1049.oracleGeneral.zst,5889253,2327661,0.0055,0.0022,0.3952,1.0,1.0,2.5301,604802,2081353,0.8942
cf_allcolo.ns10485.oracleGeneral.zst,2189219,1088713,0.002,0.001,0.4973,1.0,1.0,2.0108,604783,797931,0.7329
cf_allcolo.ns1042.oracleGeneral.zst,1230034,117029,0.0011,0.0001,0.0951,1.0,1.0,10.5105,604799,23720,0.2027
cf_allcolo.ns10406.oracleGeneral.zst,2122407,133685,0.002,0.0001,0.063,1.0,1.0,15.8762,604732,56555,0.423
cf_allcolo.ns104.oracleGeneral.zst,55009764,2786528,0.0512,0.0026,0.0507,1.0,1.0,19.7413,604807,1514224,0.5434
cf_allcolo.ns1033.oracleGeneral.zst,5768883,3932899,0.0054,0.0037,0.6817,1.0,1.0,1.4668,604796,3745106,0.9523
cf_allcolo.ns1029.oracleGeneral.zst,4501951,1071846,0.0042,0.001,0.2381,1.0,1.0,4.2002,604803,1390,0.0013
cf_allcolo.ns10261.oracleGeneral.zst,3190153,1235840,0.003,0.0012,0.3874,1.0,1.0,2.5814,604788,1516,0.0012
cf_allcolo.ns1025.oracleGeneral.zst,1529668,524433,0.0014,0.0005,0.3428,1.0,1.0,2.9168,604795,358036,0.6827
cf_allcolo.ns102.oracleGeneral.zst,71666960,211939,0.0667,0.0002,0.003,1.0,1.0,338.149,604808,123667,0.5835
cf_allcolo.ns1014.oracleGeneral.zst,1019135,176350,0.0009,0.0002,0.173,1.0,1.0,5.779,604791,5781,0.0328
cf_allcolo.ns101.oracleGeneral.zst,248258662,1954997,0.2312,0.0018,0.0079,1.0,1.0,126.9867,604808,1457731,0.7456
cf_allcolo.ns10.oracleGeneral.zst,39857326,487623,0.0371,0.0005,0.0122,1.0,1.0,81.738,0,258701,0.5305
io_traces.ns99.oracleGeneral.zst,3200000,1432967,0.003,0.0013,0.4478,1.0,1.0,2.2331,2603589,1112767,0.7765
io_traces.ns97.oracleGeneral.zst,18800000,1627119,0.0175,0.0015,0.0865,1.0,1.0,11.5542,2653427,1338936,0.8229
io_traces.ns96.oracleGeneral.zst,14600000,1139190,0.0136,0.0011,0.078,1.0,1.0,12.8161,2663401,445165,0.3908
io_traces.ns95.oracleGeneral.zst,1400000,333668,0.0013,0.0003,0.2383,1.0,1.0,4.1958,322657,164000,0.4915
io_traces.ns94.oracleGeneral.zst,14400000,8844532,0.0134,0.0082,0.6142,1.0,1.0,1.6281,2663914,6372064,0.7205
io_traces.ns93.oracleGeneral.zst,4800000,434702,0.0045,0.0004,0.0906,1.0,1.0,11.042,2597387,285400,0.6565
io_traces.ns92.oracleGeneral.zst,47400000,1815557,0.0441,0.0017,0.0383,1.0,1.0,26.1077,2673063,206914,0.114
io_traces.ns91.oracleGeneral.zst,38400000,1534777,0.0358,0.0014,0.04,1.0,1.0,25.0199,2678079,150343,0.098
io_traces.ns90.oracleGeneral.zst,12800000,166009,0.0119,0.0002,0.013,1.0,1.0,77.1043,2653321,19352,0.1166
io_traces.ns9.oracleGeneral.zst,22600000,720205,0.021,0.0007,0.0319,1.0,1.0,31.38,2666969,126621,0.1758
io_traces.ns88.oracleGeneral.zst,36000000,1783753,0.0335,0.0017,0.0495,1.0,1.0,20.1822,2665393,263440,0.1477
io_traces.ns87.oracleGeneral.zst,36000000,290593,0.0335,0.0003,0.0081,1.0,1.0,123.8846,2676723,75642,0.2603
io_traces.ns86.oracleGeneral.zst,37000000,1676626,0.0345,0.0016,0.0453,1.0,1.0,22.0681,2665238,212555,0.1268
io_traces.ns85.oracleGeneral.zst,6200000,682781,0.0058,0.0006,0.1101,1.0,1.0,9.0805,2653979,382186,0.5597
io_traces.ns83.oracleGeneral.zst,35600000,1691726,0.0332,0.0016,0.0475,1.0,1.0,21.0436,2666398,225207,0.1331
io_traces.ns826.oracleGeneral.zst,2800000,1935357,0.0026,0.0018,0.6912,1.0,1.0,1.4468,1880377,1693915,0.8752
io_traces.ns825.oracleGeneral.zst,2800000,1940482,0.0026,0.0018,0.693,1.0,1.0,1.4429,1857231,1700621,0.8764
io_traces.ns810.oracleGeneral.zst,177000000,52922279,0.1648,0.0493,0.299,1.0,1.0,3.3445,2658150,14078886,0.266
io_traces.ns81.oracleGeneral.zst,8000000,564207,0.0075,0.0005,0.0705,1.0,1.0,14.1792,2677138,230891,0.4092
io_traces.ns804.oracleGeneral.zst,295920923,107309691,0.2756,0.0999,0.3626,1.0,1.0,2.7576,2673827,55618591,0.5183
io_traces.ns801.oracleGeneral.zst,2000000,1405098,0.0019,0.0013,0.7025,1.0,1.0,1.4234,2542119,978708,0.6965
io_traces.ns80.oracleGeneral.zst,8200000,588761,0.0076,0.0005,0.0718,1.0,1.0,13.9276,2664491,163057,0.2769
io_traces.ns8.oracleGeneral.zst,37400000,1497761,0.0348,0.0014,0.04,1.0,1.0,24.9706,2671802,169798,0.1134
io_traces.ns794.oracleGeneral.zst,1400000,173971,0.0013,0.0002,0.1243,1.0,1.0,8.0473,2397934,110117,0.633
io_traces.ns792.oracleGeneral.zst,6800000,3432685,0.0063,0.0032,0.5048,1.0,1.0,1.981,2643009,2375904,0.6921
io_traces.ns791.oracleGeneral.zst,2800000,2101527,0.0026,0.002,0.7505,1.0,1.0,1.3324,2535817,1916420,0.9119
io_traces.ns79.oracleGeneral.zst,377400000,14484082,0.3515,0.0135,0.0384,1.0,1.0,26.0562,2678218,6178950,0.4266
io_traces.ns785.oracleGeneral.zst,4200000,707807,0.0039,0.0007,0.1685,1.0,1.0,5.9338,2603800,263173,0.3718
io_traces.ns784.oracleGeneral.zst,8200000,4888430,0.0076,0.0046,0.5961,1.0,1.0,1.6774,2636294,4230942,0.8655
io_traces.ns783.oracleGeneral.zst,3800000,361400,0.0035,0.0003,0.0951,1.0,1.0,10.5147,2671000,104519,0.2892
io_traces.ns780.oracleGeneral.zst,1800000,261770,0.0017,0.0002,0.1454,1.0,1.0,6.8763,2442737,150378,0.5745
io_traces.ns78.oracleGeneral.zst,37400000,1469583,0.0348,0.0014,0.0393,1.0,1.0,25.4494,2676918,138994,0.0946
io_traces.ns774.oracleGeneral.zst,1200000,130136,0.0011,0.0001,0.1084,1.0,1.0,9.2211,2330892,42614,0.3275
io_traces.ns771.oracleGeneral.zst,3600000,2267510,0.0034,0.0021,0.6299,1.0,1.0,1.5876,2605064,1933034,0.8525
io_traces.ns770.oracleGeneral.zst,3600000,311684,0.0034,0.0003,0.0866,1.0,1.0,11.5502,2524660,130233,0.4178
io_traces.ns77.oracleGeneral.zst,30800000,1348870,0.0287,0.0013,0.0438,1.0,1.0,22.8339,2669371,564178,0.4183
io_traces.ns761.oracleGeneral.zst,2400000,446945,0.0022,0.0004,0.1862,1.0,1.0,5.3698,2667715,313158,0.7007
io_traces.ns76.oracleGeneral.zst,37800000,1513645,0.0352,0.0014,0.04,1.0,1.0,24.9728,2677369,169385,0.1119
io_traces.ns759.oracleGeneral.zst,13800000,6014083,0.0129,0.0056,0.4358,1.0,1.0,2.2946,2607087,4580433,0.7616
io_traces.ns755.oracleGeneral.zst,1800000,403254,0.0017,0.0004,0.224,1.0,1.0,4.4637,2454487,357441,0.8864
io_traces.ns754.oracleGeneral.zst,2800000,821253,0.0026,0.0008,0.2933,1.0,1.0,3.4094,2609847,597754,0.7279
io_traces.ns753.oracleGeneral.zst,1600000,332961,0.0015,0.0003,0.2081,1.0,1.0,4.8054,2498195,251163,0.7543
io_traces.ns752.oracleGeneral.zst,3200000,848513,0.003,0.0008,0.2652,1.0,1.0,3.7713,2578190,538959,0.6352
io_traces.ns751.oracleGeneral.zst,14400000,6083662,0.0134,0.0057,0.4225,1.0,1.0,2.367,2661274,4611376,0.758
io_traces.ns750.oracleGeneral.zst,8400000,390033,0.0078,0.0004,0.0464,1.0,1.0,21.5366,2628902,67856,0.174
io_traces.ns749.oracleGeneral.zst,14200000,6039020,0.0132,0.0056,0.4253,1.0,1.0,2.3514,2617565,4577188,0.7579
io_traces.ns748.oracleGeneral.zst,18000000,3568411,0.0168,0.0033,0.1982,1.0,1.0,5.0443,2612485,2589125,0.7256
io_traces.ns746.oracleGeneral.zst,25000000,4594554,0.0233,0.0043,0.1838,1.0,1.0,5.4412,2675642,3175098,0.6911
io_traces.ns745.oracleGeneral.zst,14000000,6044500,0.013,0.0056,0.4318,1.0,1.0,2.3162,2649520,4586480,0.7588
io_traces.ns744.oracleGeneral.zst,1600000,492105,0.0015,0.0005,0.3076,1.0,1.0,3.2513,2608466,233804,0.4751
io_traces.ns743.oracleGeneral.zst,2800000,1698864,0.0026,0.0016,0.6067,1.0,1.0,1.6482,2524097,1138918,0.6704
io_traces.ns742.oracleGeneral.zst,11000000,1100297,0.0102,0.001,0.1,1.0,1.0,9.9973,2656614,361330,0.3284
io_traces.ns740.oracleGeneral.zst,517800000,11906735,0.4822,0.0111,0.023,1.0,1.0,43.488,2678127,2481439,0.2084
io_traces.ns74.oracleGeneral.zst,16200000,9660797,0.0151,0.009,0.5963,1.0,1.0,1.6769,2656470,6612158,0.6844
io_traces.ns738.oracleGeneral.zst,2400000,267367,0.0022,0.0002,0.1114,1.0,1.0,8.9764,2480660,92589,0.3463
io_traces.ns737.oracleGeneral.zst,16600000,4212532,0.0155,0.0039,0.2538,1.0,1.0,3.9406,2676455,1985201,0.4713
io_traces.ns736.oracleGeneral.zst,14200000,6258266,0.0132,0.0058,0.4407,1.0,1.0,2.269,2636300,4821341,0.7704
io_traces.ns734.oracleGeneral.zst,3200000,103724,0.003,0.0001,0.0324,1.0,1.0,30.8511,2565368,25393,0.2448
io_traces.ns733.oracleGeneral.zst,15800000,1813132,0.0147,0.0017,0.1148,1.0,1.0,8.7142,2668487,1428166,0.7877
io_traces.ns731.oracleGeneral.zst,14000000,6235450,0.013,0.0058,0.4454,1.0,1.0,2.2452,2634378,4809994,0.7714
io_traces.ns730.oracleGeneral.zst,14200000,6392943,0.0132,0.006,0.4502,1.0,1.0,2.2212,2651203,4944134,0.7734
io_traces.ns728.oracleGeneral.zst,4600000,3337954,0.0043,0.0031,0.7256,1.0,1.0,1.3781,2639390,2973435,0.8908
io_traces.ns727.oracleGeneral.zst,37400000,12533726,0.0348,0.0117,0.3351,1.0,1.0,2.9839,2430029,6106669,0.4872
io_traces.ns726.oracleGeneral.zst,5000000,2598151,0.0047,0.0024,0.5196,1.0,1.0,1.9244,2619164,2185365,0.8411
io_traces.ns725.oracleGeneral.zst,13600000,6116151,0.0127,0.0057,0.4497,1.0,1.0,2.2236,2633266,4692075,0.7672
io_traces.ns724.oracleGeneral.zst,4000000,1425183,0.0037,0.0013,0.3563,1.0,1.0,2.8067,2575177,976846,0.6854
io_traces.ns723.oracleGeneral.zst,1800000,540867,0.0017,0.0005,0.3005,1.0,1.0,3.328,2527959,387475,0.7164
io_traces.ns722.oracleGeneral.zst,3000000,525242,0.0028,0.0005,0.1751,1.0,1.0,5.7117,2646641,382456,0.7282
io_traces.ns721.oracleGeneral.zst,44400000,413174,0.0414,0.0004,0.0093,1.0,1.0,107.4608,2675276,10077,0.0244
io_traces.ns72.oracleGeneral.zst,37600000,1515494,0.035,0.0014,0.0403,1.0,1.0,24.8104,2668184,166508,0.1099
io_traces.ns717.oracleGeneral.zst,3600000,1068496,0.0034,0.001,0.2968,1.0,1.0,3.3692,2666446,531628,0.4975
io_traces.ns716.oracleGeneral.zst,15600000,452462,0.0145,0.0004,0.029,1.0,1.0,34.478,2649689,184584,0.408
io_traces.ns714.oracleGeneral.zst,3600000,515676,0.0034,0.0005,0.1432,1.0,1.0,6.9811,2611719,301212,0.5841
io_traces.ns712.oracleGeneral.zst,2400000,153249,0.0022,0.0001,0.0639,1.0,1.0,15.6608,2633142,8140,0.0531
io_traces.ns711.oracleGeneral.zst,2600000,180540,0.0024,0.0002,0.0694,1.0,1.0,14.4012,2574900,33045,0.183
io_traces.ns710.oracleGeneral.zst,4800000,137765,0.0045,0.0001,0.0287,1.0,1.0,34.8419,2657553,15237,0.1106
io_traces.ns707.oracleGeneral.zst,2400000,163205,0.0022,0.0002,0.068,1.0,1.0,14.7054,2592386,8733,0.0535
io_traces.ns704.oracleGeneral.zst,2400000,107737,0.0022,0.0001,0.0449,1.0,1.0,22.2765,2502098,32367,0.3004
io_traces.ns703.oracleGeneral.zst,2000000,184839,0.0019,0.0002,0.0924,1.0,1.0,10.8202,2606059,103400,0.5594
io_traces.ns702.oracleGeneral.zst,2600000,186515,0.0024,0.0002,0.0717,1.0,1.0,13.9399,2551800,38417,0.206
io_traces.ns701.oracleGeneral.zst,6800000,1266419,0.0063,0.0012,0.1862,1.0,1.0,5.3695,2639664,985338,0.7781
io_traces.ns700.oracleGeneral.zst,2800000,147837,0.0026,0.0001,0.0528,1.0,1.0,18.9398,2511558,58780,0.3976
io_traces.ns7.oracleGeneral.zst,265600000,4808886,0.2474,0.0045,0.0181,1.0,1.0,55.2311,2675400,800848,0.1665
io_traces.ns699.oracleGeneral.zst,2400000,151760,0.0022,0.0001,0.0632,1.0,1.0,15.8144,2647208,11938,0.0787
io_traces.ns697.oracleGeneral.zst,4000000,827835,0.0037,0.0008,0.207,1.0,1.0,4.8319,2570127,560783,0.6774
io_traces.ns695.oracleGeneral.zst,2600000,238531,0.0024,0.0002,0.0917,1.0,1.0,10.9001,2577397,83131,0.3485
io_traces.ns693.oracleGeneral.zst,4600000,127562,0.0043,0.0001,0.0277,1.0,1.0,36.0609,2674650,12359,0.0969
io_traces.ns692.oracleGeneral.zst,1400000,127609,0.0013,0.0001,0.0911,1.0,1.0,10.971,2509276,53325,0.4179
io_traces.ns691.oracleGeneral.zst,2000000,118377,0.0019,0.0001,0.0592,1.0,1.0,16.8952,2467283,7230,0.0611
io_traces.ns69.oracleGeneral.zst,22400000,1752381,0.0209,0.0016,0.0782,1.0,1.0,12.7826,2673330,536754,0.3063
io_traces.ns688.oracleGeneral.zst,4400000,293394,0.0041,0.0003,0.0667,1.0,1.0,14.9969,2569052,109876,0.3745
io_traces.ns687.oracleGeneral.zst,5200000,318072,0.0048,0.0003,0.0612,1.0,1.0,16.3485,2659325,52463,0.1649
io_traces.ns686.oracleGeneral.zst,2800000,154862,0.0026,0.0001,0.0553,1.0,1.0,18.0806,2575613,47530,0.3069
io_traces.ns683.oracleGeneral.zst,2400000,129128,0.0022,0.0001,0.0538,1.0,1.0,18.5862,2539626,55052,0.4263
io_traces.ns68.oracleGeneral.zst,75400000,2903295,0.0702,0.0027,0.0385,1.0,1.0,25.9705,2671865,438838,0.1512
io_traces.ns679.oracleGeneral.zst,723000000,3752865,0.6733,0.0035,0.0052,1.0,1.0,192.6528,2677911,128609,0.0343
io_traces.ns674.oracleGeneral.zst,11400000,808565,0.0106,0.0008,0.0709,1.0,1.0,14.0991,2655126,171002,0.2115
io_traces.ns672.oracleGeneral.zst,2000000,132441,0.0019,0.0001,0.0662,1.0,1.0,15.1011,2482490,11039,0.0834
io_traces.ns670.oracleGeneral.zst,5200000,292176,0.0048,0.0003,0.0562,1.0,1.0,17.7975,2601046,43572,0.1491
io_traces.ns67.oracleGeneral.zst,14600000,8760512,0.0136,0.0082,0.6,1.0,1.0,1.6666,2671623,6152928,0.7023
io_traces.ns668.oracleGeneral.zst,2600000,182535,0.0024,0.0002,0.0702,1.0,1.0,14.2438,2590817,38750,0.2123
io_traces.ns667.oracleGeneral.zst,2200000,134106,0.002,0.0001,0.061,1.0,1.0,16.4049,2503393,54458,0.4061
io_traces.ns666.oracleGeneral.zst,6600000,244446,0.0061,0.0002,0.037,1.0,1.0,26.9998,2645581,77969,0.319
io_traces.ns663.oracleGeneral.zst,22200000,1609111,0.0207,0.0015,0.0725,1.0,1.0,13.7964,2658933,436622,0.2713
io_traces.ns661.oracleGeneral.zst,16000000,996679,0.0149,0.0009,0.0623,1.0,1.0,16.0533,2649787,230288,0.2311
io_traces.ns66.oracleGeneral.zst,39200000,1463687,0.0365,0.0014,0.0373,1.0,1.0,26.7817,2676687,131844,0.0901
io_traces.ns659.oracleGeneral.zst,2200000,139717,0.002,0.0001,0.0635,1.0,1.0,15.7461,2470712,6214,0.0445
io_traces.ns658.oracleGeneral.zst,2600000,184854,0.0024,0.0002,0.0711,1.0,1.0,14.0652,2571634,37428,0.2025
io_traces.ns657.oracleGeneral.zst,2600000,107324,0.0024,0.0001,0.0413,1.0,1.0,24.2257,2672756,30381,0.2831
io_traces.ns655.oracleGeneral.zst,2400000,114472,0.0022,0.0001,0.0477,1.0,1.0,20.9658,2598000,15651,0.1367
io_traces.ns654.oracleGeneral.zst,5600000,380309,0.0052,0.0004,0.0679,1.0,1.0,14.7249,2652035,264973,0.6967
io_traces.ns653.oracleGeneral.zst,4400000,207046,0.0041,0.0002,0.0471,1.0,1.0,21.2513,2542420,54285,0.2622
io_traces.ns651.oracleGeneral.zst,32000000,3242270,0.0298,0.003,0.1013,1.0,1.0,9.8696,2667330,518988,0.1601
io_traces.ns650.oracleGeneral.zst,5800000,222969,0.0054,0.0002,0.0384,1.0,1.0,26.0126,2675785,38458,0.1725
io_traces.ns65.oracleGeneral.zst,2800000,261812,0.0026,0.0002,0.0935,1.0,1.0,10.6947,2582487,112468,0.4296
io_traces.ns649.oracleGeneral.zst,2400000,137943,0.0022,0.0001,0.0575,1.0,1.0,17.3985,2621884,3724,0.027
io_traces.ns646.oracleGeneral.zst,8800000,479602,0.0082,0.0004,0.0545,1.0,1.0,18.3485,2631910,206250,0.43
io_traces.ns643.oracleGeneral.zst,2400000,187794,0.0022,0.0002,0.0782,1.0,1.0,12.78,2677551,19106,0.1017
io_traces.ns642.oracleGeneral.zst,2600000,181834,0.0024,0.0002,0.0699,1.0,1.0,14.2988,2592926,35889,0.1974
io_traces.ns641.oracleGeneral.zst,2600000,191794,0.0024,0.0002,0.0738,1.0,1.0,13.5562,2563294,49710,0.2592
io_traces.ns64.oracleGeneral.zst,21800000,956030,0.0203,0.0009,0.0439,1.0,1.0,22.8026,2671536,381316,0.3989
io_traces.ns639.oracleGeneral.zst,1200000,138048,0.0011,0.0001,0.115,1.0,1.0,8.6926,2366890,64221,0.4652
io_traces.ns634.oracleGeneral.zst,2600000,180132,0.0024,0.0002,0.0693,1.0,1.0,14.4339,2582427,35413,0.1966
io_traces.ns632.oracleGeneral.zst,1200000,194843,0.0011,0.0002,0.1624,1.0,1.0,6.1588,2537875,118596,0.6087
io_traces.ns631.oracleGeneral.zst,57600000,14717995,0.0536,0.0137,0.2555,1.0,1.0,3.9136,2676230,8932668,0.6069
io_traces.ns63.oracleGeneral.zst,6200000,226438,0.0058,0.0002,0.0365,1.0,1.0,27.3806,2659660,42701,0.1886
io_traces.ns627.oracleGeneral.zst,11800000,827349,0.011,0.0008,0.0701,1.0,1.0,14.2624,2642317,185848,0.2246
io_traces.ns625.oracleGeneral.zst,2400000,288002,0.0022,0.0003,0.12,1.0,1.0,8.3333,2475486,178971,0.6214
io_traces.ns624.oracleGeneral.zst,2600000,184358,0.0024,0.0002,0.0709,1.0,1.0,14.103,2572203,39602,0.2148
io_traces.ns623.oracleGeneral.zst,3800000,908635,0.0035,0.0008,0.2391,1.0,1.0,4.1821,2623133,658586,0.7248
io_traces.ns622.oracleGeneral.zst,1600000,100607,0.0015,0.0001,0.0629,1.0,1.0,15.9035,2394938,10125,0.1006
io_traces.ns621.oracleGeneral.zst,4600000,307947,0.0043,0.0003,0.0669,1.0,1.0,14.9376,763131,63656,0.2067
io_traces.ns62.oracleGeneral.zst,37200000,1504197,0.0346,0.0014,0.0404,1.0,1.0,24.7308,2677262,184550,0.1227
io_traces.ns619.oracleGeneral.zst,2400000,160026,0.0022,0.0001,0.0667,1.0,1.0,14.9976,2671440,10757,0.0672
io_traces.ns618.oracleGeneral.zst,7200000,214444,0.0067,0.0002,0.0298,1.0,1.0,33.5752,2636343,46450,0.2166
io_traces.ns616.oracleGeneral.zst,2400000,163370,0.0022,0.0002,0.0681,1.0,1.0,14.6906,2572991,9494,0.0581
io_traces.ns615.oracleGeneral.zst,1600000,106256,0.0015,0.0001,0.0664,1.0,1.0,15.058,2440802,41072,0.3865
io_traces.ns613.oracleGeneral.zst,2400000,162011,0.0022,0.0002,0.0675,1.0,1.0,14.8138,2622327,11190,0.0691
io_traces.ns611.oracleGeneral.zst,2600000,180972,0.0024,0.0002,0.0696,1.0,1.0,14.3669,2532519,35011,0.1935
io_traces.ns61.oracleGeneral.zst,14400000,8784261,0.0134,0.0082,0.61,1.0,1.0,1.6393,2668031,6267459,0.7135
io_traces.ns606.oracleGeneral.zst,2200000,107852,0.002,0.0001,0.049,1.0,1.0,20.3983,2641304,39893,0.3699
io_traces.ns603.oracleGeneral.zst,7200000,269399,0.0067,0.0003,0.0374,1.0,1.0,26.7262,2661513,85835,0.3186
io_traces.ns602.oracleGeneral.zst,1600000,133574,0.0015,0.0001,0.0835,1.0,1.0,11.9784,2418812,30363,0.2273
io_traces.ns601.oracleGeneral.zst,2400000,166252,0.0022,0.0002,0.0693,1.0,1.0,14.4359,2617382,8611,0.0518
io_traces.ns6.oracleGeneral.zst,16400000,1622503,0.0153,0.0015,0.0989,1.0,1.0,10.1078,2639711,65970,0.0407
io_traces.ns599.oracleGeneral.zst,2200000,131239,0.002,0.0001,0.0597,1.0,1.0,16.7633,2622845,48047,0.3661
io_traces.ns595.oracleGeneral.zst,2600000,182016,0.0024,0.0002,0.07,1.0,1.0,14.2845,2579293,37745,0.2074
io_traces.ns594.oracleGeneral.zst,2000000,118240,0.0019,0.0001,0.0591,1.0,1.0,16.9147,2672633,34483,0.2916
io_traces.ns593.oracleGeneral.zst,2200000,151706,0.002,0.0001,0.069,1.0,1.0,14.5017,2455764,5966,0.0393
io_traces.ns591.oracleGeneral.zst,2400000,202652,0.0022,0.0002,0.0844,1.0,1.0,11.843,2660200,25627,0.1265
io_traces.ns590.oracleGeneral.zst,7400000,294292,0.0069,0.0003,0.0398,1.0,1.0,25.1451,2645072,50511,0.1716
io_traces.ns59.oracleGeneral.zst,14200000,8516526,0.0132,0.0079,0.5998,1.0,1.0,1.6673,2646422,5985904,0.7029
io_traces.ns588.oracleGeneral.zst,2400000,161496,0.0022,0.0002,0.0673,1.0,1.0,14.861,2651702,10888,0.0674
io_traces.ns587.oracleGeneral.zst,1400000,132495,0.0013,0.0001,0.0946,1.0,1.0,10.5664,2632208,59767,0.4511
io_traces.ns586.oracleGeneral.zst,2600000,182851,0.0024,0.0002,0.0703,1.0,1.0,14.2192,2587396,34942,0.1911
io_traces.ns583.oracleGeneral.zst,2200000,106681,0.002,0.0001,0.0485,1.0,1.0,20.6222,2601969,39371,0.3691
io_traces.ns580.oracleGeneral.zst,7800000,650901,0.0073,0.0006,0.0834,1.0,1.0,11.9834,2633051,235597,0.362
io_traces.ns58.oracleGeneral.zst,382600000,61248915,0.3563,0.057,0.1601,1.0,1.0,6.2466,2677864,19265110,0.3145
io_traces.ns579.oracleGeneral.zst,2200000,195132,0.002,0.0002,0.0887,1.0,1.0,11.2744,2621675,80769,0.4139
io_traces.ns578.oracleGeneral.zst,9800000,990176,0.0091,0.0009,0.101,1.0,1.0,9.8972,2658841,294382,0.2973
io_traces.ns577.oracleGeneral.zst,4200000,488168,0.0039,0.0005,0.1162,1.0,1.0,8.6036,2660793,333737,0.6837
io_traces.ns574.oracleGeneral.zst,1400000,157261,0.0013,0.0001,0.1123,1.0,1.0,8.9024,2506849,71101,0.4521
io_traces.ns570.oracleGeneral.zst,5800000,895066,0.0054,0.0008,0.1543,1.0,1.0,6.48,2642554,730123,0.8157
io_traces.ns57.oracleGeneral.zst,7400000,627376,0.0069,0.0006,0.0848,1.0,1.0,11.7952,2675903,271677,0.433
io_traces.ns569.oracleGeneral.zst,2600000,180849,0.0024,0.0002,0.0696,1.0,1.0,14.3766,2554835,36829,0.2036
io_traces.ns568.oracleGeneral.zst,2400000,169540,0.0022,0.0002,0.0706,1.0,1.0,14.156,2665471,12144,0.0716
io_traces.ns567.oracleGeneral.zst,2000000,267798,0.0019,0.0002,0.1339,1.0,1.0,7.4683,2495171,128152,0.4785
io_traces.ns566.oracleGeneral.zst,2200000,158822,0.002,0.0001,0.0722,1.0,1.0,13.852,2458005,10927,0.0688
io_traces.ns562.oracleGeneral.zst,1200000,136034,0.0011,0.0001,0.1134,1.0,1.0,8.8213,2332243,68900,0.5065
io_traces.ns561.oracleGeneral.zst,2600000,181636,0.0024,0.0002,0.0699,1.0,1.0,14.3143,2584860,38369,0.2112
io_traces.ns56.oracleGeneral.zst,35200000,1300661,0.0328,0.0012,0.037,1.0,1.0,27.0632,2663746,109723,0.0844
io_traces.ns558.oracleGeneral.zst,6800000,338904,0.0063,0.0003,0.0498,1.0,1.0,20.0647,2626661,52708,0.1555
io_traces.ns556.oracleGeneral.zst,22400000,1673020,0.0209,0.0016,0.0747,1.0,1.0,13.389,2677662,449748,0.2688
io_traces.ns555.oracleGeneral.zst,4000000,1138541,0.0037,0.0011,0.2846,1.0,1.0,3.5133,2640283,695275,0.6107
io_traces.ns554.oracleGeneral.zst,1600000,131925,0.0015,0.0001,0.0825,1.0,1.0,12.1281,2578042,56518,0.4284
io_traces.ns550.oracleGeneral.zst,1600000,128909,0.0015,0.0001,0.0806,1.0,1.0,12.4119,2426802,53756,0.417
io_traces.ns55.oracleGeneral.zst,4400000,466288,0.0041,0.0004,0.106,1.0,1.0,9.4362,2635620,280823,0.6023
io_traces.ns547.oracleGeneral.zst,6600000,347873,0.0061,0.0003,0.0527,1.0,1.0,18.9724,2609635,217754,0.626
io_traces.ns544.oracleGeneral.zst,2400000,160830,0.0022,0.0001,0.067,1.0,1.0,14.9226,2667800,11250,0.0699
io_traces.ns542.oracleGeneral.zst,2600000,137109,0.0024,0.0001,0.0527,1.0,1.0,18.963,2656831,57299,0.4179
io_traces.ns540.oracleGeneral.zst,2000000,101827,0.0019,0.0001,0.0509,1.0,1.0,19.6412,2466711,40480,0.3975
io_traces.ns54.oracleGeneral.zst,44600000,3723850,0.0415,0.0035,0.0835,1.0,1.0,11.9769,2671337,833078,0.2237
io_traces.ns539.oracleGeneral.zst,3600000,154290,0.0034,0.0001,0.0429,1.0,1.0,23.3327,2676696,26219,0.1699
io_traces.ns538.oracleGeneral.zst,14200000,6078812,0.0132,0.0057,0.4281,1.0,1.0,2.336,2624387,4621131,0.7602
io_traces.ns537.oracleGeneral.zst,2200000,157422,0.002,0.0001,0.0716,1.0,1.0,13.9752,2460028,9589,0.0609
io_traces.ns536.oracleGeneral.zst,2000000,236825,0.0019,0.0002,0.1184,1.0,1.0,8.4451,2543008,113923,0.481
io_traces.ns532.oracleGeneral.zst,4200000,149520,0.0039,0.0001,0.0356,1.0,1.0,28.0899,2623598,6178,0.0413
io_traces.ns531.oracleGeneral.zst,2200000,139203,0.002,0.0001,0.0633,1.0,1.0,15.8043,2456372,5029,0.0361
io_traces.ns53.oracleGeneral.zst,1800000,122891,0.0017,0.0001,0.0683,1.0,1.0,14.6471,2505604,56173,0.4571
io_traces.ns525.oracleGeneral.zst,2400000,156472,0.0022,0.0001,0.0652,1.0,1.0,15.3382,2608417,10041,0.0642
io_traces.ns522.oracleGeneral.zst,25400000,1309286,0.0237,0.0012,0.0515,1.0,1.0,19.3999,2661457,289478,0.2211
io_traces.ns521.oracleGeneral.zst,2800000,122871,0.0026,0.0001,0.0439,1.0,1.0,22.7881,2521972,44983,0.3661
io_traces.ns52.oracleGeneral.zst,296800000,53297656,0.2764,0.0496,0.1796,1.0,1.0,5.5687,2677966,18837474,0.3534
io_traces.ns517.oracleGeneral.zst,1800000,142427,0.0017,0.0001,0.0791,1.0,1.0,12.6381,2448403,61860,0.4343
io_traces.ns515.oracleGeneral.zst,2400000,186078,0.0022,0.0002,0.0775,1.0,1.0,12.8978,2511034,104552,0.5619
io_traces.ns513.oracleGeneral.zst,22400000,1664925,0.0209,0.0016,0.0743,1.0,1.0,13.4541,2673810,467005,0.2805
io_traces.ns512.oracleGeneral.zst,7400000,603925,0.0069,0.0006,0.0816,1.0,1.0,12.2532,2632299,416525,0.6897
io_traces.ns511.oracleGeneral.zst,11600000,823195,0.0108,0.0008,0.071,1.0,1.0,14.0914,2660228,172421,0.2095
io_traces.ns510.oracleGeneral.zst,2400000,175499,0.0022,0.0002,0.0731,1.0,1.0,13.6753,2586206,16547,0.0943
io_traces.ns51.oracleGeneral.zst,1200000,141496,0.0011,0.0001,0.1179,1.0,1.0,8.4808,2331834,67268,0.4754
io_traces.ns509.oracleGeneral.zst,22400000,1723296,0.0209,0.0016,0.0769,1.0,1.0,12.9983,2673479,507988,0.2948
io_traces.ns508.oracleGeneral.zst,2200000,139134,0.002,0.0001,0.0632,1.0,1.0,15.8121,2468410,6142,0.0441
io_traces.ns507.oracleGeneral.zst,38800000,4361647,0.0361,0.0041,0.1124,1.0,1.0,8.8957,2675521,1145876,0.2627
io_traces.ns506.oracleGeneral.zst,2200000,139984,0.002,0.0001,0.0636,1.0,1.0,15.7161,2470325,6015,0.043
io_traces.ns504.oracleGeneral.zst,3400000,182536,0.0032,0.0002,0.0537,1.0,1.0,18.6265,2445161,111887,0.613
io_traces.ns502.oracleGeneral.zst,4000000,173960,0.0037,0.0002,0.0435,1.0,1.0,22.9938,2590133,61253,0.3521
io_traces.ns500.oracleGeneral.zst,3800000,127879,0.0035,0.0001,0.0337,1.0,1.0,29.7156,2592942,41536,0.3248
io_traces.ns5.oracleGeneral.zst,22400000,1680780,0.0209,0.0016,0.075,1.0,1.0,13.3271,2669819,465047,0.2767
io_traces.ns498.oracleGeneral.zst,3200000,219272,0.003,0.0002,0.0685,1.0,1.0,14.5937,2583038,53495,0.244
io_traces.ns496.oracleGeneral.zst,1800000,135849,0.0017,0.0001,0.0755,1.0,1.0,13.25,2583971,82600,0.608
io_traces.ns495.oracleGeneral.zst,2600000,184561,0.0024,0.0002,0.071,1.0,1.0,14.0875,2584220,38956,0.2111
io_traces.ns493.oracleGeneral.zst,2600000,179337,0.0024,0.0002,0.069,1.0,1.0,14.4978,2590215,33502,0.1868
io_traces.ns492.oracleGeneral.zst,2200000,169379,0.002,0.0002,0.077,1.0,1.0,12.9886,2655441,12750,0.0753
io_traces.ns491.oracleGeneral.zst,2400000,171953,0.0022,0.0002,0.0716,1.0,1.0,13.9573,2587641,13930,0.081
io_traces.ns49.oracleGeneral.zst,40800000,810045,0.038,0.0008,0.0199,1.0,1.0,50.3676,2673652,78492,0.0969
io_traces.ns489.oracleGeneral.zst,2600000,186760,0.0024,0.0002,0.0718,1.0,1.0,13.9216,2577660,32082,0.1718
io_traces.ns487.oracleGeneral.zst,2200000,179140,0.002,0.0002,0.0814,1.0,1.0,12.2809,2668355,11682,0.0652
io_traces.ns486.oracleGeneral.zst,1600000,144943,0.0015,0.0001,0.0906,1.0,1.0,11.0388,2558028,65915,0.4548
io_traces.ns484.oracleGeneral.zst,8200000,323337,0.0076,0.0003,0.0394,1.0,1.0,25.3605,2654553,66947,0.2071
io_traces.ns483.oracleGeneral.zst,18600000,2017725,0.0173,0.0019,0.1085,1.0,1.0,9.2183,2658756,667882,0.331
io_traces.ns482.oracleGeneral.zst,7400000,561233,0.0069,0.0005,0.0758,1.0,1.0,13.1853,2612059,130460,0.2325
io_traces.ns480.oracleGeneral.zst,2600000,177047,0.0024,0.0002,0.0681,1.0,1.0,14.6854,2568317,32850,0.1855
io_traces.ns48.oracleGeneral.zst,36200000,1441966,0.0337,0.0013,0.0398,1.0,1.0,25.1046,2669974,139544,0.0968
io_traces.ns477.oracleGeneral.zst,2800000,141157,0.0026,0.0001,0.0504,1.0,1.0,19.8361,2665200,59945,0.4247
io_traces.ns474.oracleGeneral.zst,2400000,115666,0.0022,0.0001,0.0482,1.0,1.0,20.7494,2557956,34831,0.3011
io_traces.ns473.oracleGeneral.zst,2200000,154595,0.002,0.0001,0.0703,1.0,1.0,14.2307,2456003,10226,0.0661
io_traces.ns472.oracleGeneral.zst,5000000,215966,0.0047,0.0002,0.0432,1.0,1.0,23.1518,2620160,49133,0.2275
io_traces.ns471.oracleGeneral.zst,2400000,156829,0.0022,0.0001,0.0653,1.0,1.0,15.3033,2659976,6793,0.0433
io_traces.ns470.oracleGeneral.zst,9800000,4348947,0.0091,0.0041,0.4438,1.0,1.0,2.2534,2672371,3721412,0.8557
io_traces.ns47.oracleGeneral.zst,14200000,8746725,0.0132,0.0081,0.616,1.0,1.0,1.6235,2670105,6291063,0.7192
io_traces.ns469.oracleGeneral.zst,1800000,213692,0.0017,0.0002,0.1187,1.0,1.0,8.4233,2440194,128518,0.6014
io_traces.ns468.oracleGeneral.zst,2000000,666849,0.0019,0.0006,0.3334,1.0,1.0,2.9992,2668858,569888,0.8546
io_traces.ns467.oracleGeneral.zst,16000000,797867,0.0149,0.0007,0.0499,1.0,1.0,20.0535,2645979,283045,0.3548
io_traces.ns466.oracleGeneral.zst,39200000,4585053,0.0365,0.0043,0.117,1.0,1.0,8.5495,2657589,2551193,0.5564
io_traces.ns463.oracleGeneral.zst,3800000,261186,0.0035,0.0002,0.0687,1.0,1.0,14.549,2637816,179892,0.6888
io_traces.ns462.oracleGeneral.zst,3000000,237895,0.0028,0.0002,0.0793,1.0,1.0,12.6106,712210,42039,0.1767
io_traces.ns461.oracleGeneral.zst,5400000,264900,0.005,0.0002,0.0491,1.0,1.0,20.3851,2622138,94436,0.3565
io_traces.ns460.oracleGeneral.zst,19000000,2088679,0.0177,0.0019,0.1099,1.0,1.0,9.0967,2674397,671418,0.3215
io_traces.ns46.oracleGeneral.zst,41600000,1626800,0.0387,0.0015,0.0391,1.0,1.0,25.5717,2669797,199248,0.1225
io_traces.ns459.oracleGeneral.zst,2200000,180053,0.002,0.0002,0.0818,1.0,1.0,12.2186,2677739,13549,0.0753
io_traces.ns457.oracleGeneral.zst,3200000,222657,0.003,0.0002,0.0696,1.0,1.0,14.3719,2579989,92113,0.4137
io_traces.ns456.oracleGeneral.zst,2400000,118264,0.0022,0.0001,0.0493,1.0,1.0,20.2936,2567792,43340,0.3665
io_traces.ns455.oracleGeneral.zst,16400000,769924,0.0153,0.0007,0.0469,1.0,1.0,21.3008,2641298,259575,0.3371
io_traces.ns454.oracleGeneral.zst,1400000,125663,0.0013,0.0001,0.0898,1.0,1.0,11.1409,2394393,52459,0.4175
io_traces.ns450.oracleGeneral.zst,2000000,216904,0.0019,0.0002,0.1085,1.0,1.0,9.2207,2514456,100488,0.4633
io_traces.ns45.oracleGeneral.zst,11400000,948184,0.0106,0.0009,0.0832,1.0,1.0,12.023,2640535,296252,0.3124
io_traces.ns449.oracleGeneral.zst,3800000,239978,0.0035,0.0002,0.0632,1.0,1.0,15.8348,2602232,88251,0.3677
io_traces.ns446.oracleGeneral.zst,11600000,1128925,0.0108,0.0011,0.0973,1.0,1.0,10.2753,2639379,487543,0.4319
io_traces.ns445.oracleGeneral.zst,16600000,1878388,0.0155,0.0017,0.1132,1.0,1.0,8.8374,2647931,709925,0.3779
io_traces.ns440.oracleGeneral.zst,3200000,726319,0.003,0.0007,0.227,1.0,1.0,4.4058,2583196,464679,0.6398
io_traces.ns44.oracleGeneral.zst,3200000,379277,0.003,0.0004,0.1185,1.0,1.0,8.4371,2543072,185426,0.4889
io_traces.ns439.oracleGeneral.zst,4400000,170697,0.0041,0.0002,0.0388,1.0,1.0,25.7767,2636899,38345,0.2246
io_traces.ns437.oracleGeneral.zst,4200000,198074,0.0039,0.0002,0.0472,1.0,1.0,21.2042,2651871,88255,0.4456
io_traces.ns436.oracleGeneral.zst,2000000,166470,0.0019,0.0002,0.0832,1.0,1.0,12.0142,2454974,11714,0.0704
io_traces.ns435.oracleGeneral.zst,34000000,3061043,0.0317,0.0029,0.09,1.0,1.0,11.1073,2675241,473414,0.1547
io_traces.ns434.oracleGeneral.zst,15600000,1889517,0.0145,0.0018,0.1211,1.0,1.0,8.2561,2676249,962221,0.5092
io_traces.ns433.oracleGeneral.zst,5400000,233760,0.005,0.0002,0.0433,1.0,1.0,23.1006,2591493,76260,0.3262
io_traces.ns431.oracleGeneral.zst,2800000,151495,0.0026,0.0001,0.0541,1.0,1.0,18.4825,2548503,41213,0.272
io_traces.ns430.oracleGeneral.zst,15600000,1105855,0.0145,0.001,0.0709,1.0,1.0,14.1067,2674529,298358,0.2698
io_traces.ns43.oracleGeneral.zst,14800000,9199337,0.0138,0.0086,0.6216,1.0,1.0,1.6088,2674909,6706833,0.7291
io_traces.ns429.oracleGeneral.zst,2400000,232827,0.0022,0.0002,0.097,1.0,1.0,10.3081,2503958,115960,0.4981
io_traces.ns427.oracleGeneral.zst,16800000,813597,0.0156,0.0008,0.0484,1.0,1.0,20.649,2510631,287802,0.3537
io_traces.ns425.oracleGeneral.zst,1200000,124299,0.0011,0.0001,0.1036,1.0,1.0,9.6541,2352921,52869,0.4253
io_traces.ns424.oracleGeneral.zst,7600000,790134,0.0071,0.0007,0.104,1.0,1.0,9.6186,2645071,458417,0.5802
io_traces.ns421.oracleGeneral.zst,8600000,449204,0.008,0.0004,0.0522,1.0,1.0,19.145,2651355,119861,0.2668
io_traces.ns418.oracleGeneral.zst,2600000,180953,0.0024,0.0002,0.0696,1.0,1.0,14.3684,2588719,36349,0.2009
io_traces.ns417.oracleGeneral.zst,2800000,173786,0.0026,0.0002,0.0621,1.0,1.0,16.1118,2555652,64125,0.369
io_traces.ns416.oracleGeneral.zst,2400000,166001,0.0022,0.0002,0.0692,1.0,1.0,14.4577,2481293,12729,0.0767
io_traces.ns412.oracleGeneral.zst,5400000,439354,0.005,0.0004,0.0814,1.0,1.0,12.2908,2598926,120062,0.2733
io_traces.ns410.oracleGeneral.zst,1400000,131238,0.0013,0.0001,0.0937,1.0,1.0,10.6676,2635832,58162,0.4432
io_traces.ns41.oracleGeneral.zst,8600000,618177,0.008,0.0006,0.0719,1.0,1.0,13.9119,2673705,336998,0.5451
io_traces.ns409.oracleGeneral.zst,2200000,108387,0.002,0.0001,0.0493,1.0,1.0,20.2976,2639143,34614,0.3194
io_traces.ns408.oracleGeneral.zst,10400000,471292,0.0097,0.0004,0.0453,1.0,1.0,22.067,2627401,100414,0.2131
io_traces.ns407.oracleGeneral.zst,3000000,164002,0.0028,0.0002,0.0547,1.0,1.0,18.2925,2603839,62149,0.379
io_traces.ns405.oracleGeneral.zst,6200000,232847,0.0058,0.0002,0.0376,1.0,1.0,26.6269,2656019,46106,0.198
io_traces.ns404.oracleGeneral.zst,10600000,790003,0.0099,0.0007,0.0745,1.0,1.0,13.4177,2662472,385822,0.4884
io_traces.ns403.oracleGeneral.zst,2600000,158911,0.0024,0.0001,0.0611,1.0,1.0,16.3614,2555431,62009,0.3902
io_traces.ns402.oracleGeneral.zst,22400000,1671302,0.0209,0.0016,0.0746,1.0,1.0,13.4027,2672576,460766,0.2757
io_traces.ns401.oracleGeneral.zst,11600000,1219785,0.0108,0.0011,0.1052,1.0,1.0,9.5099,2644022,289410,0.2373
io_traces.ns400.oracleGeneral.zst,2000000,117270,0.0019,0.0001,0.0586,1.0,1.0,17.0547,2466541,6095,0.052
io_traces.ns40.oracleGeneral.zst,264400000,4661264,0.2462,0.0043,0.0176,1.0,1.0,56.7228,2672202,756306,0.1623
io_traces.ns4.oracleGeneral.zst,1576000000,49827717,1.4678,0.0464,0.0316,1.0,1.0,31.629,2677971,602884,0.0121
io_traces.ns399.oracleGeneral.zst,22400000,1667509,0.0209,0.0016,0.0744,1.0,1.0,13.4332,2677765,455683,0.2733
io_traces.ns398.oracleGeneral.zst,7600000,337992,0.0071,0.0003,0.0445,1.0,1.0,22.4857,2607570,105534,0.3122
io_traces.ns397.oracleGeneral.zst,4400000,201967,0.0041,0.0002,0.0459,1.0,1.0,21.7857,2644986,54835,0.2715
io_traces.ns396.oracleGeneral.zst,8200000,509733,0.0076,0.0005,0.0622,1.0,1.0,16.0869,2667314,90767,0.1781
io_traces.ns395.oracleGeneral.zst,11800000,1239086,0.011,0.0012,0.105,1.0,1.0,9.5231,2674955,273852,0.221
io_traces.ns392.oracleGeneral.zst,2000000,174478,0.0019,0.0002,0.0872,1.0,1.0,11.4628,2455375,12284,0.0704
io_traces.ns391.oracleGeneral.zst,42200000,4276845,0.0393,0.004,0.1013,1.0,1.0,9.8671,2677872,1090157,0.2549
io_traces.ns390.oracleGeneral.zst,1400000,129346,0.0013,0.0001,0.0924,1.0,1.0,10.8237,2605205,55104,0.426
io_traces.ns39.oracleGeneral.zst,14800000,9069675,0.0138,0.0084,0.6128,1.0,1.0,1.6318,2669467,6499250,0.7166
io_traces.ns389.oracleGeneral.zst,2400000,159904,0.0022,0.0001,0.0666,1.0,1.0,15.009,2669401,10435,0.0653
io_traces.ns387.oracleGeneral.zst,2400000,161092,0.0022,0.0002,0.0671,1.0,1.0,14.8983,2646770,8002,0.0497
io_traces.ns386.oracleGeneral.zst,2200000,139555,0.002,0.0001,0.0634,1.0,1.0,15.7644,2461022,8099,0.058
io_traces.ns383.oracleGeneral.zst,1200000,112274,0.0011,0.0001,0.0936,1.0,1.0,10.6881,2326157,50491,0.4497
io_traces.ns38.oracleGeneral.zst,1053400000,3315765,0.9811,0.0031,0.0031,1.0,1.0,317.6944,2677988,31497,0.0095
io_traces.ns378.oracleGeneral.zst,12000000,828885,0.0112,0.0008,0.0691,1.0,1.0,14.4773,2671712,176347,0.2128
io_traces.ns376.oracleGeneral.zst,3400000,157329,0.0032,0.0001,0.0463,1.0,1.0,21.6108,2575580,68165,0.4333
io_traces.ns375.oracleGeneral.zst,3000000,1194738,0.0028,0.0011,0.3982,1.0,1.0,2.511,2672349,1146568,0.9597
io_traces.ns374.oracleGeneral.zst,3800000,291484,0.0035,0.0003,0.0767,1.0,1.0,13.0367,2655419,193118,0.6625
io_traces.ns373.oracleGeneral.zst,9800000,226887,0.0091,0.0002,0.0232,1.0,1.0,43.1933,2627704,61080,0.2692
io_traces.ns372.oracleGeneral.zst,18400000,975236,0.0171,0.0009,0.053,1.0,1.0,18.8672,2660296,213129,0.2185
io_traces.ns371.oracleGeneral.zst,1600000,226336,0.0015,0.0002,0.1415,1.0,1.0,7.0691,2557261,35915,0.1587
io_traces.ns37.oracleGeneral.zst,20200000,3005363,0.0188,0.0028,0.1488,1.0,1.0,6.7213,2675872,2120001,0.7054
io_traces.ns369.oracleGeneral.zst,21000000,4554272,0.0196,0.0042,0.2169,1.0,1.0,4.6111,2666039,4434083,0.9736
io_traces.ns368.oracleGeneral.zst,2800000,137092,0.0026,0.0001,0.049,1.0,1.0,20.4242,2591561,40423,0.2949
io_traces.ns366.oracleGeneral.zst,1200000,127517,0.0011,0.0001,0.1063,1.0,1.0,9.4105,2201950,58201,0.4564
io_traces.ns363.oracleGeneral.zst,6400000,3856783,0.006,0.0036,0.6026,1.0,1.0,1.6594,2601984,3283045,0.8512
io_traces.ns361.oracleGeneral.zst,15800000,1756824,0.0147,0.0016,0.1112,1.0,1.0,8.9935,2654895,579976,0.3301
io_traces.ns360.oracleGeneral.zst,9600000,443982,0.0089,0.0004,0.0462,1.0,1.0,21.6225,2635518,70160,0.158
io_traces.ns36.oracleGeneral.zst,14400000,8666317,0.0134,0.0081,0.6018,1.0,1.0,1.6616,2670350,6126878,0.707
io_traces.ns359.oracleGeneral.zst,11600000,795703,0.0108,0.0007,0.0686,1.0,1.0,14.5783,2649178,167747,0.2108
io_traces.ns358.oracleGeneral.zst,15400000,1234952,0.0143,0.0012,0.0802,1.0,1.0,12.4701,2669951,418493,0.3389
io_traces.ns357.oracleGeneral.zst,1400000,128833,0.0013,0.0001,0.092,1.0,1.0,10.8668,2415601,56183,0.4361
io_traces.ns356.oracleGeneral.zst,4800000,217265,0.0045,0.0002,0.0453,1.0,1.0,22.0928,2654946,53621,0.2468
io_traces.ns355.oracleGeneral.zst,3200000,362471,0.003,0.0003,0.1133,1.0,1.0,8.8283,2669106,125599,0.3465
io_traces.ns354.oracleGeneral.zst,24400000,3569973,0.0227,0.0033,0.1463,1.0,1.0,6.8348,2669044,1482147,0.4152
io_traces.ns352.oracleGeneral.zst,2200000,176626,0.002,0.0002,0.0803,1.0,1.0,12.4557,2619251,88455,0.5008
io_traces.ns351.oracleGeneral.zst,3200000,155348,0.003,0.0001,0.0485,1.0,1.0,20.5989,2657421,45663,0.2939
io_traces.ns35.oracleGeneral.zst,14600000,8767707,0.0136,0.0082,0.6005,1.0,1.0,1.6652,2675119,6141554,0.7005
io_traces.ns349.oracleGeneral.zst,3600000,226636,0.0034,0.0002,0.063,1.0,1.0,15.8845,2648408,67506,0.2979
io_traces.ns348.oracleGeneral.zst,15600000,2476972,0.0145,0.0023,0.1588,1.0,1.0,6.298,2647320,1087963,0.4392
io_traces.ns347.oracleGeneral.zst,3200000,187970,0.003,0.0002,0.0587,1.0,1.0,17.024,2591793,49439,0.263
io_traces.ns345.oracleGeneral.zst,14000000,6174470,0.013,0.0058,0.441,1.0,1.0,2.2674,2633060,4731755,0.7663
io_traces.ns344.oracleGeneral.zst,2400000,334654,0.0022,0.0003,0.1394,1.0,1.0,7.1716,2654645,197818,0.5911
io_traces.ns343.oracleGeneral.zst,2400000,181434,0.0022,0.0002,0.0756,1.0,1.0,13.228,2592387,12824,0.0707
io_traces.ns342.oracleGeneral.zst,3000000,214860,0.0028,0.0002,0.0716,1.0,1.0,13.9626,2503281,70537,0.3283
io_traces.ns340.oracleGeneral.zst,5000000,316406,0.0047,0.0003,0.0633,1.0,1.0,15.8025,2610323,82091,0.2594
io_traces.ns34.oracleGeneral.zst,18800000,1626319,0.0175,0.0015,0.0865,1.0,1.0,11.5598,2653905,1341631,0.8249
io_traces.ns339.oracleGeneral.zst,11800000,1225138,0.011,0.0011,0.1038,1.0,1.0,9.6316,2677489,274422,0.224
io_traces.ns338.oracleGeneral.zst,3600000,332050,0.0034,0.0003,0.0922,1.0,1.0,10.8417,1122194,125385,0.3776
io_traces.ns337.oracleGeneral.zst,2600000,115506,0.0024,0.0001,0.0444,1.0,1.0,22.5097,2530941,3863,0.0334
io_traces.ns336.oracleGeneral.zst,57600000,1742338,0.0536,0.0016,0.0302,1.0,1.0,33.059,2670913,193774,0.1112
io_traces.ns335.oracleGeneral.zst,23200000,757055,0.0216,0.0007,0.0326,1.0,1.0,30.6451,2677164,185109,0.2445
io_traces.ns334.oracleGeneral.zst,6800000,356735,0.0063,0.0003,0.0525,1.0,1.0,19.0618,2662214,151614,0.425
io_traces.ns332.oracleGeneral.zst,28000000,992357,0.0261,0.0009,0.0354,1.0,1.0,28.2157,2665080,234265,0.2361
io_traces.ns331.oracleGeneral.zst,5200000,312119,0.0048,0.0003,0.06,1.0,1.0,16.6603,2611850,125389,0.4017
io_traces.ns33.oracleGeneral.zst,38600000,1704797,0.0359,0.0016,0.0442,1.0,1.0,22.642,2675109,192566,0.113
io_traces.ns329.oracleGeneral.zst,10600000,513846,0.0099,0.0005,0.0485,1.0,1.0,20.6287,2662296,111784,0.2175
io_traces.ns327.oracleGeneral.zst,22400000,1655498,0.0209,0.0015,0.0739,1.0,1.0,13.5307,2677220,441334,0.2666
io_traces.ns326.oracleGeneral.zst,10200000,117220,0.0095,0.0001,0.0115,1.0,1.0,87.0159,2653413,61700,0.5264
io_traces.ns325.oracleGeneral.zst,2800000,177133,0.0026,0.0002,0.0633,1.0,1.0,15.8073,2555644,68469,0.3865
io_traces.ns324.oracleGeneral.zst,11800000,1253159,0.011,0.0012,0.1062,1.0,1.0,9.4162,2667349,296953,0.237
io_traces.ns322.oracleGeneral.zst,3600000,242420,0.0034,0.0002,0.0673,1.0,1.0,14.8503,2555887,84729,0.3495
io_traces.ns321.oracleGeneral.zst,2000000,172903,0.0019,0.0002,0.0865,1.0,1.0,11.5672,2577549,26079,0.1508
io_traces.ns320.oracleGeneral.zst,1800000,230713,0.0017,0.0002,0.1282,1.0,1.0,7.8019,2506488,124664,0.5403
io_traces.ns32.oracleGeneral.zst,164200000,25059327,0.1529,0.0233,0.1526,1.0,1.0,6.5525,2673265,15565658,0.6212
io_traces.ns319.oracleGeneral.zst,7200000,244937,0.0067,0.0002,0.034,1.0,1.0,29.3953,2640717,95964,0.3918
io_traces.ns318.oracleGeneral.zst,11600000,830795,0.0108,0.0008,0.0716,1.0,1.0,13.9625,2636555,192684,0.2319
io_traces.ns316.oracleGeneral.zst,12600000,1706185,0.0117,0.0016,0.1354,1.0,1.0,7.3849,2657756,1348989,0.7906
io_traces.ns314.oracleGeneral.zst,4400000,208067,0.0041,0.0002,0.0473,1.0,1.0,21.147,2672143,63245,0.304
io_traces.ns313.oracleGeneral.zst,2800000,233303,0.0026,0.0002,0.0833,1.0,1.0,12.0016,2473469,89495,0.3836
io_traces.ns311.oracleGeneral.zst,30200000,1175903,0.0281,0.0011,0.0389,1.0,1.0,25.6824,2674806,291719,0.2481
io_traces.ns310.oracleGeneral.zst,10400000,773290,0.0097,0.0007,0.0744,1.0,1.0,13.449,2657628,356012,0.4604
io_traces.ns31.oracleGeneral.zst,3800000,181614,0.0035,0.0002,0.0478,1.0,1.0,20.9235,2556923,82559,0.4546
io_traces.ns309.oracleGeneral.zst,2600000,180088,0.0024,0.0002,0.0693,1.0,1.0,14.4374,2567401,37799,0.2099
io_traces.ns308.oracleGeneral.zst,2000000,115572,0.0019,0.0001,0.0578,1.0,1.0,17.3052,2431981,44668,0.3865
io_traces.ns305.oracleGeneral.zst,4200000,452298,0.0039,0.0004,0.1077,1.0,1.0,9.2859,2642622,285247,0.6307
io_traces.ns304.oracleGeneral.zst,2800000,183960,0.0026,0.0002,0.0657,1.0,1.0,15.2207,2576670,78512,0.4268
io_traces.ns303.oracleGeneral.zst,16200000,9838053,0.0151,0.0092,0.6073,1.0,1.0,1.6467,2665794,6864917,0.6978
io_traces.ns30.oracleGeneral.zst,39800000,1540140,0.0371,0.0014,0.0387,1.0,1.0,25.8418,2666665,159980,0.1039
io_traces.ns3.oracleGeneral.zst,23800000,3158687,0.0222,0.0029,0.1327,1.0,1.0,7.5348,2646345,77334,0.0245
io_traces.ns298.oracleGeneral.zst,2400000,161239,0.0022,0.0002,0.0672,1.0,1.0,14.8847,2602850,10316,0.064
io_traces.ns296.oracleGeneral.zst,14600000,342112,0.0136,0.0003,0.0234,1.0,1.0,42.6761,2674409,47886,0.14
io_traces.ns295.oracleGeneral.zst,44600000,1669535,0.0415,0.0016,0.0374,1.0,1.0,26.714,2671210,205016,0.1228
io_traces.ns294.oracleGeneral.zst,6200000,516856,0.0058,0.0005,0.0834,1.0,1.0,11.9956,2658694,308421,0.5967
io_traces.ns293.oracleGeneral.zst,86000000,7582334,0.0801,0.0071,0.0882,1.0,1.0,11.3422,2676815,2983294,0.3935
io_traces.ns290.oracleGeneral.zst,7800000,422918,0.0073,0.0004,0.0542,1.0,1.0,18.4433,2614721,86529,0.2046
io_traces.ns29.oracleGeneral.zst,11200000,2858822,0.0104,0.0027,0.2553,1.0,1.0,3.9177,2654464,1455188,0.509
io_traces.ns289.oracleGeneral.zst,27400000,1552979,0.0255,0.0014,0.0567,1.0,1.0,17.6435,2662121,767302,0.4941
io_traces.ns288.oracleGeneral.zst,1200000,320935,0.0011,0.0003,0.2674,1.0,1.0,3.7391,2240290,257311,0.8018
io_traces.ns287.oracleGeneral.zst,11000000,303926,0.0102,0.0003,0.0276,1.0,1.0,36.193,2659202,57641,0.1897
io_traces.ns286.oracleGeneral.zst,5000000,203765,0.0047,0.0002,0.0408,1.0,1.0,24.5381,2581413,44503,0.2184
io_traces.ns284.oracleGeneral.zst,1200000,104585,0.0011,0.0001,0.0872,1.0,1.0,11.4739,2455852,43285,0.4139
io_traces.ns283.oracleGeneral.zst,26200000,4049245,0.0244,0.0038,0.1546,1.0,1.0,6.4703,2661843,1705135,0.4211
io_traces.ns282.oracleGeneral.zst,15800000,944609,0.0147,0.0009,0.0598,1.0,1.0,16.7265,2621504,232281,0.2459
io_traces.ns281.oracleGeneral.zst,3400000,192656,0.0032,0.0002,0.0567,1.0,1.0,17.648,2630041,106245,0.5515
io_traces.ns280.oracleGeneral.zst,3200000,331661,0.003,0.0003,0.1036,1.0,1.0,9.6484,2581236,184415,0.556
io_traces.ns28.oracleGeneral.zst,14400000,8678416,0.0134,0.0081,0.6027,1.0,1.0,1.6593,2666679,6114633,0.7046
io_traces.ns279.oracleGeneral.zst,10800000,772174,0.0101,0.0007,0.0715,1.0,1.0,13.9865,2671532,326283,0.4226
io_traces.ns278.oracleGeneral.zst,8400000,1247376,0.0078,0.0012,0.1485,1.0,1.0,6.7341,2677814,708285,0.5678
io_traces.ns277.oracleGeneral.zst,593800000,267039,0.553,0.0002,0.0004,1.0,1.0,2223.6452,2677884,46953,0.1758
io_traces.ns276.oracleGeneral.zst,51600000,4523085,0.0481,0.0042,0.0877,1.0,1.0,11.4081,2652297,602464,0.1332
io_traces.ns275.oracleGeneral.zst,13800000,6226750,0.0129,0.0058,0.4512,1.0,1.0,2.2162,2674588,4777968,0.7673
io_traces.ns274.oracleGeneral.zst,3000000,247105,0.0028,0.0002,0.0824,1.0,1.0,12.1406,689644,53850,0.2179
io_traces.ns273.oracleGeneral.zst,11800000,1220410,0.011,0.0011,0.1034,1.0,1.0,9.6689,2669782,280345,0.2297
io_traces.ns272.oracleGeneral.zst,9200000,500139,0.0086,0.0005,0.0544,1.0,1.0,18.3949,2664537,282624,0.5651
io_traces.ns271.oracleGeneral.zst,6600000,558035,0.0061,0.0005,0.0846,1.0,1.0,11.8272,2654571,213013,0.3817
io_traces.ns27.oracleGeneral.zst,14200000,8798285,0.0132,0.0082,0.6196,1.0,1.0,1.614,2665577,6376560,0.7248
io_traces.ns269.oracleGeneral.zst,10400000,2604566,0.0097,0.0024,0.2504,1.0,1.0,3.993,2611581,1994927,0.7659
io_traces.ns266.oracleGeneral.zst,7600000,846683,0.0071,0.0008,0.1114,1.0,1.0,8.9762,1485777,293153,0.3462
io_traces.ns265.oracleGeneral.zst,11800000,803875,0.011,0.0007,0.0681,1.0,1.0,14.6789,2640761,434835,0.5409
io_traces.ns264.oracleGeneral.zst,19000000,1796941,0.0177,0.0017,0.0946,1.0,1.0,10.5735,2671494,455314,0.2534
io_traces.ns263.oracleGeneral.zst,29800000,2573782,0.0278,0.0024,0.0864,1.0,1.0,11.5783,2667220,1046516,0.4066
io_traces.ns262.oracleGeneral.zst,78800000,2513815,0.0734,0.0023,0.0319,1.0,1.0,31.3468,2675917,332454,0.1323
io_traces.ns261.oracleGeneral.zst,7800000,3194725,0.0073,0.003,0.4096,1.0,1.0,2.4415,2665794,2496600,0.7815
io_traces.ns260.oracleGeneral.zst,3000000,461185,0.0028,0.0004,0.1537,1.0,1.0,6.505,2570353,329134,0.7137
io_traces.ns26.oracleGeneral.zst,21400000,5759655,0.0199,0.0054,0.2691,1.0,1.0,3.7155,2649853,2420006,0.4202
io_traces.ns259.oracleGeneral.zst,22000000,711391,0.0205,0.0007,0.0323,1.0,1.0,30.9253,2667589,189848,0.2669
io_traces.ns258.oracleGeneral.zst,2400000,169748,0.0022,0.0002,0.0707,1.0,1.0,14.1386,2660411,14316,0.0843
io_traces.ns257.oracleGeneral.zst,17000000,853951,0.0158,0.0008,0.0502,1.0,1.0,19.9075,2663579,233491,0.2734
io_traces.ns256.oracleGeneral.zst,97800000,7124065,0.0911,0.0066,0.0728,1.0,1.0,13.7281,2676995,1151564,0.1616
io_traces.ns255.oracleGeneral.zst,2200000,235204,0.002,0.0002,0.1069,1.0,1.0,9.3536,2667968,166900,0.7096
io_traces.ns254.oracleGeneral.zst,16200000,9796051,0.0151,0.0091,0.6047,1.0,1.0,1.6537,2663648,6816853,0.6959
io_traces.ns252.oracleGeneral.zst,1400000,114374,0.0013,0.0001,0.0817,1.0,1.0,12.2405,2474277,39249,0.3432
io_traces.ns251.oracleGeneral.zst,43400000,1460006,0.0404,0.0014,0.0336,1.0,1.0,29.7259,2670928,159101,0.109
io_traces.ns250.oracleGeneral.zst,7600000,607333,0.0071,0.0006,0.0799,1.0,1.0,12.5137,2608741,210848,0.3472
io_traces.ns25.oracleGeneral.zst,10200000,4352623,0.0095,0.0041,0.4267,1.0,1.0,2.3434,2655142,2142833,0.4923
io_traces.ns249.oracleGeneral.zst,2400000,177009,0.0022,0.0002,0.0738,1.0,1.0,13.5586,2605446,16025,0.0905
io_traces.ns248.oracleGeneral.zst,14200000,8521121,0.0132,0.0079,0.6001,1.0,1.0,1.6664,2645668,6005777,0.7048
io_traces.ns247.oracleGeneral.zst,23400000,743312,0.0218,0.0007,0.0318,1.0,1.0,31.4807,2663027,159479,0.2146
io_traces.ns246.oracleGeneral.zst,14000000,244086,0.013,0.0002,0.0174,1.0,1.0,57.3568,2667661,56576,0.2318
io_traces.ns244.oracleGeneral.zst,4600000,646883,0.0043,0.0006,0.1406,1.0,1.0,7.111,2619546,368230,0.5692
io_traces.ns242.oracleGeneral.zst,19400000,2047362,0.0181,0.0019,0.1055,1.0,1.0,9.4756,2653376,584530,0.2855
io_traces.ns241.oracleGeneral.zst,37400000,2051082,0.0348,0.0019,0.0548,1.0,1.0,18.2343,2668202,269127,0.1312
io_traces.ns240.oracleGeneral.zst,7800000,417410,0.0073,0.0004,0.0535,1.0,1.0,18.6867,2615776,81453,0.1951
io_traces.ns24.oracleGeneral.zst,37000000,1447915,0.0345,0.0013,0.0391,1.0,1.0,25.554,2664946,142285,0.0983
io_traces.ns239.oracleGeneral.zst,39800000,1621525,0.0371,0.0015,0.0407,1.0,1.0,24.5448,2675550,163485,0.1008
io_traces.ns238.oracleGeneral.zst,5600000,250708,0.0052,0.0002,0.0448,1.0,1.0,22.3367,2634532,69647,0.2778
io_traces.ns237.oracleGeneral.zst,12400000,1457013,0.0115,0.0014,0.1175,1.0,1.0,8.5106,2639194,250453,0.1719
io_traces.ns236.oracleGeneral.zst,35400000,1462238,0.033,0.0014,0.0413,1.0,1.0,24.2095,2665171,141253,0.0966
io_traces.ns235.oracleGeneral.zst,1600000,169046,0.0015,0.0002,0.1057,1.0,1.0,9.4649,2558473,72392,0.4282
io_traces.ns234.oracleGeneral.zst,26400000,932294,0.0246,0.0009,0.0353,1.0,1.0,28.3172,2672463,192592,0.2066
io_traces.ns233.oracleGeneral.zst,2400000,166195,0.0022,0.0002,0.0692,1.0,1.0,14.4409,2662324,13100,0.0788
io_traces.ns232.oracleGeneral.zst,18800000,1626212,0.0175,0.0015,0.0865,1.0,1.0,11.5606,2656425,1333026,0.8197
io_traces.ns231.oracleGeneral.zst,14400000,8744980,0.0134,0.0081,0.6073,1.0,1.0,1.6467,2659445,6223795,0.7117
io_traces.ns230.oracleGeneral.zst,2600000,136865,0.0024,0.0001,0.0526,1.0,1.0,18.9968,2634515,52116,0.3808
io_traces.ns23.oracleGeneral.zst,36800000,2930717,0.0343,0.0027,0.0796,1.0,1.0,12.5567,2668203,477386,0.1629
io_traces.ns229.oracleGeneral.zst,2400000,174883,0.0022,0.0002,0.0729,1.0,1.0,13.7235,2638504,16362,0.0936
io_traces.ns228.oracleGeneral.zst,104400000,2594172,0.0972,0.0024,0.0248,1.0,1.0,40.2441,2552802,546608,0.2107
io_traces.ns227.oracleGeneral.zst,11600000,1465943,0.0108,0.0014,0.1264,1.0,1.0,7.913,2648735,823363,0.5617
io_traces.ns226.oracleGeneral.zst,20600000,1320909,0.0192,0.0012,0.0641,1.0,1.0,15.5953,2672106,378171,0.2863
io_traces.ns225.oracleGeneral.zst,804000000,80622509,0.7488,0.0751,0.1003,1.0,1.0,9.9724,2678009,20103148,0.2493
io_traces.ns223.oracleGeneral.zst,13200000,1356024,0.0123,0.0013,0.1027,1.0,1.0,9.7343,2653921,976239,0.7199
io_traces.ns222.oracleGeneral.zst,11800000,735079,0.011,0.0007,0.0623,1.0,1.0,16.0527,2664133,234861,0.3195
io_traces.ns221.oracleGeneral.zst,14200000,6359165,0.0132,0.0059,0.4478,1.0,1.0,2.233,2660431,4888136,0.7687
io_traces.ns220.oracleGeneral.zst,7400000,3592759,0.0069,0.0033,0.4855,1.0,1.0,2.0597,1945448,2420066,0.6736
io_traces.ns22.oracleGeneral.zst,14600000,8782438,0.0136,0.0082,0.6015,1.0,1.0,1.6624,2670941,6187617,0.7045
io_traces.ns219.oracleGeneral.zst,35600000,3088760,0.0332,0.0029,0.0868,1.0,1.0,11.5257,2677822,541989,0.1755
io_traces.ns218.oracleGeneral.zst,2000000,156332,0.0019,0.0001,0.0782,1.0,1.0,12.7933,2421972,43962,0.2812
io_traces.ns217.oracleGeneral.zst,1800000,151054,0.0017,0.0001,0.0839,1.0,1.0,11.9163,1159834,28164,0.1864
io_traces.ns216.oracleGeneral.zst,1400000,104866,0.0013,0.0001,0.0749,1.0,1.0,13.3504,2410686,40616,0.3873
io_traces.ns215.oracleGeneral.zst,8400000,291947,0.0078,0.0003,0.0348,1.0,1.0,28.7723,2622753,130183,0.4459
io_traces.ns214.oracleGeneral.zst,2400000,174520,0.0022,0.0002,0.0727,1.0,1.0,13.752,2608093,14921,0.0855
io_traces.ns213.oracleGeneral.zst,14200000,8757558,0.0132,0.0082,0.6167,1.0,1.0,1.6215,2656575,6341256,0.7241
io_traces.ns212.oracleGeneral.zst,3400000,1524974,0.0032,0.0014,0.4485,1.0,1.0,2.2295,2604169,1252069,0.821
io_traces.ns211.oracleGeneral.zst,14200000,1552057,0.0132,0.0014,0.1093,1.0,1.0,9.1491,2640211,604447,0.3894
io_traces.ns210.oracleGeneral.zst,11600000,2198925,0.0108,0.002,0.1896,1.0,1.0,5.2753,2647207,1194837,0.5434
io_traces.ns21.oracleGeneral.zst,33000000,130976,0.0307,0.0001,0.004,1.0,1.0,251.9546,2668730,18896,0.1443
io_traces.ns209.oracleGeneral.zst,3800000,1480791,0.0035,0.0014,0.3897,1.0,1.0,2.5662,2550027,1120932,0.757
io_traces.ns208.oracleGeneral.zst,18800000,1611845,0.0175,0.0015,0.0857,1.0,1.0,11.6637,2653489,1326603,0.823
io_traces.ns207.oracleGeneral.zst,51400000,23676837,0.0479,0.0221,0.4606,1.0,1.0,2.1709,2658771,17355296,0.733
io_traces.ns206.oracleGeneral.zst,465400000,4311512,0.4334,0.004,0.0093,1.0,1.0,107.9436,2677871,1771915,0.411
io_traces.ns205.oracleGeneral.zst,19600000,2061906,0.0183,0.0019,0.1052,1.0,1.0,9.5058,2673414,565396,0.2742
io_traces.ns204.oracleGeneral.zst,2200000,153795,0.002,0.0001,0.0699,1.0,1.0,14.3048,2465554,10388,0.0675
io_traces.ns203.oracleGeneral.zst,4600000,185536,0.0043,0.0002,0.0403,1.0,1.0,24.793,2581868,55260,0.2978
io_traces.ns202.oracleGeneral.zst,7800000,1309669,0.0073,0.0012,0.1679,1.0,1.0,5.9557,2638328,924164,0.7056
io_traces.ns201.oracleGeneral.zst,14400000,8708479,0.0134,0.0081,0.6048,1.0,1.0,1.6536,2649849,6180900,0.7098
io_traces.ns200.oracleGeneral.zst,14400000,8730529,0.0134,0.0081,0.6063,1.0,1.0,1.6494,2650893,6210536,0.7114
io_traces.ns20.oracleGeneral.zst,14400000,8706463,0.0134,0.0081,0.6046,1.0,1.0,1.6539,2653704,6130724,0.7042
io_traces.ns2.oracleGeneral.zst,25600000,1597132,0.0238,0.0015,0.0624,1.0,1.0,16.0287,2605863,517530,0.324
io_traces.ns199.oracleGeneral.zst,2400000,160795,0.0022,0.0001,0.067,1.0,1.0,14.9258,2604845,6610,0.0411
io_traces.ns198.oracleGeneral.zst,18800000,1613596,0.0175,0.0015,0.0858,1.0,1.0,11.651,2657742,1330273,0.8244
io_traces.ns197.oracleGeneral.zst,19600000,2347010,0.0183,0.0022,0.1197,1.0,1.0,8.3511,2674090,1634344,0.6964
io_traces.ns196.oracleGeneral.zst,8000000,142458,0.0075,0.0001,0.0178,1.0,1.0,56.1569,2623782,10018,0.0703
io_traces.ns195.oracleGeneral.zst,45800000,3440706,0.0427,0.0032,0.0751,1.0,1.0,13.3112,2672624,644880,0.1874
io_traces.ns194.oracleGeneral.zst,7000000,841908,0.0065,0.0008,0.1203,1.0,1.0,8.3144,2657603,287475,0.3415
io_traces.ns193.oracleGeneral.zst,34400000,1498592,0.032,0.0014,0.0436,1.0,1.0,22.9549,2669833,137570,0.0918
io_traces.ns192.oracleGeneral.zst,35600000,1399450,0.0332,0.0013,0.0393,1.0,1.0,25.4386,2677568,141577,0.1012
io_traces.ns191.oracleGeneral.zst,11600000,1205131,0.0108,0.0011,0.1039,1.0,1.0,9.6255,2634991,274318,0.2276
io_traces.ns190.oracleGeneral.zst,37600000,3748082,0.035,0.0035,0.0997,1.0,1.0,10.0318,2674038,955333,0.2549
io_traces.ns19.oracleGeneral.zst,35800000,1533861,0.0333,0.0014,0.0428,1.0,1.0,23.3398,2671050,156114,0.1018
io_traces.ns189.oracleGeneral.zst,14000000,1663008,0.013,0.0015,0.1188,1.0,1.0,8.4185,2650825,881055,0.5298
io_traces.ns188.oracleGeneral.zst,104200000,1734848,0.097,0.0016,0.0166,1.0,1.0,60.0629,2676611,194115,0.1119
io_traces.ns187.oracleGeneral.zst,14000000,8498124,0.013,0.0079,0.607,1.0,1.0,1.6474,2649534,6061243,0.7132
io_traces.ns184.oracleGeneral.zst,1400000,315822,0.0013,0.0003,0.2256,1.0,1.0,4.4329,2337610,279137,0.8838
io_traces.ns183.oracleGeneral.zst,1600000,319332,0.0015,0.0003,0.1996,1.0,1.0,5.0105,2484942,242997,0.761
io_traces.ns182.oracleGeneral.zst,4400000,187607,0.0041,0.0002,0.0426,1.0,1.0,23.4533,2672058,47343,0.2524
io_traces.ns181.oracleGeneral.zst,77200000,2328746,0.0719,0.0022,0.0302,1.0,1.0,33.1509,2675209,268902,0.1155
io_traces.ns180.oracleGeneral.zst,3000000,132378,0.0028,0.0001,0.0441,1.0,1.0,22.6624,2649691,27338,0.2065
io_traces.ns18.oracleGeneral.zst,14000000,8466236,0.013,0.0079,0.6047,1.0,1.0,1.6536,2654025,5983904,0.7068
io_traces.ns179.oracleGeneral.zst,7000000,595322,0.0065,0.0006,0.085,1.0,1.0,11.7583,2641485,232908,0.3912
io_traces.ns178.oracleGeneral.zst,319400000,59381776,0.2975,0.0553,0.1859,1.0,1.0,5.3788,2677855,20343216,0.3426
io_traces.ns177.oracleGeneral.zst,361600000,16387223,0.3368,0.0153,0.0453,1.0,1.0,22.066,2677439,5678169,0.3465
io_traces.ns176.oracleGeneral.zst,18800000,1610064,0.0175,0.0015,0.0856,1.0,1.0,11.6766,2657182,1318336,0.8188
io_traces.ns175.oracleGeneral.zst,3200000,569930,0.003,0.0005,0.1781,1.0,1.0,5.6147,2538200,451349,0.7919
io_traces.ns174.oracleGeneral.zst,40000000,1465036,0.0373,0.0014,0.0366,1.0,1.0,27.3031,2669948,154916,0.1057
io_traces.ns173.oracleGeneral.zst,37800000,1549282,0.0352,0.0014,0.041,1.0,1.0,24.3984,2676730,185335,0.1196
io_traces.ns171.oracleGeneral.zst,5600000,228195,0.0052,0.0002,0.0407,1.0,1.0,24.5404,2612945,23268,0.102
io_traces.ns170.oracleGeneral.zst,16000000,200990,0.0149,0.0002,0.0126,1.0,1.0,79.606,2645918,9822,0.0489
io_traces.ns17.oracleGeneral.zst,11600000,1203175,0.0108,0.0011,0.1037,1.0,1.0,9.6412,2648650,260820,0.2168
io_traces.ns169.oracleGeneral.zst,16200000,9619407,0.0151,0.009,0.5938,1.0,1.0,1.6841,2678065,6527493,0.6786
io_traces.ns166.oracleGeneral.zst,14800000,8883100,0.0138,0.0083,0.6002,1.0,1.0,1.6661,2667542,6205813,0.6986
io_traces.ns165.oracleGeneral.zst,14600000,1140961,0.0136,0.0011,0.0781,1.0,1.0,12.7962,2671794,441473,0.3869
io_traces.ns163.oracleGeneral.zst,22400000,1730535,0.0209,0.0016,0.0773,1.0,1.0,12.944,2672727,514697,0.2974
io_traces.ns161.oracleGeneral.zst,38400000,1606171,0.0358,0.0015,0.0418,1.0,1.0,23.9078,2669273,185124,0.1153
io_traces.ns160.oracleGeneral.zst,18400000,2037327,0.0171,0.0019,0.1107,1.0,1.0,9.0314,2669549,669222,0.3285
io_traces.ns16.oracleGeneral.zst,14800000,8954070,0.0138,0.0083,0.605,1.0,1.0,1.6529,2666753,6308802,0.7046
io_traces.ns157.oracleGeneral.zst,37400000,1475221,0.0348,0.0014,0.0394,1.0,1.0,25.3521,2669650,153049,0.1037
io_traces.ns154.oracleGeneral.zst,36400000,1449388,0.0339,0.0013,0.0398,1.0,1.0,25.114,2672479,129944,0.0897
io_traces.ns153.oracleGeneral.zst,5200000,235437,0.0048,0.0002,0.0453,1.0,1.0,22.0866,2625935,83332,0.3539
io_traces.ns151.oracleGeneral.zst,2400000,168723,0.0022,0.0002,0.0703,1.0,1.0,14.2245,2661144,13384,0.0793
io_traces.ns150.oracleGeneral.zst,4400000,1166322,0.0041,0.0011,0.2651,1.0,1.0,3.7725,2646532,926057,0.794
io_traces.ns15.oracleGeneral.zst,10600000,4605035,0.0099,0.0043,0.4344,1.0,1.0,2.3018,2672411,2287449,0.4967
io_traces.ns148.oracleGeneral.zst,92600000,7329110,0.0862,0.0068,0.0791,1.0,1.0,12.6345,2678046,442952,0.0604
io_traces.ns147.oracleGeneral.zst,37600000,1747290,0.035,0.0016,0.0465,1.0,1.0,21.519,2668809,240127,0.1374
io_traces.ns145.oracleGeneral.zst,14400000,8707439,0.0134,0.0081,0.6047,1.0,1.0,1.6538,2667864,6136486,0.7047
io_traces.ns144.oracleGeneral.zst,392600000,67082383,0.3656,0.0625,0.1709,1.0,1.0,5.8525,2677662,20032289,0.2986
io_traces.ns141.oracleGeneral.zst,351000000,61647877,0.3269,0.0574,0.1756,1.0,1.0,5.6936,2677811,20008077,0.3246
io_traces.ns140.oracleGeneral.zst,2400000,140094,0.0022,0.0001,0.0584,1.0,1.0,17.1314,2525374,42652,0.3045
io_traces.ns14.oracleGeneral.zst,12800000,2129705,0.0119,0.002,0.1664,1.0,1.0,6.0102,2669655,1358218,0.6377
io_traces.ns139.oracleGeneral.zst,7800000,537069,0.0073,0.0005,0.0689,1.0,1.0,14.5233,2668903,229147,0.4267
io_traces.ns138.oracleGeneral.zst,18800000,1613980,0.0175,0.0015,0.0858,1.0,1.0,11.6482,2664209,1319243,0.8174
io_traces.ns137.oracleGeneral.zst,25400000,427359,0.0237,0.0004,0.0168,1.0,1.0,59.4348,2673253,16486,0.0386
io_traces.ns136.oracleGeneral.zst,14800000,9028324,0.0138,0.0084,0.61,1.0,1.0,1.6393,2675149,6406081,0.7096
io_traces.ns135.oracleGeneral.zst,36800000,1658979,0.0343,0.0015,0.0451,1.0,1.0,22.1823,2677484,194814,0.1174
io_traces.ns133.oracleGeneral.zst,18800000,1600531,0.0175,0.0015,0.0851,1.0,1.0,11.7461,2655995,1309245,0.818
io_traces.ns132.oracleGeneral.zst,13000000,2471937,0.0121,0.0023,0.1901,1.0,1.0,5.259,2639003,1918955,0.7763
io_traces.ns131.oracleGeneral.zst,44200000,1670338,0.0412,0.0016,0.0378,1.0,1.0,26.4617,2675709,197246,0.1181
io_traces.ns130.oracleGeneral.zst,14400000,8794215,0.0134,0.0082,0.6107,1.0,1.0,1.6374,2676376,6313675,0.7179
io_traces.ns13.oracleGeneral.zst,14600000,8757556,0.0136,0.0082,0.5998,1.0,1.0,1.6671,2656546,6149086,0.7021
io_traces.ns129.oracleGeneral.zst,4200000,496700,0.0039,0.0005,0.1183,1.0,1.0,8.4558,2612266,294787,0.5935
io_traces.ns128.oracleGeneral.zst,34200000,1581096,0.0319,0.0015,0.0462,1.0,1.0,21.6306,2667329,196502,0.1243
io_traces.ns127.oracleGeneral.zst,3800000,214935,0.0035,0.0002,0.0566,1.0,1.0,17.6798,2668742,59646,0.2775
io_traces.ns126.oracleGeneral.zst,21800000,2930361,0.0203,0.0027,0.1344,1.0,1.0,7.4394,2661670,1211069,0.4133
io_traces.ns125.oracleGeneral.zst,8800000,742070,0.0082,0.0007,0.0843,1.0,1.0,11.8587,2618585,425470,0.5734
io_traces.ns124.oracleGeneral.zst,525800000,16628375,0.4897,0.0155,0.0316,1.0,1.0,31.6206,2678372,6251403,0.3759
io_traces.ns123.oracleGeneral.zst,13800000,1367992,0.0129,0.0013,0.0991,1.0,1.0,10.0878,2640640,589395,0.4308
io_traces.ns122.oracleGeneral.zst,16600000,1959394,0.0155,0.0018,0.118,1.0,1.0,8.472,2659227,1158882,0.5914
io_traces.ns121.oracleGeneral.zst,194400000,1958506,0.181,0.0018,0.0101,1.0,1.0,99.2593,2677220,228163,0.1165
io_traces.ns12.oracleGeneral.zst,46200000,4567366,0.043,0.0043,0.0989,1.0,1.0,10.1152,2678374,1650107,0.3613
io_traces.ns118.oracleGeneral.zst,4600000,271698,0.0043,0.0003,0.0591,1.0,1.0,16.9306,2606930,39220,0.1444
io_traces.ns117.oracleGeneral.zst,24200000,6291257,0.0225,0.0059,0.26,1.0,1.0,3.8466,2678158,2708945,0.4306
io_traces.ns116.oracleGeneral.zst,14400000,8719349,0.0134,0.0081,0.6055,1.0,1.0,1.6515,2668291,6209420,0.7121
io_traces.ns115.oracleGeneral.zst,37600000,1722622,0.035,0.0016,0.0458,1.0,1.0,21.8272,2673261,259667,0.1507
io_traces.ns114.oracleGeneral.zst,3000000,159212,0.0028,0.0001,0.0531,1.0,1.0,18.8428,2604301,50397,0.3165
io_traces.ns113.oracleGeneral.zst,35800000,1581253,0.0333,0.0015,0.0442,1.0,1.0,22.6403,2674628,158679,0.1004
io_traces.ns112.oracleGeneral.zst,15200000,1396592,0.0142,0.0013,0.0919,1.0,1.0,10.8836,2644470,242247,0.1735
io_traces.ns111.oracleGeneral.zst,14400000,8679934,0.0134,0.0081,0.6028,1.0,1.0,1.659,2654377,6122103,0.7053
io_traces.ns11.oracleGeneral.zst,10200000,4358641,0.0095,0.0041,0.4273,1.0,1.0,2.3402,2654232,2110521,0.4842
io_traces.ns109.oracleGeneral.zst,14400000,8697064,0.0134,0.0081,0.604,1.0,1.0,1.6557,2674699,6127044,0.7045
io_traces.ns108.oracleGeneral.zst,3200000,301254,0.003,0.0003,0.0941,1.0,1.0,10.6223,2635644,132738,0.4406
io_traces.ns107.oracleGeneral.zst,344000000,56543255,0.3204,0.0527,0.1644,1.0,1.0,6.0838,2677358,18498070,0.3271
io_traces.ns106.oracleGeneral.zst,14200000,8525665,0.0132,0.0079,0.6004,1.0,1.0,1.6656,2649266,6008054,0.7047
io_traces.ns105.oracleGeneral.zst,4200000,186287,0.0039,0.0002,0.0444,1.0,1.0,22.5459,2651597,35249,0.1892
io_traces.ns104.oracleGeneral.zst,2400000,160405,0.0022,0.0001,0.0668,1.0,1.0,14.9621,2633206,9559,0.0596
io_traces.ns103.oracleGeneral.zst,14600000,8693480,0.0136,0.0081,0.5954,1.0,1.0,1.6794,2669486,6075519,0.6989
io_traces.ns101.oracleGeneral.zst,2600000,151606,0.0024,0.0001,0.0583,1.0,1.0,17.1497,2583911,46367,0.3058
io_traces.ns100.oracleGeneral.zst,13200000,6104884,0.0123,0.0057,0.4625,1.0,1.0,2.1622,2643718,3991632,0.6538
io_traces.ns10.oracleGeneral.zst,2756600000,7360947,2.5673,0.0069,0.0027,1.0,1.0,374.4899,2678336,82491,0.0112
io_traces.ns1.oracleGeneral.zst,22400000,1641397,0.0209,0.0015,0.0733,1.0,1.0,13.6469,2671705,431678,0.263
io_traces.ns0.oracleGeneral.zst,13800000,4698454,0.0129,0.0044,0.3405,1.0,1.0,2.9371,2653603,3511460,0.7474
akamai_sjc.ns988.oracleGeneral.bin.zst,1621928,394870,0.0015,0.0004,0.2435,1.0,1.0,4.1075,585583,203976,0.5166
akamai_sjc.ns966.oracleGeneral.bin.zst,15711778,533463,0.0146,0.0005,0.034,1.0,1.0,29.4524,585678,231734,0.4344
akamai_sjc.ns941.oracleGeneral.bin.zst,1641360,1010228,0.0015,0.0009,0.6155,1.0,1.0,1.6247,583710,855888,0.8472
akamai_sjc.ns880.oracleGeneral.bin.zst,2782128,172328,0.0026,0.0002,0.0619,1.0,1.0,16.1444,583021,66406,0.3853
akamai_sjc.ns878.oracleGeneral.bin.zst,3402518,168888,0.0032,0.0002,0.0496,1.0,1.0,20.1466,578033,46651,0.2762
akamai_sjc.ns83.oracleGeneral.bin.zst,1197729,681343,0.0011,0.0006,0.5689,1.0,1.0,1.7579,591871,554301,0.8135
akamai_sjc.ns801.oracleGeneral.bin.zst,1078456,100349,0.001,0.0001,0.093,1.0,1.0,10.7471,585087,25704,0.2561
akamai_sjc.ns8.oracleGeneral.bin.zst,18771540,211075,0.0175,0.0002,0.0112,1.0,1.0,88.933,591894,85278,0.404
akamai_sjc.ns796.oracleGeneral.bin.zst,8402745,2561237,0.0078,0.0024,0.3048,1.0,1.0,3.2807,585535,1567307,0.6119
akamai_sjc.ns78.oracleGeneral.bin.zst,3255073,715888,0.003,0.0007,0.2199,1.0,1.0,4.5469,590653,42383,0.0592
akamai_sjc.ns764.oracleGeneral.bin.zst,1232453,370593,0.0011,0.0003,0.3007,1.0,1.0,3.3256,586402,188669,0.5091
akamai_sjc.ns758.oracleGeneral.bin.zst,8089914,339248,0.0075,0.0003,0.0419,1.0,1.0,23.8466,585976,191202,0.5636
akamai_sjc.ns734.oracleGeneral.bin.zst,8775302,385014,0.0082,0.0004,0.0439,1.0,1.0,22.7922,576072,183052,0.4754
akamai_sjc.ns71.oracleGeneral.bin.zst,11259291,2623345,0.0105,0.0024,0.233,1.0,1.0,4.292,591242,1720978,0.656
akamai_sjc.ns692.oracleGeneral.bin.zst,3148346,141715,0.0029,0.0001,0.045,1.0,1.0,22.216,582886,35463,0.2502
akamai_sjc.ns689.oracleGeneral.bin.zst,2676754,131659,0.0025,0.0001,0.0492,1.0,1.0,20.331,583796,56485,0.429
akamai_sjc.ns685.oracleGeneral.bin.zst,12293711,557241,0.0114,0.0005,0.0453,1.0,1.0,22.0617,586306,287927,0.5167
akamai_sjc.ns67.oracleGeneral.bin.zst,1113753,449414,0.001,0.0004,0.4035,1.0,1.0,2.4782,591876,233294,0.5191
akamai_sjc.ns65.oracleGeneral.bin.zst,4609626,1734635,0.0043,0.0016,0.3763,1.0,1.0,2.6574,590659,1080531,0.6229
akamai_sjc.ns646.oracleGeneral.bin.zst,3432651,187523,0.0032,0.0002,0.0546,1.0,1.0,18.3052,586367,85158,0.4541
akamai_sjc.ns626.oracleGeneral.bin.zst,1736230,156688,0.0016,0.0001,0.0902,1.0,1.0,11.0808,580440,113651,0.7253
akamai_sjc.ns621.oracleGeneral.bin.zst,2597209,417634,0.0024,0.0004,0.1608,1.0,1.0,6.2189,586537,267796,0.6412
akamai_sjc.ns615.oracleGeneral.bin.zst,1347614,121326,0.0013,0.0001,0.09,1.0,1.0,11.1074,584605,64235,0.5294
akamai_sjc.ns609.oracleGeneral.bin.zst,3796549,109219,0.0035,0.0001,0.0288,1.0,1.0,34.7609,584679,11550,0.1058
akamai_sjc.ns6.oracleGeneral.bin.zst,17143213,5564138,0.016,0.0052,0.3246,1.0,1.0,3.081,591881,3420813,0.6148
akamai_sjc.ns58.oracleGeneral.bin.zst,1173302,192471,0.0011,0.0002,0.164,1.0,1.0,6.096,591650,113952,0.592
akamai_sjc.ns521.oracleGeneral.bin.zst,4094352,2788559,0.0038,0.0026,0.6811,1.0,1.0,1.4683,587681,2223830,0.7975
akamai_sjc.ns52.oracleGeneral.bin.zst,1349266,299041,0.0013,0.0003,0.2216,1.0,1.0,4.512,590869,142877,0.4778
akamai_sjc.ns515.oracleGeneral.bin.zst,1779978,264056,0.0017,0.0002,0.1483,1.0,1.0,6.7409,587371,130010,0.4924
akamai_sjc.ns512.oracleGeneral.bin.zst,5143803,2060369,0.0048,0.0019,0.4006,1.0,1.0,2.4965,586477,1402200,0.6806
akamai_sjc.ns503.oracleGeneral.bin.zst,2157000,279050,0.002,0.0003,0.1294,1.0,1.0,7.7298,587380,245962,0.8814
akamai_sjc.ns501.oracleGeneral.bin.zst,5025809,320891,0.0047,0.0003,0.0638,1.0,1.0,15.662,587658,268946,0.8381
akamai_sjc.ns50.oracleGeneral.bin.zst,1510912,253736,0.0014,0.0002,0.1679,1.0,1.0,5.9547,354006,43877,0.1729
akamai_sjc.ns49.oracleGeneral.bin.zst,1610906,1129848,0.0015,0.0011,0.7014,1.0,1.0,1.4258,591879,918235,0.8127
akamai_sjc.ns483.oracleGeneral.bin.zst,179561233,5891669,0.1672,0.0055,0.0328,1.0,1.0,30.4771,588625,1677082,0.2847
akamai_sjc.ns428.oracleGeneral.bin.zst,6002536,519585,0.0056,0.0005,0.0866,1.0,1.0,11.5526,588343,256757,0.4942
akamai_sjc.ns42.oracleGeneral.bin.zst,23399277,3717518,0.0218,0.0035,0.1589,1.0,1.0,6.2943,591880,2368002,0.637
akamai_sjc.ns414.oracleGeneral.bin.zst,1167172,249848,0.0011,0.0002,0.2141,1.0,1.0,4.6715,574771,154818,0.6196
akamai_sjc.ns4.oracleGeneral.bin.zst,140036281,25578557,0.1304,0.0238,0.1827,1.0,1.0,5.4748,591879,13419339,0.5246
akamai_sjc.ns398.oracleGeneral.bin.zst,8942517,411286,0.0083,0.0004,0.046,1.0,1.0,21.7428,585947,130040,0.3162
akamai_sjc.ns373.oracleGeneral.bin.zst,1862357,163394,0.0017,0.0002,0.0877,1.0,1.0,11.398,588935,69276,0.424
akamai_sjc.ns37.oracleGeneral.bin.zst,2705265,679325,0.0025,0.0006,0.2511,1.0,1.0,3.9823,587148,348844,0.5135
akamai_sjc.ns362.oracleGeneral.bin.zst,1609561,271541,0.0015,0.0003,0.1687,1.0,1.0,5.9275,589972,120731,0.4446
akamai_sjc.ns361.oracleGeneral.bin.zst,1369198,259992,0.0013,0.0002,0.1899,1.0,1.0,5.2663,583121,162404,0.6246
akamai_sjc.ns359.oracleGeneral.bin.zst,1466012,193425,0.0014,0.0002,0.1319,1.0,1.0,7.5792,589546,163557,0.8456
akamai_sjc.ns35.oracleGeneral.bin.zst,9507699,3388341,0.0089,0.0032,0.3564,1.0,1.0,2.806,591885,1924465,0.568
akamai_sjc.ns339.oracleGeneral.bin.zst,4010099,631375,0.0037,0.0006,0.1574,1.0,1.0,6.3514,588874,285195,0.4517
akamai_sjc.ns337.oracleGeneral.bin.zst,1920462,142828,0.0018,0.0001,0.0744,1.0,1.0,13.446,590446,51298,0.3592
akamai_sjc.ns33.oracleGeneral.bin.zst,4084090,776610,0.0038,0.0007,0.1902,1.0,1.0,5.2589,590661,368492,0.4745
akamai_sjc.ns327.oracleGeneral.bin.zst,13058301,373006,0.0122,0.0003,0.0286,1.0,1.0,35.0083,589358,110170,0.2954
akamai_sjc.ns324.oracleGeneral.bin.zst,1583135,255003,0.0015,0.0002,0.1611,1.0,1.0,6.2083,590529,142455,0.5586
akamai_sjc.ns320.oracleGeneral.bin.zst,5968445,124738,0.0056,0.0001,0.0209,1.0,1.0,47.8478,589596,36959,0.2963
akamai_sjc.ns32.oracleGeneral.bin.zst,2699115,439967,0.0025,0.0004,0.163,1.0,1.0,6.1348,591880,239711,0.5448
akamai_sjc.ns30.oracleGeneral.bin.zst,3732992,243065,0.0035,0.0002,0.0651,1.0,1.0,15.358,591884,102892,0.4233
akamai_sjc.ns299.oracleGeneral.bin.zst,41124006,2170604,0.0383,0.002,0.0528,1.0,1.0,18.9459,589698,1009557,0.4651
akamai_sjc.ns293.oracleGeneral.bin.zst,1081915,386736,0.001,0.0004,0.3575,1.0,1.0,2.7976,587077,266523,0.6892
akamai_sjc.ns29.oracleGeneral.bin.zst,14621641,2937625,0.0136,0.0027,0.2009,1.0,1.0,4.9774,591886,1311270,0.4464
akamai_sjc.ns277.oracleGeneral.bin.zst,1072151,280506,0.001,0.0003,0.2616,1.0,1.0,3.8222,590426,190907,0.6806
akamai_sjc.ns273.oracleGeneral.bin.zst,2896318,202904,0.0027,0.0002,0.0701,1.0,1.0,14.2743,591062,95744,0.4719
akamai_sjc.ns269.oracleGeneral.bin.zst,6869444,3404182,0.0064,0.0032,0.4956,1.0,1.0,2.0179,590124,2734559,0.8033
akamai_sjc.ns267.oracleGeneral.bin.zst,2562972,496066,0.0024,0.0005,0.1936,1.0,1.0,5.1666,586992,38697,0.078
akamai_sjc.ns243.oracleGeneral.bin.zst,4090271,223427,0.0038,0.0002,0.0546,1.0,1.0,18.307,590330,57248,0.2562
akamai_sjc.ns238.oracleGeneral.bin.zst,1227520,442041,0.0011,0.0004,0.3601,1.0,1.0,2.7769,590975,233832,0.529
akamai_sjc.ns23.oracleGeneral.bin.zst,2795534,512578,0.0026,0.0005,0.1834,1.0,1.0,5.4539,591881,334061,0.6517
akamai_sjc.ns21.oracleGeneral.bin.zst,4790363,918915,0.0045,0.0009,0.1918,1.0,1.0,5.2131,591874,583410,0.6349
akamai_sjc.ns203.oracleGeneral.bin.zst,1407815,209946,0.0013,0.0002,0.1491,1.0,1.0,6.7056,586648,104555,0.498
akamai_sjc.ns195.oracleGeneral.bin.zst,4761897,418518,0.0044,0.0004,0.0879,1.0,1.0,11.378,591564,165584,0.3956
akamai_sjc.ns194.oracleGeneral.bin.zst,1283884,111037,0.0012,0.0001,0.0865,1.0,1.0,11.5627,591610,66928,0.6028
akamai_sjc.ns193.oracleGeneral.bin.zst,12761139,436878,0.0119,0.0004,0.0342,1.0,1.0,29.2098,588460,165770,0.3794
akamai_sjc.ns192.oracleGeneral.bin.zst,1187208,254367,0.0011,0.0002,0.2143,1.0,1.0,4.6673,591612,155268,0.6104
akamai_sjc.ns19.oracleGeneral.bin.zst,5299574,153638,0.0049,0.0001,0.029,1.0,1.0,34.4939,429054,64606,0.4205
akamai_sjc.ns188.oracleGeneral.bin.zst,4284715,571920,0.004,0.0005,0.1335,1.0,1.0,7.4918,591615,274021,0.4791
akamai_sjc.ns187.oracleGeneral.bin.zst,6253967,408660,0.0058,0.0004,0.0653,1.0,1.0,15.3036,591595,205593,0.5031
akamai_sjc.ns186.oracleGeneral.bin.zst,1154955,216180,0.0011,0.0002,0.1872,1.0,1.0,5.3426,589676,141263,0.6535
akamai_sjc.ns185.oracleGeneral.bin.zst,4694269,494807,0.0044,0.0005,0.1054,1.0,1.0,9.4871,591617,217207,0.439
akamai_sjc.ns181.oracleGeneral.bin.zst,44693098,9235145,0.0416,0.0086,0.2066,1.0,1.0,4.8395,591618,6113319,0.662
akamai_sjc.ns180.oracleGeneral.bin.zst,1632193,347351,0.0015,0.0003,0.2128,1.0,1.0,4.699,591603,213234,0.6139
akamai_sjc.ns18.oracleGeneral.bin.zst,1065229,207482,0.001,0.0002,0.1948,1.0,1.0,5.1341,591853,126330,0.6089
akamai_sjc.ns175.oracleGeneral.bin.zst,4929952,1903165,0.0046,0.0018,0.386,1.0,1.0,2.5904,591624,1309588,0.6881
akamai_sjc.ns17.oracleGeneral.bin.zst,11157378,694149,0.0104,0.0006,0.0622,1.0,1.0,16.0735,591882,175651,0.253
akamai_sjc.ns165.oracleGeneral.bin.zst,4984996,722973,0.0046,0.0007,0.145,1.0,1.0,6.8951,591060,332904,0.4605
akamai_sjc.ns16.oracleGeneral.bin.zst,3372430,1036434,0.0031,0.001,0.3073,1.0,1.0,3.2539,590662,612327,0.5908
akamai_sjc.ns156.oracleGeneral.bin.zst,35693625,2017488,0.0332,0.0019,0.0565,1.0,1.0,17.6921,590666,608997,0.3019
akamai_sjc.ns15.oracleGeneral.bin.zst,169521174,32808616,0.1579,0.0306,0.1935,1.0,1.0,5.167,591841,11690780,0.3563
akamai_sjc.ns143.oracleGeneral.bin.zst,1024036,303734,0.001,0.0003,0.2966,1.0,1.0,3.3715,591262,180464,0.5942
akamai_sjc.ns128.oracleGeneral.bin.zst,3635137,668778,0.0034,0.0006,0.184,1.0,1.0,5.4355,590861,306550,0.4584
akamai_sjc.ns12.oracleGeneral.bin.zst,1992082,737351,0.0019,0.0007,0.3701,1.0,1.0,2.7017,590870,331863,0.4501
akamai_sjc.ns109.oracleGeneral.bin.zst,6602460,632100,0.0061,0.0006,0.0957,1.0,1.0,10.4453,591119,456740,0.7226
akamai_sjc.ns10.oracleGeneral.bin.zst,5022173,472351,0.0047,0.0004,0.0941,1.0,1.0,10.6323,591893,51714,0.1095
akamai_nyc.ns97.oracleGeneral.bin.zst,1196057,144645,0.0011,0.0001,0.1209,1.0,1.0,8.2689,609956,64729,0.4475
akamai_nyc.ns9.oracleGeneral.bin.zst,1134002,657357,0.0011,0.0006,0.5797,1.0,1.0,1.7251,642782,485070,0.7379
akamai_nyc.ns89.oracleGeneral.bin.zst,1092185,712380,0.001,0.0007,0.6523,1.0,1.0,1.5331,606734,604554,0.8486
akamai_nyc.ns764.oracleGeneral.bin.zst,1071632,132616,0.001,0.0001,0.1238,1.0,1.0,8.0807,537471,68746,0.5184
akamai_nyc.ns725.oracleGeneral.bin.zst,1865182,726910,0.0017,0.0007,0.3897,1.0,1.0,2.5659,561905,460146,0.633
akamai_nyc.ns685.oracleGeneral.bin.zst,3571285,1015425,0.0033,0.0009,0.2843,1.0,1.0,3.517,575099,552503,0.5441
akamai_nyc.ns461.oracleGeneral.bin.zst,1037678,155354,0.001,0.0001,0.1497,1.0,1.0,6.6794,596802,84918,0.5466
akamai_nyc.ns454.oracleGeneral.bin.zst,6912001,1762341,0.0064,0.0016,0.255,1.0,1.0,3.9221,575926,1268125,0.7196
akamai_nyc.ns4.oracleGeneral.bin.zst,33664605,3828751,0.0314,0.0036,0.1137,1.0,1.0,8.7926,656405,1339811,0.3499
akamai_nyc.ns360.oracleGeneral.bin.zst,3189698,268069,0.003,0.0002,0.084,1.0,1.0,11.8988,579843,98295,0.3667
akamai_nyc.ns356.oracleGeneral.bin.zst,7155386,809811,0.0067,0.0008,0.1132,1.0,1.0,8.8359,587173,227095,0.2804
akamai_nyc.ns35.oracleGeneral.bin.zst,1596462,174368,0.0015,0.0002,0.1092,1.0,1.0,9.1557,617673,52328,0.3001
akamai_nyc.ns31.oracleGeneral.bin.zst,1006306,137640,0.0009,0.0001,0.1368,1.0,1.0,7.3111,631306,55249,0.4014
akamai_nyc.ns3.oracleGeneral.bin.zst,2643044,1122072,0.0025,0.001,0.4245,1.0,1.0,2.3555,654018,810666,0.7225
akamai_nyc.ns29.oracleGeneral.bin.zst,1050789,1020595,0.001,0.001,0.9713,1.0,1.0,1.0296,632588,997493,0.9774
akamai_nyc.ns280.oracleGeneral.bin.zst,25527458,7308682,0.0238,0.0068,0.2863,1.0,1.0,3.4928,603288,3512889,0.4806
akamai_nyc.ns25.oracleGeneral.bin.zst,48932676,981759,0.0456,0.0009,0.0201,1.0,1.0,49.8418,633293,500595,0.5099
akamai_nyc.ns14.oracleGeneral.bin.zst,22851052,4858570,0.0213,0.0045,0.2126,1.0,1.0,4.7032,652137,2674222,0.5504
akamai_nyc.ns13.oracleGeneral.bin.zst,2439185,633340,0.0023,0.0006,0.2597,1.0,1.0,3.8513,642329,441628,0.6973
akamai_nyc.ns113.oracleGeneral.bin.zst,2066009,176118,0.0019,0.0002,0.0852,1.0,1.0,11.7308,605000,68932,0.3914
akamai_nyc.ns104.oracleGeneral.bin.zst,1636402,185126,0.0015,0.0002,0.1131,1.0,1.0,8.8394,610286,88645,0.4788
akamai_lax.ns994.oracleGeneral.bin.zst,1338430,549492,0.0012,0.0005,0.4105,1.0,1.0,2.4358,579692,248924,0.453
akamai_lax.ns969.oracleGeneral.bin.zst,1994940,1185104,0.0019,0.0011,0.5941,1.0,1.0,1.6833,560482,1007108,0.8498
akamai_lax.ns968.oracleGeneral.bin.zst,4160688,314331,0.0039,0.0003,0.0755,1.0,1.0,13.2366,580164,127642,0.4061
akamai_lax.ns93.oracleGeneral.bin.zst,2676544,1506547,0.0025,0.0014,0.5629,1.0,1.0,1.7766,603044,1165065,0.7733
akamai_lax.ns88.oracleGeneral.bin.zst,29626135,295609,0.0276,0.0003,0.01,1.0,1.0,100.2207,603060,192766,0.6521
akamai_lax.ns87.oracleGeneral.bin.zst,7178973,1390643,0.0067,0.0013,0.1937,1.0,1.0,5.1623,603119,731181,0.5258
akamai_lax.ns86.oracleGeneral.bin.zst,19379031,1261376,0.018,0.0012,0.0651,1.0,1.0,15.3634,597168,400723,0.3177
akamai_lax.ns836.oracleGeneral.bin.zst,1129081,634339,0.0011,0.0006,0.5618,1.0,1.0,1.7799,588315,488329,0.7698
akamai_lax.ns784.oracleGeneral.bin.zst,2128821,235593,0.002,0.0002,0.1107,1.0,1.0,9.036,574037,134383,0.5704
akamai_lax.ns77.oracleGeneral.bin.zst,1443105,133537,0.0013,0.0001,0.0925,1.0,1.0,10.8068,600658,53887,0.4035
akamai_lax.ns750.oracleGeneral.bin.zst,1301624,420008,0.0012,0.0004,0.3227,1.0,1.0,3.099,583597,182602,0.4348
akamai_lax.ns74.oracleGeneral.bin.zst,12323604,1454225,0.0115,0.0014,0.118,1.0,1.0,8.4743,603164,875673,0.6022
akamai_lax.ns6.oracleGeneral.bin.zst,10927581,123033,0.0102,0.0001,0.0113,1.0,1.0,88.8183,608670,86845,0.7059
akamai_lax.ns592.oracleGeneral.bin.zst,2226938,228888,0.0021,0.0002,0.1028,1.0,1.0,9.7294,591800,105860,0.4625
akamai_lax.ns57.oracleGeneral.bin.zst,3138748,377355,0.0029,0.0004,0.1202,1.0,1.0,8.3178,593634,161170,0.4271
akamai_lax.ns567.oracleGeneral.bin.zst,1772758,196738,0.0017,0.0002,0.111,1.0,1.0,9.0108,592483,78288,0.3979
akamai_lax.ns527.oracleGeneral.bin.zst,1012985,315443,0.0009,0.0003,0.3114,1.0,1.0,3.2113,589847,138298,0.4384
akamai_lax.ns521.oracleGeneral.bin.zst,1666630,107559,0.0016,0.0001,0.0645,1.0,1.0,15.495,591440,56996,0.5299
akamai_lax.ns519.oracleGeneral.bin.zst,1877291,205842,0.0017,0.0002,0.1096,1.0,1.0,9.1201,593428,97201,0.4722
akamai_lax.ns476.oracleGeneral.bin.zst,9976280,2008400,0.0093,0.0019,0.2013,1.0,1.0,4.9673,591562,1541408,0.7675
akamai_lax.ns471.oracleGeneral.bin.zst,11038608,536818,0.0103,0.0005,0.0486,1.0,1.0,20.563,593879,308495,0.5747
akamai_lax.ns46.oracleGeneral.bin.zst,1166624,273266,0.0011,0.0003,0.2342,1.0,1.0,4.2692,575300,148271,0.5426
akamai_lax.ns453.oracleGeneral.bin.zst,2622733,177059,0.0024,0.0002,0.0675,1.0,1.0,14.8128,594103,76777,0.4336
akamai_lax.ns442.oracleGeneral.bin.zst,1539703,142488,0.0014,0.0001,0.0925,1.0,1.0,10.8058,553528,98651,0.6923
akamai_lax.ns440.oracleGeneral.bin.zst,24244306,2627717,0.0226,0.0024,0.1084,1.0,1.0,9.2264,594160,1126382,0.4287
akamai_lax.ns430.oracleGeneral.bin.zst,1691341,232927,0.0016,0.0002,0.1377,1.0,1.0,7.2612,587730,115786,0.4971
akamai_lax.ns419.oracleGeneral.bin.zst,1836057,147880,0.0017,0.0001,0.0805,1.0,1.0,12.4159,594575,73553,0.4974
akamai_lax.ns37.oracleGeneral.bin.zst,2420953,323594,0.0023,0.0003,0.1337,1.0,1.0,7.4815,607807,137806,0.4259
akamai_lax.ns363.oracleGeneral.bin.zst,2749599,550857,0.0026,0.0005,0.2003,1.0,1.0,4.9915,595270,349066,0.6337
akamai_lax.ns338.oracleGeneral.bin.zst,6393418,708118,0.006,0.0007,0.1108,1.0,1.0,9.0287,595561,356029,0.5028
akamai_lax.ns336.oracleGeneral.bin.zst,1407071,322066,0.0013,0.0003,0.2289,1.0,1.0,4.3689,595569,209529,0.6506
akamai_lax.ns333.oracleGeneral.bin.zst,3454040,244373,0.0032,0.0002,0.0707,1.0,1.0,14.1343,593070,26977,0.1104
akamai_lax.ns325.oracleGeneral.bin.zst,1069806,215571,0.001,0.0002,0.2015,1.0,1.0,4.9627,587791,89214,0.4138
akamai_lax.ns319.oracleGeneral.bin.zst,25474319,5282685,0.0237,0.0049,0.2074,1.0,1.0,4.8222,595817,3526792,0.6676
akamai_lax.ns31.oracleGeneral.bin.zst,2130042,244065,0.002,0.0002,0.1146,1.0,1.0,8.7274,608264,26792,0.1098
akamai_lax.ns27.oracleGeneral.bin.zst,3502955,639996,0.0033,0.0006,0.1827,1.0,1.0,5.4734,608370,338336,0.5287
akamai_lax.ns235.oracleGeneral.bin.zst,13504550,2976530,0.0126,0.0028,0.2204,1.0,1.0,4.537,593081,1345580,0.4521
akamai_lax.ns22.oracleGeneral.bin.zst,86465676,13078240,0.0805,0.0122,0.1513,1.0,1.0,6.6114,607617,6651456,0.5086
akamai_lax.ns217.oracleGeneral.bin.zst,38663611,430950,0.036,0.0004,0.0111,1.0,1.0,89.7172,598517,286258,0.6642
akamai_lax.ns209.oracleGeneral.bin.zst,5059171,386031,0.0047,0.0004,0.0763,1.0,1.0,13.1056,600205,102321,0.2651
akamai_lax.ns194.oracleGeneral.bin.zst,4153796,116198,0.0039,0.0001,0.028,1.0,1.0,35.7476,600584,44364,0.3818
akamai_lax.ns183.oracleGeneral.bin.zst,2263900,1091249,0.0021,0.001,0.482,1.0,1.0,2.0746,587208,747426,0.6849
akamai_lax.ns1359.oracleGeneral.bin.zst,1110976,160589,0.001,0.0001,0.1445,1.0,1.0,6.9181,537711,83806,0.5219
akamai_lax.ns126.oracleGeneral.bin.zst,3715361,1568335,0.0035,0.0015,0.4221,1.0,1.0,2.369,598828,1099628,0.7011
akamai_lax.ns121.oracleGeneral.bin.zst,1779618,250416,0.0017,0.0002,0.1407,1.0,1.0,7.1066,585359,14413,0.0576
akamai_lax.ns112.oracleGeneral.bin.zst,117890485,19542626,0.1098,0.0182,0.1658,1.0,1.0,6.0325,601440,7546541,0.3862
akamai_lax.ns111.oracleGeneral.bin.zst,1640015,190487,0.0015,0.0002,0.1161,1.0,1.0,8.6096,602952,97829,0.5136
akamai_lax.ns1103.oracleGeneral.bin.zst,2832962,268607,0.0026,0.0003,0.0948,1.0,1.0,10.5469,562969,104406,0.3887
akamai_lax.ns1086.oracleGeneral.bin.zst,4952859,226755,0.0046,0.0002,0.0458,1.0,1.0,21.8423,578183,58226,0.2568
akamai_lax.ns1032.oracleGeneral.bin.zst,9709491,1103089,0.009,0.001,0.1136,1.0,1.0,8.8021,573713,457307,0.4146
akamai_lax.ns1031.oracleGeneral.bin.zst,4612436,238459,0.0043,0.0002,0.0517,1.0,1.0,19.3427,543191,120700,0.5062
akamai_lax.ns102.oracleGeneral.bin.zst,1079724,153909,0.001,0.0001,0.1425,1.0,1.0,7.0153,603030,94899,0.6166
akamai_lax.ns101.oracleGeneral.bin.zst,2025417,186728,0.0019,0.0002,0.0922,1.0,1.0,10.8469,603016,81539,0.4367
2016_LUN6.oracleGeneral.zst,655119703,72411837,0.6101,0.0674,0.1105,1.0,1.0,9.0471,2250893,27585518,0.381
2016_LUN4.oracleGeneral.zst,530623433,61208652,0.4942,0.057,0.1154,1.0,1.0,8.6691,2250922,22109134,0.3612
2016_LUN3.oracleGeneral.zst,609867155,79054751,0.568,0.0736,0.1296,1.0,1.0,7.7145,2250922,28411660,0.3594
2016_LUN2.oracleGeneral.zst,691221362,71322702,0.6438,0.0664,0.1032,1.0,1.0,9.6915,2250893,25751515,0.3611
2016_LUN1.oracleGeneral.zst,492030661,60235554,0.4582,0.0561,0.1224,1.0,1.0,8.1684,2250893,23759492,0.3944
2016_LUN0.oracleGeneral.zst,552023811,64550858,0.5141,0.0601,0.1169,1.0,1.0,8.5518,2250922,23307884,0.3611
wiki_2019u.oracleGeneral.zst,2655612611,49707463,2.4732,0.0463,0.0187,1.0,1.0,53.4248,1814399,20567465,0.4138
wiki_2019t.oracleGeneral.zst,207646002,18394481,0.1934,0.0171,0.0886,1.0,1.0,11.2885,1814399,10245241,0.557
wiki_2016u.oracleGeneral.zst,2803498585,37197832,2.611,0.0346,0.0133,1.0,1.0,75.3673,604799,15436718,0.415
cluster9.oracleGeneral.sample10.zst,1038462409,1510009,0.9671,0.0014,0.0015,1.0,1.0,687.7194,618102,185090,0.1226
cluster7.oracleGeneral.sample10.zst,102714196,447342,0.0957,0.0004,0.0044,1.0,1.0,229.61,625171,4,0.0
cluster6.oracleGeneral.sample10.zst,823684757,2138207,0.7671,0.002,0.0026,1.0,1.0,385.2222,622666,5269,0.0025
cluster54.oracleGeneral.sample10.zst,1185708763,5163055,1.1043,0.0048,0.0044,1.0,1.0,229.6526,659735,96839,0.0188
cluster53.oracleGeneral.sample10.zst,26142189,726445,0.0243,0.0007,0.0278,1.0,1.0,35.9865,185078,69024,0.095
cluster52.oracleGeneral.sample10.zst,1343968423,25183876,1.2517,0.0235,0.0187,1.0,1.0,53.3662,554161,3322161,0.1319
cluster51.oracleGeneral.sample10.zst,612199280,499559,0.5702,0.0005,0.0008,1.0,1.0,1225.4794,622376,19065,0.0382
cluster50.oracleGeneral.sample10.zst,13983364,265490,0.013,0.0002,0.019,1.0,1.0,52.67,593071,16980,0.064
cluster5.oracleGeneral.sample10.zst,1033274895,207457640,0.9623,0.1932,0.2008,1.0,1.0,4.9807,620803,109171,0.0005
cluster49.oracleGeneral.sample10.zst,80629860,159726,0.0751,0.0001,0.002,1.0,1.0,504.8011,627256,1498,0.0094
cluster48.oracleGeneral.sample10.zst,112941896,22312241,0.1052,0.0208,0.1976,1.0,1.0,5.0619,629906,8227729,0.3688
cluster47.oracleGeneral.sample10.zst,672505759,516949,0.6263,0.0005,0.0008,1.0,1.0,1300.9132,623877,7947,0.0154
cluster46.oracleGeneral.sample10.zst,676371275,115852392,0.6299,0.1079,0.1713,1.0,1.0,5.8382,619261,135684,0.0012
cluster45.oracleGeneral.sample10.zst,22288116,6548645,0.0208,0.0061,0.2938,1.0,1.0,3.4035,628520,2439884,0.3726
cluster44.oracleGeneral.sample10.zst,548789525,5803081,0.5111,0.0054,0.0106,1.0,1.0,94.5686,626142,546641,0.0942
cluster43.oracleGeneral.sample10.zst,905365674,43250720,0.8432,0.0403,0.0478,1.0,1.0,20.933,621824,76,0.0
cluster42.oracleGeneral.sample10.zst,350666603,1338280,0.3266,0.0012,0.0038,1.0,1.0,262.0278,622328,115,0.0001
cluster41.oracleGeneral.sample10.zst,320359608,25181895,0.2984,0.0235,0.0786,1.0,1.0,12.7218,623273,1093,0.0
cluster40.oracleGeneral.sample10.zst,378303089,30148161,0.3523,0.0281,0.0797,1.0,1.0,12.5481,618454,24682,0.0008
cluster4.oracleGeneral.sample10.zst,338164835,10656714,0.3149,0.0099,0.0315,1.0,1.0,31.7326,622662,2463124,0.2311
cluster39.oracleGeneral.sample10.zst,132922575,124726088,0.1238,0.1162,0.9383,1.0,1.0,1.0657,622583,116529601,0.9343
cluster38.oracleGeneral.sample10.zst,134246913,125958249,0.125,0.1173,0.9383,1.0,1.0,1.0658,632177,117669585,0.9342
cluster37.oracleGeneral.sample10.zst,315586776,69711003,0.2939,0.0649,0.2209,1.0,1.0,4.5271,625144,10843256,0.1555
cluster36.oracleGeneral.sample10.zst,541003154,7102308,0.5038,0.0066,0.0131,1.0,1.0,76.1729,624375,209628,0.0295
cluster35.oracleGeneral.sample10.zst,182860375,12794894,0.1703,0.0119,0.07,1.0,1.0,14.2917,624521,4031332,0.3151
cluster34.oracleGeneral.sample10.zst,236077508,1424796,0.2199,0.0013,0.006,1.0,1.0,165.6921,626391,413,0.0003
cluster32.oracleGeneral.sample10.zst,366744480,355744445,0.3416,0.3313,0.97,1.0,1.0,1.0309,626075,344744410,0.9691
cluster31.oracleGeneral.sample10.zst,134116134,125839586,0.1249,0.1172,0.9383,1.0,1.0,1.0658,631917,117563038,0.9342
cluster30.oracleGeneral.sample10.zst,239772077,1299703,0.2233,0.0012,0.0054,1.0,1.0,184.4822,623612,14519,0.0112
cluster3.oracleGeneral.sample10.zst,86950524,627782,0.081,0.0006,0.0072,1.0,1.0,138.5043,630361,35007,0.0558
cluster29.oracleGeneral.sample10.zst,698889960,25247062,0.6509,0.0235,0.0361,1.0,1.0,27.682,618486,6138355,0.2431
cluster28.oracleGeneral.sample10.zst,547922220,6207103,0.5103,0.0058,0.0113,1.0,1.0,88.2734,593451,1751258,0.2821
cluster27.oracleGeneral.sample10.zst,1207748023,70496923,1.1248,0.0657,0.0584,1.0,1.0,17.1319,492447,14159564,0.2009
cluster26.oracleGeneral.sample10.zst,15519097,1223790,0.0145,0.0011,0.0789,1.0,1.0,12.6812,638178,1367,0.0011
cluster24.oracleGeneral.sample10.zst,328062779,1218190,0.3055,0.0011,0.0037,1.0,1.0,269.3035,623154,42662,0.035
cluster23.oracleGeneral.sample10.zst,378395763,144167100,0.3524,0.1343,0.381,1.0,1.0,2.6247,622676,1987674,0.0138
cluster22.oracleGeneral.sample10.zst,203024791,40359842,0.1891,0.0376,0.1988,1.0,1.0,5.0304,626415,15181082,0.3761
cluster21.oracleGeneral.sample10.zst,155071901,145317523,0.1444,0.1353,0.9371,1.0,1.0,1.0671,625434,143577627,0.988
cluster20.oracleGeneral.sample10.zst,322149748,8973673,0.3,0.0084,0.0279,1.0,1.0,35.8994,623898,6771022,0.7545
cluster2.oracleGeneral.sample10.zst,722935180,357879,0.6733,0.0003,0.0005,1.0,1.0,2020.0548,620014,38,0.0001
cluster19.oracleGeneral.sample10.zst,200696850,32847507,0.1869,0.0306,0.1637,1.0,1.0,6.11,627926,2192746,0.0668
cluster18.oracleGeneral.sample10.zst,1292200645,1146662,1.2035,0.0011,0.0009,1.0,1.0,1126.9238,485273,2227,0.0019
cluster17.oracleGeneral.sample10.zst,883047506,677707,0.8224,0.0006,0.0008,1.0,1.0,1302.993,680493,131047,0.1934
cluster16.oracleGeneral.sample10.zst,1063806482,1462469,0.9907,0.0014,0.0014,1.0,1.0,727.4045,623098,20690,0.0141
cluster15.oracleGeneral.sample10.zst,526407309,521766236,0.4903,0.4859,0.9912,1.0,1.0,1.0089,620253,519181152,0.995
cluster14.oracleGeneral.sample10.zst,310715660,6943992,0.2894,0.0065,0.0223,1.0,1.0,44.746,506548,730406,0.1052
cluster13.oracleGeneral.sample10.zst,82546107,51828191,0.0769,0.0483,0.6279,1.0,1.0,1.5927,625199,33535097,0.647
cluster12.oracleGeneral.sample10.zst,264985047,209477915,0.2468,0.1951,0.7905,1.0,1.0,1.265,622284,169994069,0.8115
cluster11.oracleGeneral.sample10.zst,272048218,2661010,0.2534,0.0025,0.0098,1.0,1.0,102.2349,622634,99155,0.0373
cluster10.oracleGeneral.sample10.zst,13916365,6956791,0.013,0.0065,0.4999,1.0,1.0,2.0004,617069,5896,0.0008
msr_web_2.oracleGeneral.zst,5175368,1321270,0.0048,0.0012,0.2553,1.0,1.0,3.917,604517,337494,0.2554
msr_usr_2.oracleGeneral.zst,10570046,7374757,0.0098,0.0069,0.6977,1.0,1.0,1.4333,604792,6801883,0.9223
msr_usr_1.oracleGeneral.zst,45283980,13966057,0.0422,0.013,0.3084,1.0,1.0,3.2424,604794,11722691,0.8394
msr_src1_1.oracleGeneral.zst,45746222,6170590,0.0426,0.0057,0.1349,1.0,1.0,7.4136,604797,564964,0.0916
msr_src1_0.oracleGeneral.zst,37415613,5659341,0.0348,0.0053,0.1513,1.0,1.0,6.6113,603759,2327051,0.4112
msr_prxy_1.oracleGeneral.zst,168638964,390226,0.1571,0.0004,0.0023,1.0,1.0,432.1572,602896,294278,0.7541
msr_prxy_0.oracleGeneral.zst,12518968,155681,0.0117,0.0001,0.0124,1.0,1.0,80.4142,602896,14299,0.0918
msr_proj_4.oracleGeneral.zst,6465639,3002525,0.006,0.0028,0.4644,1.0,1.0,2.1534,604622,2401607,0.7999
msr_proj_2.oracleGeneral.zst,29266482,16180242,0.0273,0.0151,0.5529,1.0,1.0,1.8088,604175,10000333,0.6181
msr_proj_1.oracleGeneral.zst,23639742,15452001,0.022,0.0144,0.6536,1.0,1.0,1.5299,604799,14107104,0.913
msr_proj_0.oracleGeneral.zst,4224524,286228,0.0039,0.0003,0.0678,1.0,1.0,14.7593,604800,108232,0.3781
msr_prn_1.oracleGeneral.zst,11233411,2173575,0.0105,0.002,0.1935,1.0,1.0,5.1682,604795,1484238,0.6829
msr_prn_0.oracleGeneral.zst,5585886,711385,0.0052,0.0007,0.1274,1.0,1.0,7.8521,604795,304801,0.4285
msr_hm_0.oracleGeneral.zst,3993316,439187,0.0037,0.0004,0.11,1.0,1.0,9.0925,604795,138985,0.3165
block_traces_5.oracleGeneral.bin.zst,14556172,7110414,0.0136,0.0066,0.4885,1.0,1.0,2.0472,86516,4320479,0.6076
block_traces_4.oracleGeneral.bin.zst,14262406,6815503,0.0133,0.0063,0.4779,1.0,1.0,2.0926,86516,4119427,0.6044
block_traces_3.oracleGeneral.bin.zst,13956157,6763511,0.013,0.0063,0.4846,1.0,1.0,2.0634,86518,4107650,0.6073
block_traces_2.oracleGeneral.bin.zst,13452066,6174083,0.0125,0.0058,0.459,1.0,1.0,2.1788,86521,3498383,0.5666
block_traces_1.oracleGeneral.bin.zst,13245186,6014438,0.0123,0.0056,0.4541,1.0,1.0,2.2022,86517,3332986,0.5542
202206_kv_traces_all.csv.oracleGeneral.zst,1644762386,52005744,1.5318,0.0484,0.0316,1.0,1.0,31.6266,0,25694202,0.4941
202210_kv_traces_all_sort.csv.oracleGeneral.zst,1482478166,48009053,1.3807,0.0447,0.0324,1.0,1.0,30.8791,432122,23834338,0.4965
202401_kv_traces_all_sort.csv.oracleGeneral.zst,1191241025,55250833,1.1094,0.0515,0.0464,1.0,1.0,21.5606,432121,29186629,0.5283
meta_kvcache_traces_1.oracleGeneral.bin.zst,335173084,16984531,0.3122,0.0158,0.0507,1.0,1.0,19.734,86416,8539849,0.5028
meta_rprn.oracleGeneral.zst,88470732,29030282,0.0824,0.027,0.3281,1.0,1.0,3.0475,691269,18118066,0.6241
meta_rnha.oracleGeneral.zst,96680668,35040280,0.09,0.0326,0.3624,1.0,1.0,2.7591,691217,21197250,0.6049
meta_reag.oracleGeneral.zst,45623306,12262537,0.0425,0.0114,0.2688,1.0,1.0,3.7205,691282,7529588,0.614
fiu_webmail.cs.fiu.edu-110108-113008.oracleGeneral.zst,7795815,488667,0.0073,0.0005,0.0627,1.0,1.0,15.9532,1731590,224717,0.4599
fiu_webmail+online.cs.fiu.edu-110108-113008.oracleGeneral.zst,14294158,549174,0.0133,0.0005,0.0384,1.0,1.0,26.0285,1818000,132369,0.241
fiu_online.cs.fiu.edu-110108-113008.oracleGeneral.zst,5700499,196811,0.0053,0.0002,0.0345,1.0,1.0,28.9643,1731595,10273,0.0522
fiu_ikki-110108-112108.oracleGeneral.zst,5256676,948257,0.0049,0.0009,0.1804,1.0,1.0,5.5435,1727979,512471,0.5404
fiu_homes-110108-112108.oracleGeneral.zst,17836701,1684407,0.0166,0.0016,0.0944,1.0,1.0,10.5893,1814399,766697,0.4552
fiu_cheetah.cs.fiu.edu-110108-113008.oracleGeneral.zst,442393092,14910346,0.412,0.0139,0.0337,1.0,1.0,29.6702,1731765,5600407,0.3756
fiu_casa-110108-112108.oracleGeneral.zst,8973201,325844,0.0084,0.0003,0.0363,1.0,1.0,27.5383,767795,123034,0.3776
w99.oracleGeneral.bin.zst,3660840,437194,0.0034,0.0004,0.1194,1.0,1.0,8.3735,609801,27967,0.064
w98.oracleGeneral.bin.zst,3664418,1745265,0.0034,0.0016,0.4763,1.0,1.0,2.0996,568780,1096122,0.6281
w97.oracleGeneral.bin.zst,3768450,1810588,0.0035,0.0017,0.4805,1.0,1.0,2.0813,567665,1136270,0.6276
w96.oracleGeneral.bin.zst,3787344,581364,0.0035,0.0005,0.1535,1.0,1.0,6.5146,609623,190649,0.3279
w95.oracleGeneral.bin.zst,3937240,415996,0.0037,0.0004,0.1057,1.0,1.0,9.4646,606815,174396,0.4192
w94.oracleGeneral.bin.zst,4118188,790163,0.0038,0.0007,0.1919,1.0,1.0,5.2118,570790,397303,0.5028
w93.oracleGeneral.bin.zst,3351357,1068996,0.0031,0.001,0.319,1.0,1.0,3.1351,577477,646172,0.6045
w92.oracleGeneral.bin.zst,4284658,606386,0.004,0.0006,0.1415,1.0,1.0,7.0659,609774,5720,0.0094
w91.oracleGeneral.bin.zst,4316605,584272,0.004,0.0005,0.1354,1.0,1.0,7.388,567632,274562,0.4699
w90.oracleGeneral.bin.zst,4493515,590031,0.0042,0.0005,0.1313,1.0,1.0,7.6157,447517,250459,0.4245
w89.oracleGeneral.bin.zst,3625918,770712,0.0034,0.0007,0.2126,1.0,1.0,4.7046,607175,420771,0.546
w88.oracleGeneral.bin.zst,4711053,418027,0.0044,0.0004,0.0887,1.0,1.0,11.2697,606992,153866,0.3681
w87.oracleGeneral.bin.zst,3788806,2188363,0.0035,0.002,0.5776,1.0,1.0,1.7313,82849,1729953,0.7905
w86.oracleGeneral.bin.zst,4749563,4305575,0.0044,0.004,0.9065,1.0,1.0,1.1031,399400,4170124,0.9685
w85.oracleGeneral.bin.zst,4790048,690623,0.0045,0.0006,0.1442,1.0,1.0,6.9358,609831,147580,0.2137
w84.oracleGeneral.bin.zst,4814234,720165,0.0045,0.0007,0.1496,1.0,1.0,6.6849,606685,356666,0.4953
w83.oracleGeneral.bin.zst,3880481,741617,0.0036,0.0007,0.1911,1.0,1.0,5.2325,571069,53124,0.0716
w81.oracleGeneral.bin.zst,5026619,599684,0.0047,0.0006,0.1193,1.0,1.0,8.3821,609839,9713,0.0162
w80.oracleGeneral.bin.zst,5256246,382760,0.0049,0.0004,0.0728,1.0,1.0,13.7325,606758,47082,0.123
w79.oracleGeneral.bin.zst,5411394,4615824,0.005,0.0043,0.853,1.0,1.0,1.1724,607055,4393392,0.9518
w78.oracleGeneral.bin.zst,5493106,813801,0.0051,0.0008,0.1481,1.0,1.0,6.7499,599617,328373,0.4035
w77.oracleGeneral.bin.zst,5616402,1063317,0.0052,0.001,0.1893,1.0,1.0,5.282,607035,451871,0.425
w76.oracleGeneral.bin.zst,6076272,703377,0.0057,0.0007,0.1158,1.0,1.0,8.6387,558729,152178,0.2164
w75.oracleGeneral.bin.zst,6152624,406375,0.0057,0.0004,0.066,1.0,1.0,15.1403,607122,223472,0.5499
w74.oracleGeneral.bin.zst,6343762,296768,0.0059,0.0003,0.0468,1.0,1.0,21.3762,585675,101425,0.3418
w73.oracleGeneral.bin.zst,6368815,601227,0.0059,0.0006,0.0944,1.0,1.0,10.593,606688,198776,0.3306
w72.oracleGeneral.bin.zst,6407185,430716,0.006,0.0004,0.0672,1.0,1.0,14.8757,606982,120844,0.2806
w71.oracleGeneral.bin.zst,6840776,673334,0.0064,0.0006,0.0984,1.0,1.0,10.1596,417664,366711,0.5446
w70.oracleGeneral.bin.zst,6928385,506904,0.0065,0.0005,0.0732,1.0,1.0,13.668,514995,172599,0.3405
w69.oracleGeneral.bin.zst,7874006,1328886,0.0073,0.0012,0.1688,1.0,1.0,5.9253,606789,633788,0.4769
w68.oracleGeneral.bin.zst,8875971,816544,0.0083,0.0008,0.092,1.0,1.0,10.8702,567566,471938,0.578
w67.oracleGeneral.bin.zst,9028144,325367,0.0084,0.0003,0.036,1.0,1.0,27.7476,607119,108702,0.3341
w65.oracleGeneral.bin.zst,9316229,2278384,0.0087,0.0021,0.2446,1.0,1.0,4.089,510639,1030988,0.4525
w64.oracleGeneral.bin.zst,7458266,6435308,0.0069,0.006,0.8628,1.0,1.0,1.159,80009,6151126,0.9558
w63.oracleGeneral.bin.zst,9380316,4797750,0.0087,0.0045,0.5115,1.0,1.0,1.9551,609775,3841414,0.8007
w62.oracleGeneral.bin.zst,9497745,4683074,0.0088,0.0044,0.4931,1.0,1.0,2.0281,500839,3147862,0.6722
w61.oracleGeneral.bin.zst,9884691,1046466,0.0092,0.001,0.1059,1.0,1.0,9.4458,590571,216265,0.2067
w60.oracleGeneral.bin.zst,9898835,1429630,0.0092,0.0013,0.1444,1.0,1.0,6.9241,609772,213547,0.1494
w59.oracleGeneral.bin.zst,10223136,1025107,0.0095,0.001,0.1003,1.0,1.0,9.9728,603387,156468,0.1526
w58.oracleGeneral.bin.zst,10530695,1351351,0.0098,0.0013,0.1283,1.0,1.0,7.7927,604567,711503,0.5265
w57.oracleGeneral.bin.zst,10554725,458321,0.0098,0.0004,0.0434,1.0,1.0,23.0291,546783,132268,0.2886
w56.oracleGeneral.bin.zst,10899629,439006,0.0102,0.0004,0.0403,1.0,1.0,24.828,569166,121768,0.2774
w55.oracleGeneral.bin.zst,8855434,7281718,0.0082,0.0068,0.8223,1.0,1.0,1.2161,501041,6754864,0.9276
w54.oracleGeneral.bin.zst,8832954,7344011,0.0082,0.0068,0.8314,1.0,1.0,1.2027,607064,7078103,0.9638
w53.oracleGeneral.bin.zst,8973978,5348665,0.0084,0.005,0.596,1.0,1.0,1.6778,83066,3577153,0.6688
w52.oracleGeneral.bin.zst,11451546,694839,0.0107,0.0006,0.0607,1.0,1.0,16.4809,573822,403956,0.5814
w51.oracleGeneral.bin.zst,9551283,1736966,0.0089,0.0016,0.1819,1.0,1.0,5.4988,607244,1451148,0.8354
w50.oracleGeneral.bin.zst,13448032,1230381,0.0125,0.0011,0.0915,1.0,1.0,10.93,512639,657322,0.5342
w49.oracleGeneral.bin.zst,11151558,1594732,0.0104,0.0015,0.143,1.0,1.0,6.9927,607264,673370,0.4222
w48.oracleGeneral.bin.zst,14097008,3600621,0.0131,0.0034,0.2554,1.0,1.0,3.9152,557484,809063,0.2247
w47.oracleGeneral.bin.zst,14314717,298214,0.0133,0.0003,0.0208,1.0,1.0,48.0015,607300,24628,0.0826
w46.oracleGeneral.bin.zst,11550125,4593832,0.0108,0.0043,0.3977,1.0,1.0,2.5143,2886885,3586932,0.7808
w45.oracleGeneral.bin.zst,15064629,326828,0.014,0.0003,0.0217,1.0,1.0,46.0934,607248,20794,0.0636
w44.oracleGeneral.bin.zst,12116074,1825486,0.0113,0.0017,0.1507,1.0,1.0,6.6372,566718,148853,0.0815
w43.oracleGeneral.bin.zst,15617420,3722583,0.0145,0.0035,0.2384,1.0,1.0,4.1953,560033,1885821,0.5066
w42.oracleGeneral.bin.zst,16894445,2451919,0.0157,0.0023,0.1451,1.0,1.0,6.8903,609761,426709,0.174
w41.oracleGeneral.bin.zst,17004738,684962,0.0158,0.0006,0.0403,1.0,1.0,24.8258,607249,183297,0.2676
w40.oracleGeneral.bin.zst,17657232,881317,0.0164,0.0008,0.0499,1.0,1.0,20.0351,607321,144301,0.1637
w39.oracleGeneral.bin.zst,17920022,608255,0.0167,0.0006,0.0339,1.0,1.0,29.4614,607252,108698,0.1787
w38.oracleGeneral.bin.zst,18535323,2013253,0.0173,0.0019,0.1086,1.0,1.0,9.2067,609795,289587,0.1438
w37.oracleGeneral.bin.zst,18840688,5087576,0.0175,0.0047,0.27,1.0,1.0,3.7033,416141,3101063,0.6095
w36.oracleGeneral.bin.zst,18915625,1248956,0.0176,0.0012,0.066,1.0,1.0,15.1451,607332,181024,0.1449
w35.oracleGeneral.bin.zst,15415663,606350,0.0144,0.0006,0.0393,1.0,1.0,25.4237,607262,209605,0.3457
w34.oracleGeneral.bin.zst,19553551,5140683,0.0182,0.0048,0.2629,1.0,1.0,3.8037,595123,2889914,0.5622
w33.oracleGeneral.bin.zst,19868346,1446572,0.0185,0.0013,0.0728,1.0,1.0,13.7348,607273,225657,0.156
w32.oracleGeneral.bin.zst,20776392,3690399,0.0193,0.0034,0.1776,1.0,1.0,5.6298,606868,584347,0.1583
w31.oracleGeneral.bin.zst,21166982,12906371,0.0197,0.012,0.6097,1.0,1.0,1.64,607116,10280222,0.7965
w30.oracleGeneral.bin.zst,21390010,1154006,0.0199,0.0011,0.054,1.0,1.0,18.5354,585011,384351,0.3331
w29.oracleGeneral.bin.zst,19087784,4906097,0.0178,0.0046,0.257,1.0,1.0,3.8906,499276,2617014,0.5334
w28.oracleGeneral.bin.zst,19739621,5944304,0.0184,0.0055,0.3011,1.0,1.0,3.3208,607234,3682635,0.6195
w27.oracleGeneral.bin.zst,19501541,4330076,0.0182,0.004,0.222,1.0,1.0,4.5037,480741,1922018,0.4439
w26.oracleGeneral.bin.zst,26532121,3045564,0.0247,0.0028,0.1148,1.0,1.0,8.7117,609719,731498,0.2402
w25.oracleGeneral.bin.zst,26569398,3673364,0.0247,0.0034,0.1383,1.0,1.0,7.233,478076,1565382,0.4261
w24.oracleGeneral.bin.zst,27165370,5366520,0.0253,0.005,0.1976,1.0,1.0,5.062,528188,2650425,0.4939
w23.oracleGeneral.bin.zst,27914470,2845640,0.026,0.0027,0.1019,1.0,1.0,9.8096,503314,393015,0.1381
w22.oracleGeneral.bin.zst,22248591,7813606,0.0207,0.0073,0.3512,1.0,1.0,2.8474,506694,574930,0.0736
w21.oracleGeneral.bin.zst,29416348,4507350,0.0274,0.0042,0.1532,1.0,1.0,6.5263,598560,582794,0.1293
w20.oracleGeneral.bin.zst,29842317,10999689,0.0278,0.0102,0.3686,1.0,1.0,2.713,609749,6917275,0.6289
w19.oracleGeneral.bin.zst,31116216,723012,0.029,0.0007,0.0232,1.0,1.0,43.0369,601644,116090,0.1606
w18.oracleGeneral.bin.zst,22466283,3675624,0.0209,0.0034,0.1636,1.0,1.0,6.1122,501967,538901,0.1466
w17.oracleGeneral.bin.zst,31398089,2731428,0.0292,0.0025,0.087,1.0,1.0,11.4951,559832,1441318,0.5277
w16.oracleGeneral.bin.zst,26702188,8143839,0.0249,0.0076,0.305,1.0,1.0,3.2788,499107,1832111,0.225
w15.oracleGeneral.bin.zst,33628757,5558760,0.0313,0.0052,0.1653,1.0,1.0,6.0497,493948,822259,0.1479
w14.oracleGeneral.bin.zst,34816425,8932576,0.0324,0.0083,0.2566,1.0,1.0,3.8977,609747,1994493,0.2233
w13.oracleGeneral.bin.zst,39822877,5561707,0.0371,0.0052,0.1397,1.0,1.0,7.1602,475751,3104621,0.5582
w12.oracleGeneral.bin.zst,45355529,417995,0.0422,0.0004,0.0092,1.0,1.0,108.5073,558782,110658,0.2647
w11.oracleGeneral.bin.zst,46173369,2644480,0.043,0.0025,0.0573,1.0,1.0,17.4603,584551,134696,0.0509
w106.oracleGeneral.bin.zst,3275919,337644,0.0031,0.0003,0.1031,1.0,1.0,9.7023,521103,226816,0.6718
w105.oracleGeneral.bin.zst,3375344,654126,0.0031,0.0006,0.1938,1.0,1.0,5.1601,590211,246839,0.3774
w104.oracleGeneral.bin.zst,3395553,1830087,0.0032,0.0017,0.539,1.0,1.0,1.8554,609744,1033354,0.5646
w103.oracleGeneral.bin.zst,3442094,430377,0.0032,0.0004,0.125,1.0,1.0,7.9979,604306,229619,0.5335
w102.oracleGeneral.bin.zst,3558215,325151,0.0033,0.0003,0.0914,1.0,1.0,10.9433,581588,107116,0.3294
w101.oracleGeneral.bin.zst,3587707,1754573,0.0033,0.0016,0.4891,1.0,1.0,2.0448,563371,1129426,0.6437
w100.oracleGeneral.bin.zst,3645877,1771418,0.0034,0.0016,0.4859,1.0,1.0,2.0582,569241,1127960,0.6368
w10.oracleGeneral.bin.zst,48342350,12529804,0.045,0.0117,0.2592,1.0,1.0,3.8582,530169,5165526,0.4123
w09.oracleGeneral.bin.zst,49622929,14867471,0.0462,0.0138,0.2996,1.0,1.0,3.3377,609758,7120407,0.4789
w08.oracleGeneral.bin.zst,44464937,9040043,0.0414,0.0084,0.2033,1.0,1.0,4.9187,592629,1710411,0.1892
w07.oracleGeneral.bin.zst,67427405,9502621,0.0628,0.0089,0.1409,1.0,1.0,7.0957,573839,3609737,0.3799
w06.oracleGeneral.bin.zst,69392150,1699448,0.0646,0.0016,0.0245,1.0,1.0,40.8322,584461,1128247,0.6639
w05.oracleGeneral.bin.zst,73034546,41379800,0.068,0.0385,0.5666,1.0,1.0,1.765,528985,31793682,0.7683
w04.oracleGeneral.bin.zst,77764582,18753381,0.0724,0.0175,0.2412,1.0,1.0,4.1467,609747,4187679,0.2233
w03.oracleGeneral.bin.zst,84712978,27852385,0.0789,0.0259,0.3288,1.0,1.0,3.0415,609727,12833070,0.4608
w02.oracleGeneral.bin.zst,122181000,495582,0.1138,0.0005,0.0041,1.0,1.0,246.5404,607255,108623,0.2192
w01.oracleGeneral.bin.zst,215796257,122804013,0.201,0.1144,0.5691,1.0,1.0,1.7572,543521,66409730,0.5408
