pair_id,trace1_path,trace2_path
1,/mnt/cfs/oracleReuse/sample/cluster1.oracleGeneral.sample10.zst,/mnt/cfs/oracleReuse/sample/cluster10.oracleGeneral.sample10.zst
2,/mnt/cfs/oracleReuse/sample/cluster1.oracleGeneral.sample10.zst,/mnt/cfs/oracleReuse/sample/cluster12.oracleGeneral.sample10.zst
3,/mnt/cfs/oracleReuse/sample/cluster1.oracleGeneral.sample10.zst,/mnt/cfs/oracleReuse/sample/cluster14.oracleGeneral.sample10.zst
4,/mnt/cfs/oracleReuse/sample/cluster1.oracleGeneral.sample10.zst,/mnt/cfs/oracleReuse/sample/cluster17.oracleGeneral.sample10.zst
5,/mnt/cfs/oracleReuse/sample/cluster1.oracleGeneral.sample10.zst,/mnt/cfs/oracleReuse/sample/cluster18.oracleGeneral.sample10.zst
6,/mnt/cfs/oracleReuse/sample/cluster1.oracleGeneral.sample10.zst,/mnt/cfs/oracleReuse/sample/cluster19.oracleGeneral.sample10.zst
7,/mnt/cfs/oracleReuse/sample/cluster1.oracleGeneral.sample10.zst,/mnt/cfs/oracleReuse/sample/cluster2.oracleGeneral.sample10.zst
8,/mnt/cfs/oracleReuse/sample/cluster1.oracleGeneral.sample10.zst,/mnt/cfs/oracleReuse/sample/cluster21.oracleGeneral.sample10.zst
9,/mnt/cfs/oracleReuse/sample/cluster1.oracleGeneral.sample10.zst,/mnt/cfs/oracleReuse/sample/cluster23.oracleGeneral.sample10.zst
10,/mnt/cfs/oracleReuse/sample/cluster1.oracleGeneral.sample10.zst,/mnt/cfs/oracleReuse/sample/cluster24.oracleGeneral.sample10.zst
11,/mnt/cfs/oracleReuse/sample/cluster1.oracleGeneral.sample10.zst,/mnt/cfs/oracleReuse/sample/cluster26.oracleGeneral.sample10.zst
12,/mnt/cfs/oracleReuse/sample/cluster1.oracleGeneral.sample10.zst,/mnt/cfs/oracleReuse/sample/cluster27.oracleGeneral.sample10.zst
13,/mnt/cfs/oracleReuse/sample/cluster1.oracleGeneral.sample10.zst,/mnt/cfs/oracleReuse/sample/cluster29.oracleGeneral.sample10.zst
14,/mnt/cfs/oracleReuse/sample/cluster1.oracleGeneral.sample10.zst,/mnt/cfs/oracleReuse/sample/cluster30.oracleGeneral.sample10.zst
15,/mnt/cfs/oracleReuse/sample/cluster1.oracleGeneral.sample10.zst,/mnt/cfs/oracleReuse/sample/cluster31.oracleGeneral.sample10.zst
16,/mnt/cfs/oracleReuse/sample/cluster1.oracleGeneral.sample10.zst,/mnt/cfs/oracleReuse/sample/cluster35.oracleGeneral.sample10.zst
17,/mnt/cfs/oracleReuse/sample/cluster1.oracleGeneral.sample10.zst,/mnt/cfs/oracleReuse/sample/cluster36.oracleGeneral.sample10.zst
18,/mnt/cfs/oracleReuse/sample/cluster1.oracleGeneral.sample10.zst,/mnt/cfs/oracleReuse/sample/cluster37.oracleGeneral.sample10.zst
19,/mnt/cfs/oracleReuse/sample/cluster1.oracleGeneral.sample10.zst,/mnt/cfs/oracleReuse/sample/cluster38.oracleGeneral.sample10.zst
20,/mnt/cfs/oracleReuse/sample/cluster1.oracleGeneral.sample10.zst,/mnt/cfs/oracleReuse/sample/cluster39.oracleGeneral.sample10.zst
21,/mnt/cfs/oracleReuse/sample/cluster1.oracleGeneral.sample10.zst,/mnt/cfs/oracleReuse/sample/cluster4.oracleGeneral.sample10.zst
22,/mnt/cfs/oracleReuse/sample/cluster1.oracleGeneral.sample10.zst,/mnt/cfs/oracleReuse/sample/cluster40.oracleGeneral.sample10.zst
23,/mnt/cfs/oracleReuse/sample/cluster1.oracleGeneral.sample10.zst,/mnt/cfs/oracleReuse/sample/cluster41.oracleGeneral.sample10.zst
24,/mnt/cfs/oracleReuse/sample/cluster1.oracleGeneral.sample10.zst,/mnt/cfs/oracleReuse/sample/cluster43.oracleGeneral.sample10.zst
25,/mnt/cfs/oracleReuse/sample/cluster1.oracleGeneral.sample10.zst,/mnt/cfs/oracleReuse/sample/cluster44.oracleGeneral.sample10.zst
26,/mnt/cfs/oracleReuse/sample/cluster1.oracleGeneral.sample10.zst,/mnt/cfs/oracleReuse/sample/cluster46.oracleGeneral.sample10.zst
27,/mnt/cfs/oracleReuse/sample/cluster1.oracleGeneral.sample10.zst,/mnt/cfs/oracleReuse/sample/cluster47.oracleGeneral.sample10.zst
28,/mnt/cfs/oracleReuse/sample/cluster1.oracleGeneral.sample10.zst,/mnt/cfs/oracleReuse/sample/cluster49.oracleGeneral.sample10.zst
29,/mnt/cfs/oracleReuse/sample/cluster1.oracleGeneral.sample10.zst,/mnt/cfs/oracleReuse/sample/cluster5.oracleGeneral.sample10.zst
30,/mnt/cfs/oracleReuse/sample/cluster1.oracleGeneral.sample10.zst,/mnt/cfs/oracleReuse/sample/cluster50.oracleGeneral.sample10.zst
31,/mnt/cfs/oracleReuse/sample/cluster1.oracleGeneral.sample10.zst,/mnt/cfs/oracleReuse/sample/cluster52.oracleGeneral.sample10.zst
32,/mnt/cfs/oracleReuse/sample/cluster1.oracleGeneral.sample10.zst,/mnt/cfs/oracleReuse/sample/cluster53.oracleGeneral.sample10.zst
33,/mnt/cfs/oracleReuse/sample/cluster1.oracleGeneral.sample10.zst,/mnt/cfs/oracleReuse/sample/cluster54.oracleGeneral.sample10.zst
34,/mnt/cfs/oracleReuse/sample/cluster1.oracleGeneral.sample10.zst,/mnt/cfs/oracleReuse/sample/cluster7.oracleGeneral.sample10.zst
35,/mnt/cfs/oracleReuse/sample/cluster10.oracleGeneral.sample10.zst,/mnt/cfs/oracleReuse/sample/cluster11.oracleGeneral.sample10.zst
36,/mnt/cfs/oracleReuse/sample/cluster10.oracleGeneral.sample10.zst,/mnt/cfs/oracleReuse/sample/cluster12.oracleGeneral.sample10.zst
37,/mnt/cfs/oracleReuse/sample/cluster10.oracleGeneral.sample10.zst,/mnt/cfs/oracleReuse/sample/cluster13.oracleGeneral.sample10.zst
38,/mnt/cfs/oracleReuse/sample/cluster10.oracleGeneral.sample10.zst,/mnt/cfs/oracleReuse/sample/cluster15.oracleGeneral.sample10.zst
39,/mnt/cfs/oracleReuse/sample/cluster10.oracleGeneral.sample10.zst,/mnt/cfs/oracleReuse/sample/cluster17.oracleGeneral.sample10.zst
40,/mnt/cfs/oracleReuse/sample/cluster10.oracleGeneral.sample10.zst,/mnt/cfs/oracleReuse/sample/cluster18.oracleGeneral.sample10.zst
41,/mnt/cfs/oracleReuse/sample/cluster10.oracleGeneral.sample10.zst,/mnt/cfs/oracleReuse/sample/cluster19.oracleGeneral.sample10.zst
42,/mnt/cfs/oracleReuse/sample/cluster10.oracleGeneral.sample10.zst,/mnt/cfs/oracleReuse/sample/cluster2.oracleGeneral.sample10.zst
43,/mnt/cfs/oracleReuse/sample/cluster10.oracleGeneral.sample10.zst,/mnt/cfs/oracleReuse/sample/cluster20.oracleGeneral.sample10.zst
44,/mnt/cfs/oracleReuse/sample/cluster10.oracleGeneral.sample10.zst,/mnt/cfs/oracleReuse/sample/cluster23.oracleGeneral.sample10.zst
45,/mnt/cfs/oracleReuse/sample/cluster10.oracleGeneral.sample10.zst,/mnt/cfs/oracleReuse/sample/cluster24.oracleGeneral.sample10.zst
46,/mnt/cfs/oracleReuse/sample/cluster10.oracleGeneral.sample10.zst,/mnt/cfs/oracleReuse/sample/cluster26.oracleGeneral.sample10.zst
47,/mnt/cfs/oracleReuse/sample/cluster10.oracleGeneral.sample10.zst,/mnt/cfs/oracleReuse/sample/cluster29.oracleGeneral.sample10.zst
48,/mnt/cfs/oracleReuse/sample/cluster10.oracleGeneral.sample10.zst,/mnt/cfs/oracleReuse/sample/cluster30.oracleGeneral.sample10.zst
49,/mnt/cfs/oracleReuse/sample/cluster10.oracleGeneral.sample10.zst,/mnt/cfs/oracleReuse/sample/cluster31.oracleGeneral.sample10.zst
50,/mnt/cfs/oracleReuse/sample/cluster10.oracleGeneral.sample10.zst,/mnt/cfs/oracleReuse/sample/cluster32.oracleGeneral.sample10.zst
51,/mnt/cfs/oracleReuse/sample/cluster10.oracleGeneral.sample10.zst,/mnt/cfs/oracleReuse/sample/cluster34.oracleGeneral.sample10.zst
52,/mnt/cfs/oracleReuse/sample/cluster10.oracleGeneral.sample10.zst,/mnt/cfs/oracleReuse/sample/cluster35.oracleGeneral.sample10.zst
53,/mnt/cfs/oracleReuse/sample/cluster10.oracleGeneral.sample10.zst,/mnt/cfs/oracleReuse/sample/cluster36.oracleGeneral.sample10.zst
54,/mnt/cfs/oracleReuse/sample/cluster10.oracleGeneral.sample10.zst,/mnt/cfs/oracleReuse/sample/cluster37.oracleGeneral.sample10.zst
55,/mnt/cfs/oracleReuse/sample/cluster10.oracleGeneral.sample10.zst,/mnt/cfs/oracleReuse/sample/cluster38.oracleGeneral.sample10.zst
56,/mnt/cfs/oracleReuse/sample/cluster10.oracleGeneral.sample10.zst,/mnt/cfs/oracleReuse/sample/cluster4.oracleGeneral.sample10.zst
57,/mnt/cfs/oracleReuse/sample/cluster10.oracleGeneral.sample10.zst,/mnt/cfs/oracleReuse/sample/cluster40.oracleGeneral.sample10.zst
58,/mnt/cfs/oracleReuse/sample/cluster10.oracleGeneral.sample10.zst,/mnt/cfs/oracleReuse/sample/cluster42.oracleGeneral.sample10.zst
59,/mnt/cfs/oracleReuse/sample/cluster10.oracleGeneral.sample10.zst,/mnt/cfs/oracleReuse/sample/cluster43.oracleGeneral.sample10.zst
60,/mnt/cfs/oracleReuse/sample/cluster10.oracleGeneral.sample10.zst,/mnt/cfs/oracleReuse/sample/cluster44.oracleGeneral.sample10.zst
61,/mnt/cfs/oracleReuse/sample/cluster10.oracleGeneral.sample10.zst,/mnt/cfs/oracleReuse/sample/cluster48.oracleGeneral.sample10.zst
62,/mnt/cfs/oracleReuse/sample/cluster10.oracleGeneral.sample10.zst,/mnt/cfs/oracleReuse/sample/cluster49.oracleGeneral.sample10.zst
63,/mnt/cfs/oracleReuse/sample/cluster10.oracleGeneral.sample10.zst,/mnt/cfs/oracleReuse/sample/cluster5.oracleGeneral.sample10.zst
64,/mnt/cfs/oracleReuse/sample/cluster10.oracleGeneral.sample10.zst,/mnt/cfs/oracleReuse/sample/cluster50.oracleGeneral.sample10.zst
65,/mnt/cfs/oracleReuse/sample/cluster10.oracleGeneral.sample10.zst,/mnt/cfs/oracleReuse/sample/cluster51.oracleGeneral.sample10.zst
66,/mnt/cfs/oracleReuse/sample/cluster10.oracleGeneral.sample10.zst,/mnt/cfs/oracleReuse/sample/cluster53.oracleGeneral.sample10.zst
67,/mnt/cfs/oracleReuse/sample/cluster10.oracleGeneral.sample10.zst,/mnt/cfs/oracleReuse/sample/cluster54.oracleGeneral.sample10.zst
68,/mnt/cfs/oracleReuse/sample/cluster10.oracleGeneral.sample10.zst,/mnt/cfs/oracleReuse/sample/cluster9.oracleGeneral.sample10.zst
69,/mnt/cfs/oracleReuse/sample/cluster11.oracleGeneral.sample10.zst,/mnt/cfs/oracleReuse/sample/cluster12.oracleGeneral.sample10.zst
70,/mnt/cfs/oracleReuse/sample/cluster11.oracleGeneral.sample10.zst,/mnt/cfs/oracleReuse/sample/cluster13.oracleGeneral.sample10.zst
71,/mnt/cfs/oracleReuse/sample/cluster11.oracleGeneral.sample10.zst,/mnt/cfs/oracleReuse/sample/cluster14.oracleGeneral.sample10.zst
72,/mnt/cfs/oracleReuse/sample/cluster11.oracleGeneral.sample10.zst,/mnt/cfs/oracleReuse/sample/cluster15.oracleGeneral.sample10.zst
73,/mnt/cfs/oracleReuse/sample/cluster11.oracleGeneral.sample10.zst,/mnt/cfs/oracleReuse/sample/cluster16.oracleGeneral.sample10.zst
74,/mnt/cfs/oracleReuse/sample/cluster11.oracleGeneral.sample10.zst,/mnt/cfs/oracleReuse/sample/cluster17.oracleGeneral.sample10.zst
75,/mnt/cfs/oracleReuse/sample/cluster11.oracleGeneral.sample10.zst,/mnt/cfs/oracleReuse/sample/cluster18.oracleGeneral.sample10.zst
76,/mnt/cfs/oracleReuse/sample/cluster11.oracleGeneral.sample10.zst,/mnt/cfs/oracleReuse/sample/cluster19.oracleGeneral.sample10.zst
77,/mnt/cfs/oracleReuse/sample/cluster11.oracleGeneral.sample10.zst,/mnt/cfs/oracleReuse/sample/cluster2.oracleGeneral.sample10.zst
78,/mnt/cfs/oracleReuse/sample/cluster11.oracleGeneral.sample10.zst,/mnt/cfs/oracleReuse/sample/cluster20.oracleGeneral.sample10.zst
79,/mnt/cfs/oracleReuse/sample/cluster11.oracleGeneral.sample10.zst,/mnt/cfs/oracleReuse/sample/cluster21.oracleGeneral.sample10.zst
80,/mnt/cfs/oracleReuse/sample/cluster11.oracleGeneral.sample10.zst,/mnt/cfs/oracleReuse/sample/cluster24.oracleGeneral.sample10.zst
81,/mnt/cfs/oracleReuse/sample/cluster11.oracleGeneral.sample10.zst,/mnt/cfs/oracleReuse/sample/cluster26.oracleGeneral.sample10.zst
82,/mnt/cfs/oracleReuse/sample/cluster11.oracleGeneral.sample10.zst,/mnt/cfs/oracleReuse/sample/cluster27.oracleGeneral.sample10.zst
83,/mnt/cfs/oracleReuse/sample/cluster11.oracleGeneral.sample10.zst,/mnt/cfs/oracleReuse/sample/cluster28.oracleGeneral.sample10.zst
84,/mnt/cfs/oracleReuse/sample/cluster11.oracleGeneral.sample10.zst,/mnt/cfs/oracleReuse/sample/cluster29.oracleGeneral.sample10.zst
85,/mnt/cfs/oracleReuse/sample/cluster11.oracleGeneral.sample10.zst,/mnt/cfs/oracleReuse/sample/cluster31.oracleGeneral.sample10.zst
86,/mnt/cfs/oracleReuse/sample/cluster11.oracleGeneral.sample10.zst,/mnt/cfs/oracleReuse/sample/cluster36.oracleGeneral.sample10.zst
87,/mnt/cfs/oracleReuse/sample/cluster11.oracleGeneral.sample10.zst,/mnt/cfs/oracleReuse/sample/cluster37.oracleGeneral.sample10.zst
88,/mnt/cfs/oracleReuse/sample/cluster11.oracleGeneral.sample10.zst,/mnt/cfs/oracleReuse/sample/cluster38.oracleGeneral.sample10.zst
89,/mnt/cfs/oracleReuse/sample/cluster11.oracleGeneral.sample10.zst,/mnt/cfs/oracleReuse/sample/cluster39.oracleGeneral.sample10.zst
90,/mnt/cfs/oracleReuse/sample/cluster11.oracleGeneral.sample10.zst,/mnt/cfs/oracleReuse/sample/cluster4.oracleGeneral.sample10.zst
91,/mnt/cfs/oracleReuse/sample/cluster11.oracleGeneral.sample10.zst,/mnt/cfs/oracleReuse/sample/cluster40.oracleGeneral.sample10.zst
92,/mnt/cfs/oracleReuse/sample/cluster11.oracleGeneral.sample10.zst,/mnt/cfs/oracleReuse/sample/cluster41.oracleGeneral.sample10.zst
93,/mnt/cfs/oracleReuse/sample/cluster11.oracleGeneral.sample10.zst,/mnt/cfs/oracleReuse/sample/cluster42.oracleGeneral.sample10.zst
94,/mnt/cfs/oracleReuse/sample/cluster11.oracleGeneral.sample10.zst,/mnt/cfs/oracleReuse/sample/cluster43.oracleGeneral.sample10.zst
95,/mnt/cfs/oracleReuse/sample/cluster11.oracleGeneral.sample10.zst,/mnt/cfs/oracleReuse/sample/cluster44.oracleGeneral.sample10.zst
96,/mnt/cfs/oracleReuse/sample/cluster11.oracleGeneral.sample10.zst,/mnt/cfs/oracleReuse/sample/cluster45.oracleGeneral.sample10.zst
97,/mnt/cfs/oracleReuse/sample/cluster11.oracleGeneral.sample10.zst,/mnt/cfs/oracleReuse/sample/cluster46.oracleGeneral.sample10.zst
98,/mnt/cfs/oracleReuse/sample/cluster11.oracleGeneral.sample10.zst,/mnt/cfs/oracleReuse/sample/cluster47.oracleGeneral.sample10.zst
99,/mnt/cfs/oracleReuse/sample/cluster11.oracleGeneral.sample10.zst,/mnt/cfs/oracleReuse/sample/cluster48.oracleGeneral.sample10.zst
100,/mnt/cfs/oracleReuse/sample/cluster11.oracleGeneral.sample10.zst,/mnt/cfs/oracleReuse/sample/cluster49.oracleGeneral.sample10.zst
101,/mnt/cfs/oracleReuse/sample/cluster11.oracleGeneral.sample10.zst,/mnt/cfs/oracleReuse/sample/cluster5.oracleGeneral.sample10.zst
102,/mnt/cfs/oracleReuse/sample/cluster11.oracleGeneral.sample10.zst,/mnt/cfs/oracleReuse/sample/cluster50.oracleGeneral.sample10.zst
103,/mnt/cfs/oracleReuse/sample/cluster11.oracleGeneral.sample10.zst,/mnt/cfs/oracleReuse/sample/cluster52.oracleGeneral.sample10.zst
104,/mnt/cfs/oracleReuse/sample/cluster11.oracleGeneral.sample10.zst,/mnt/cfs/oracleReuse/sample/cluster53.oracleGeneral.sample10.zst
105,/mnt/cfs/oracleReuse/sample/cluster11.oracleGeneral.sample10.zst,/mnt/cfs/oracleReuse/sample/cluster54.oracleGeneral.sample10.zst
106,/mnt/cfs/oracleReuse/sample/cluster11.oracleGeneral.sample10.zst,/mnt/cfs/oracleReuse/sample/cluster8.oracleGeneral.sample10.zst
107,/mnt/cfs/oracleReuse/sample/cluster11.oracleGeneral.sample10.zst,/mnt/cfs/oracleReuse/sample/cluster9.oracleGeneral.sample10.zst
108,/mnt/cfs/oracleReuse/sample/cluster12.oracleGeneral.sample10.zst,/mnt/cfs/oracleReuse/sample/cluster13.oracleGeneral.sample10.zst
109,/mnt/cfs/oracleReuse/sample/cluster12.oracleGeneral.sample10.zst,/mnt/cfs/oracleReuse/sample/cluster14.oracleGeneral.sample10.zst
110,/mnt/cfs/oracleReuse/sample/cluster12.oracleGeneral.sample10.zst,/mnt/cfs/oracleReuse/sample/cluster15.oracleGeneral.sample10.zst
111,/mnt/cfs/oracleReuse/sample/cluster12.oracleGeneral.sample10.zst,/mnt/cfs/oracleReuse/sample/cluster16.oracleGeneral.sample10.zst
112,/mnt/cfs/oracleReuse/sample/cluster12.oracleGeneral.sample10.zst,/mnt/cfs/oracleReuse/sample/cluster17.oracleGeneral.sample10.zst
113,/mnt/cfs/oracleReuse/sample/cluster12.oracleGeneral.sample10.zst,/mnt/cfs/oracleReuse/sample/cluster18.oracleGeneral.sample10.zst
114,/mnt/cfs/oracleReuse/sample/cluster12.oracleGeneral.sample10.zst,/mnt/cfs/oracleReuse/sample/cluster19.oracleGeneral.sample10.zst
115,/mnt/cfs/oracleReuse/sample/cluster12.oracleGeneral.sample10.zst,/mnt/cfs/oracleReuse/sample/cluster2.oracleGeneral.sample10.zst
116,/mnt/cfs/oracleReuse/sample/cluster12.oracleGeneral.sample10.zst,/mnt/cfs/oracleReuse/sample/cluster20.oracleGeneral.sample10.zst
117,/mnt/cfs/oracleReuse/sample/cluster12.oracleGeneral.sample10.zst,/mnt/cfs/oracleReuse/sample/cluster21.oracleGeneral.sample10.zst
118,/mnt/cfs/oracleReuse/sample/cluster12.oracleGeneral.sample10.zst,/mnt/cfs/oracleReuse/sample/cluster26.oracleGeneral.sample10.zst
119,/mnt/cfs/oracleReuse/sample/cluster12.oracleGeneral.sample10.zst,/mnt/cfs/oracleReuse/sample/cluster27.oracleGeneral.sample10.zst
120,/mnt/cfs/oracleReuse/sample/cluster12.oracleGeneral.sample10.zst,/mnt/cfs/oracleReuse/sample/cluster28.oracleGeneral.sample10.zst
121,/mnt/cfs/oracleReuse/sample/cluster12.oracleGeneral.sample10.zst,/mnt/cfs/oracleReuse/sample/cluster29.oracleGeneral.sample10.zst
122,/mnt/cfs/oracleReuse/sample/cluster12.oracleGeneral.sample10.zst,/mnt/cfs/oracleReuse/sample/cluster3.oracleGeneral.sample10.zst
123,/mnt/cfs/oracleReuse/sample/cluster12.oracleGeneral.sample10.zst,/mnt/cfs/oracleReuse/sample/cluster32.oracleGeneral.sample10.zst
124,/mnt/cfs/oracleReuse/sample/cluster12.oracleGeneral.sample10.zst,/mnt/cfs/oracleReuse/sample/cluster34.oracleGeneral.sample10.zst
125,/mnt/cfs/oracleReuse/sample/cluster12.oracleGeneral.sample10.zst,/mnt/cfs/oracleReuse/sample/cluster35.oracleGeneral.sample10.zst
126,/mnt/cfs/oracleReuse/sample/cluster12.oracleGeneral.sample10.zst,/mnt/cfs/oracleReuse/sample/cluster36.oracleGeneral.sample10.zst
127,/mnt/cfs/oracleReuse/sample/cluster12.oracleGeneral.sample10.zst,/mnt/cfs/oracleReuse/sample/cluster37.oracleGeneral.sample10.zst
128,/mnt/cfs/oracleReuse/sample/cluster12.oracleGeneral.sample10.zst,/mnt/cfs/oracleReuse/sample/cluster38.oracleGeneral.sample10.zst
129,/mnt/cfs/oracleReuse/sample/cluster12.oracleGeneral.sample10.zst,/mnt/cfs/oracleReuse/sample/cluster39.oracleGeneral.sample10.zst
130,/mnt/cfs/oracleReuse/sample/cluster12.oracleGeneral.sample10.zst,/mnt/cfs/oracleReuse/sample/cluster4.oracleGeneral.sample10.zst
131,/mnt/cfs/oracleReuse/sample/cluster12.oracleGeneral.sample10.zst,/mnt/cfs/oracleReuse/sample/cluster40.oracleGeneral.sample10.zst
132,/mnt/cfs/oracleReuse/sample/cluster12.oracleGeneral.sample10.zst,/mnt/cfs/oracleReuse/sample/cluster41.oracleGeneral.sample10.zst
133,/mnt/cfs/oracleReuse/sample/cluster12.oracleGeneral.sample10.zst,/mnt/cfs/oracleReuse/sample/cluster43.oracleGeneral.sample10.zst
134,/mnt/cfs/oracleReuse/sample/cluster12.oracleGeneral.sample10.zst,/mnt/cfs/oracleReuse/sample/cluster44.oracleGeneral.sample10.zst
135,/mnt/cfs/oracleReuse/sample/cluster12.oracleGeneral.sample10.zst,/mnt/cfs/oracleReuse/sample/cluster46.oracleGeneral.sample10.zst
136,/mnt/cfs/oracleReuse/sample/cluster12.oracleGeneral.sample10.zst,/mnt/cfs/oracleReuse/sample/cluster47.oracleGeneral.sample10.zst
137,/mnt/cfs/oracleReuse/sample/cluster12.oracleGeneral.sample10.zst,/mnt/cfs/oracleReuse/sample/cluster49.oracleGeneral.sample10.zst
138,/mnt/cfs/oracleReuse/sample/cluster12.oracleGeneral.sample10.zst,/mnt/cfs/oracleReuse/sample/cluster5.oracleGeneral.sample10.zst
139,/mnt/cfs/oracleReuse/sample/cluster12.oracleGeneral.sample10.zst,/mnt/cfs/oracleReuse/sample/cluster51.oracleGeneral.sample10.zst
140,/mnt/cfs/oracleReuse/sample/cluster12.oracleGeneral.sample10.zst,/mnt/cfs/oracleReuse/sample/cluster54.oracleGeneral.sample10.zst
141,/mnt/cfs/oracleReuse/sample/cluster12.oracleGeneral.sample10.zst,/mnt/cfs/oracleReuse/sample/cluster7.oracleGeneral.sample10.zst
142,/mnt/cfs/oracleReuse/sample/cluster12.oracleGeneral.sample10.zst,/mnt/cfs/oracleReuse/sample/cluster8.oracleGeneral.sample10.zst
143,/mnt/cfs/oracleReuse/sample/cluster12.oracleGeneral.sample10.zst,/mnt/cfs/oracleReuse/sample/cluster9.oracleGeneral.sample10.zst
144,/mnt/cfs/oracleReuse/sample/cluster13.oracleGeneral.sample10.zst,/mnt/cfs/oracleReuse/sample/cluster14.oracleGeneral.sample10.zst
145,/mnt/cfs/oracleReuse/sample/cluster13.oracleGeneral.sample10.zst,/mnt/cfs/oracleReuse/sample/cluster16.oracleGeneral.sample10.zst
146,/mnt/cfs/oracleReuse/sample/cluster13.oracleGeneral.sample10.zst,/mnt/cfs/oracleReuse/sample/cluster18.oracleGeneral.sample10.zst
147,/mnt/cfs/oracleReuse/sample/cluster13.oracleGeneral.sample10.zst,/mnt/cfs/oracleReuse/sample/cluster20.oracleGeneral.sample10.zst
148,/mnt/cfs/oracleReuse/sample/cluster13.oracleGeneral.sample10.zst,/mnt/cfs/oracleReuse/sample/cluster22.oracleGeneral.sample10.zst
149,/mnt/cfs/oracleReuse/sample/cluster13.oracleGeneral.sample10.zst,/mnt/cfs/oracleReuse/sample/cluster24.oracleGeneral.sample10.zst
150,/mnt/cfs/oracleReuse/sample/cluster13.oracleGeneral.sample10.zst,/mnt/cfs/oracleReuse/sample/cluster30.oracleGeneral.sample10.zst
151,/mnt/cfs/oracleReuse/sample/cluster13.oracleGeneral.sample10.zst,/mnt/cfs/oracleReuse/sample/cluster31.oracleGeneral.sample10.zst
152,/mnt/cfs/oracleReuse/sample/cluster13.oracleGeneral.sample10.zst,/mnt/cfs/oracleReuse/sample/cluster32.oracleGeneral.sample10.zst
153,/mnt/cfs/oracleReuse/sample/cluster13.oracleGeneral.sample10.zst,/mnt/cfs/oracleReuse/sample/cluster34.oracleGeneral.sample10.zst
154,/mnt/cfs/oracleReuse/sample/cluster13.oracleGeneral.sample10.zst,/mnt/cfs/oracleReuse/sample/cluster36.oracleGeneral.sample10.zst
155,/mnt/cfs/oracleReuse/sample/cluster13.oracleGeneral.sample10.zst,/mnt/cfs/oracleReuse/sample/cluster37.oracleGeneral.sample10.zst
156,/mnt/cfs/oracleReuse/sample/cluster13.oracleGeneral.sample10.zst,/mnt/cfs/oracleReuse/sample/cluster40.oracleGeneral.sample10.zst
157,/mnt/cfs/oracleReuse/sample/cluster13.oracleGeneral.sample10.zst,/mnt/cfs/oracleReuse/sample/cluster41.oracleGeneral.sample10.zst
158,/mnt/cfs/oracleReuse/sample/cluster13.oracleGeneral.sample10.zst,/mnt/cfs/oracleReuse/sample/cluster42.oracleGeneral.sample10.zst
159,/mnt/cfs/oracleReuse/sample/cluster13.oracleGeneral.sample10.zst,/mnt/cfs/oracleReuse/sample/cluster43.oracleGeneral.sample10.zst
160,/mnt/cfs/oracleReuse/sample/cluster13.oracleGeneral.sample10.zst,/mnt/cfs/oracleReuse/sample/cluster45.oracleGeneral.sample10.zst
161,/mnt/cfs/oracleReuse/sample/cluster13.oracleGeneral.sample10.zst,/mnt/cfs/oracleReuse/sample/cluster46.oracleGeneral.sample10.zst
162,/mnt/cfs/oracleReuse/sample/cluster13.oracleGeneral.sample10.zst,/mnt/cfs/oracleReuse/sample/cluster47.oracleGeneral.sample10.zst
163,/mnt/cfs/oracleReuse/sample/cluster13.oracleGeneral.sample10.zst,/mnt/cfs/oracleReuse/sample/cluster48.oracleGeneral.sample10.zst
164,/mnt/cfs/oracleReuse/sample/cluster13.oracleGeneral.sample10.zst,/mnt/cfs/oracleReuse/sample/cluster49.oracleGeneral.sample10.zst
165,/mnt/cfs/oracleReuse/sample/cluster13.oracleGeneral.sample10.zst,/mnt/cfs/oracleReuse/sample/cluster50.oracleGeneral.sample10.zst
166,/mnt/cfs/oracleReuse/sample/cluster13.oracleGeneral.sample10.zst,/mnt/cfs/oracleReuse/sample/cluster51.oracleGeneral.sample10.zst
167,/mnt/cfs/oracleReuse/sample/cluster13.oracleGeneral.sample10.zst,/mnt/cfs/oracleReuse/sample/cluster52.oracleGeneral.sample10.zst
168,/mnt/cfs/oracleReuse/sample/cluster13.oracleGeneral.sample10.zst,/mnt/cfs/oracleReuse/sample/cluster54.oracleGeneral.sample10.zst
169,/mnt/cfs/oracleReuse/sample/cluster13.oracleGeneral.sample10.zst,/mnt/cfs/oracleReuse/sample/cluster6.oracleGeneral.sample10.zst
170,/mnt/cfs/oracleReuse/sample/cluster13.oracleGeneral.sample10.zst,/mnt/cfs/oracleReuse/sample/cluster9.oracleGeneral.sample10.zst
171,/mnt/cfs/oracleReuse/sample/cluster14.oracleGeneral.sample10.zst,/mnt/cfs/oracleReuse/sample/cluster16.oracleGeneral.sample10.zst
172,/mnt/cfs/oracleReuse/sample/cluster14.oracleGeneral.sample10.zst,/mnt/cfs/oracleReuse/sample/cluster17.oracleGeneral.sample10.zst
173,/mnt/cfs/oracleReuse/sample/cluster14.oracleGeneral.sample10.zst,/mnt/cfs/oracleReuse/sample/cluster18.oracleGeneral.sample10.zst
174,/mnt/cfs/oracleReuse/sample/cluster14.oracleGeneral.sample10.zst,/mnt/cfs/oracleReuse/sample/cluster19.oracleGeneral.sample10.zst
175,/mnt/cfs/oracleReuse/sample/cluster14.oracleGeneral.sample10.zst,/mnt/cfs/oracleReuse/sample/cluster2.oracleGeneral.sample10.zst
176,/mnt/cfs/oracleReuse/sample/cluster14.oracleGeneral.sample10.zst,/mnt/cfs/oracleReuse/sample/cluster20.oracleGeneral.sample10.zst
177,/mnt/cfs/oracleReuse/sample/cluster14.oracleGeneral.sample10.zst,/mnt/cfs/oracleReuse/sample/cluster21.oracleGeneral.sample10.zst
178,/mnt/cfs/oracleReuse/sample/cluster14.oracleGeneral.sample10.zst,/mnt/cfs/oracleReuse/sample/cluster22.oracleGeneral.sample10.zst
179,/mnt/cfs/oracleReuse/sample/cluster14.oracleGeneral.sample10.zst,/mnt/cfs/oracleReuse/sample/cluster23.oracleGeneral.sample10.zst
180,/mnt/cfs/oracleReuse/sample/cluster14.oracleGeneral.sample10.zst,/mnt/cfs/oracleReuse/sample/cluster26.oracleGeneral.sample10.zst
181,/mnt/cfs/oracleReuse/sample/cluster14.oracleGeneral.sample10.zst,/mnt/cfs/oracleReuse/sample/cluster27.oracleGeneral.sample10.zst
182,/mnt/cfs/oracleReuse/sample/cluster14.oracleGeneral.sample10.zst,/mnt/cfs/oracleReuse/sample/cluster28.oracleGeneral.sample10.zst
183,/mnt/cfs/oracleReuse/sample/cluster14.oracleGeneral.sample10.zst,/mnt/cfs/oracleReuse/sample/cluster29.oracleGeneral.sample10.zst
184,/mnt/cfs/oracleReuse/sample/cluster14.oracleGeneral.sample10.zst,/mnt/cfs/oracleReuse/sample/cluster3.oracleGeneral.sample10.zst
185,/mnt/cfs/oracleReuse/sample/cluster14.oracleGeneral.sample10.zst,/mnt/cfs/oracleReuse/sample/cluster30.oracleGeneral.sample10.zst
186,/mnt/cfs/oracleReuse/sample/cluster14.oracleGeneral.sample10.zst,/mnt/cfs/oracleReuse/sample/cluster32.oracleGeneral.sample10.zst
187,/mnt/cfs/oracleReuse/sample/cluster14.oracleGeneral.sample10.zst,/mnt/cfs/oracleReuse/sample/cluster34.oracleGeneral.sample10.zst
188,/mnt/cfs/oracleReuse/sample/cluster14.oracleGeneral.sample10.zst,/mnt/cfs/oracleReuse/sample/cluster35.oracleGeneral.sample10.zst
189,/mnt/cfs/oracleReuse/sample/cluster14.oracleGeneral.sample10.zst,/mnt/cfs/oracleReuse/sample/cluster36.oracleGeneral.sample10.zst
190,/mnt/cfs/oracleReuse/sample/cluster14.oracleGeneral.sample10.zst,/mnt/cfs/oracleReuse/sample/cluster38.oracleGeneral.sample10.zst
191,/mnt/cfs/oracleReuse/sample/cluster14.oracleGeneral.sample10.zst,/mnt/cfs/oracleReuse/sample/cluster4.oracleGeneral.sample10.zst
192,/mnt/cfs/oracleReuse/sample/cluster14.oracleGeneral.sample10.zst,/mnt/cfs/oracleReuse/sample/cluster41.oracleGeneral.sample10.zst
193,/mnt/cfs/oracleReuse/sample/cluster14.oracleGeneral.sample10.zst,/mnt/cfs/oracleReuse/sample/cluster42.oracleGeneral.sample10.zst
194,/mnt/cfs/oracleReuse/sample/cluster14.oracleGeneral.sample10.zst,/mnt/cfs/oracleReuse/sample/cluster43.oracleGeneral.sample10.zst
195,/mnt/cfs/oracleReuse/sample/cluster14.oracleGeneral.sample10.zst,/mnt/cfs/oracleReuse/sample/cluster44.oracleGeneral.sample10.zst
196,/mnt/cfs/oracleReuse/sample/cluster14.oracleGeneral.sample10.zst,/mnt/cfs/oracleReuse/sample/cluster45.oracleGeneral.sample10.zst
197,/mnt/cfs/oracleReuse/sample/cluster14.oracleGeneral.sample10.zst,/mnt/cfs/oracleReuse/sample/cluster46.oracleGeneral.sample10.zst
198,/mnt/cfs/oracleReuse/sample/cluster14.oracleGeneral.sample10.zst,/mnt/cfs/oracleReuse/sample/cluster47.oracleGeneral.sample10.zst
199,/mnt/cfs/oracleReuse/sample/cluster14.oracleGeneral.sample10.zst,/mnt/cfs/oracleReuse/sample/cluster48.oracleGeneral.sample10.zst
200,/mnt/cfs/oracleReuse/sample/cluster14.oracleGeneral.sample10.zst,/mnt/cfs/oracleReuse/sample/cluster49.oracleGeneral.sample10.zst
201,/mnt/cfs/oracleReuse/sample/cluster14.oracleGeneral.sample10.zst,/mnt/cfs/oracleReuse/sample/cluster5.oracleGeneral.sample10.zst
202,/mnt/cfs/oracleReuse/sample/cluster14.oracleGeneral.sample10.zst,/mnt/cfs/oracleReuse/sample/cluster51.oracleGeneral.sample10.zst
203,/mnt/cfs/oracleReuse/sample/cluster14.oracleGeneral.sample10.zst,/mnt/cfs/oracleReuse/sample/cluster53.oracleGeneral.sample10.zst
204,/mnt/cfs/oracleReuse/sample/cluster14.oracleGeneral.sample10.zst,/mnt/cfs/oracleReuse/sample/cluster54.oracleGeneral.sample10.zst
205,/mnt/cfs/oracleReuse/sample/cluster14.oracleGeneral.sample10.zst,/mnt/cfs/oracleReuse/sample/cluster9.oracleGeneral.sample10.zst
206,/mnt/cfs/oracleReuse/sample/cluster15.oracleGeneral.sample10.zst,/mnt/cfs/oracleReuse/sample/cluster16.oracleGeneral.sample10.zst
207,/mnt/cfs/oracleReuse/sample/cluster15.oracleGeneral.sample10.zst,/mnt/cfs/oracleReuse/sample/cluster17.oracleGeneral.sample10.zst
208,/mnt/cfs/oracleReuse/sample/cluster15.oracleGeneral.sample10.zst,/mnt/cfs/oracleReuse/sample/cluster18.oracleGeneral.sample10.zst
209,/mnt/cfs/oracleReuse/sample/cluster15.oracleGeneral.sample10.zst,/mnt/cfs/oracleReuse/sample/cluster2.oracleGeneral.sample10.zst
210,/mnt/cfs/oracleReuse/sample/cluster15.oracleGeneral.sample10.zst,/mnt/cfs/oracleReuse/sample/cluster20.oracleGeneral.sample10.zst
211,/mnt/cfs/oracleReuse/sample/cluster15.oracleGeneral.sample10.zst,/mnt/cfs/oracleReuse/sample/cluster23.oracleGeneral.sample10.zst
212,/mnt/cfs/oracleReuse/sample/cluster15.oracleGeneral.sample10.zst,/mnt/cfs/oracleReuse/sample/cluster24.oracleGeneral.sample10.zst
213,/mnt/cfs/oracleReuse/sample/cluster15.oracleGeneral.sample10.zst,/mnt/cfs/oracleReuse/sample/cluster26.oracleGeneral.sample10.zst
214,/mnt/cfs/oracleReuse/sample/cluster15.oracleGeneral.sample10.zst,/mnt/cfs/oracleReuse/sample/cluster27.oracleGeneral.sample10.zst
215,/mnt/cfs/oracleReuse/sample/cluster15.oracleGeneral.sample10.zst,/mnt/cfs/oracleReuse/sample/cluster28.oracleGeneral.sample10.zst
216,/mnt/cfs/oracleReuse/sample/cluster15.oracleGeneral.sample10.zst,/mnt/cfs/oracleReuse/sample/cluster29.oracleGeneral.sample10.zst
217,/mnt/cfs/oracleReuse/sample/cluster15.oracleGeneral.sample10.zst,/mnt/cfs/oracleReuse/sample/cluster3.oracleGeneral.sample10.zst
218,/mnt/cfs/oracleReuse/sample/cluster15.oracleGeneral.sample10.zst,/mnt/cfs/oracleReuse/sample/cluster30.oracleGeneral.sample10.zst
219,/mnt/cfs/oracleReuse/sample/cluster15.oracleGeneral.sample10.zst,/mnt/cfs/oracleReuse/sample/cluster31.oracleGeneral.sample10.zst
220,/mnt/cfs/oracleReuse/sample/cluster15.oracleGeneral.sample10.zst,/mnt/cfs/oracleReuse/sample/cluster32.oracleGeneral.sample10.zst
221,/mnt/cfs/oracleReuse/sample/cluster15.oracleGeneral.sample10.zst,/mnt/cfs/oracleReuse/sample/cluster34.oracleGeneral.sample10.zst
222,/mnt/cfs/oracleReuse/sample/cluster15.oracleGeneral.sample10.zst,/mnt/cfs/oracleReuse/sample/cluster35.oracleGeneral.sample10.zst
223,/mnt/cfs/oracleReuse/sample/cluster15.oracleGeneral.sample10.zst,/mnt/cfs/oracleReuse/sample/cluster36.oracleGeneral.sample10.zst
224,/mnt/cfs/oracleReuse/sample/cluster15.oracleGeneral.sample10.zst,/mnt/cfs/oracleReuse/sample/cluster37.oracleGeneral.sample10.zst
225,/mnt/cfs/oracleReuse/sample/cluster15.oracleGeneral.sample10.zst,/mnt/cfs/oracleReuse/sample/cluster4.oracleGeneral.sample10.zst
226,/mnt/cfs/oracleReuse/sample/cluster15.oracleGeneral.sample10.zst,/mnt/cfs/oracleReuse/sample/cluster40.oracleGeneral.sample10.zst
227,/mnt/cfs/oracleReuse/sample/cluster15.oracleGeneral.sample10.zst,/mnt/cfs/oracleReuse/sample/cluster41.oracleGeneral.sample10.zst
228,/mnt/cfs/oracleReuse/sample/cluster15.oracleGeneral.sample10.zst,/mnt/cfs/oracleReuse/sample/cluster42.oracleGeneral.sample10.zst
229,/mnt/cfs/oracleReuse/sample/cluster15.oracleGeneral.sample10.zst,/mnt/cfs/oracleReuse/sample/cluster45.oracleGeneral.sample10.zst
230,/mnt/cfs/oracleReuse/sample/cluster15.oracleGeneral.sample10.zst,/mnt/cfs/oracleReuse/sample/cluster5.oracleGeneral.sample10.zst
231,/mnt/cfs/oracleReuse/sample/cluster15.oracleGeneral.sample10.zst,/mnt/cfs/oracleReuse/sample/cluster50.oracleGeneral.sample10.zst
232,/mnt/cfs/oracleReuse/sample/cluster15.oracleGeneral.sample10.zst,/mnt/cfs/oracleReuse/sample/cluster52.oracleGeneral.sample10.zst
233,/mnt/cfs/oracleReuse/sample/cluster15.oracleGeneral.sample10.zst,/mnt/cfs/oracleReuse/sample/cluster53.oracleGeneral.sample10.zst
234,/mnt/cfs/oracleReuse/sample/cluster15.oracleGeneral.sample10.zst,/mnt/cfs/oracleReuse/sample/cluster54.oracleGeneral.sample10.zst
235,/mnt/cfs/oracleReuse/sample/cluster15.oracleGeneral.sample10.zst,/mnt/cfs/oracleReuse/sample/cluster6.oracleGeneral.sample10.zst
236,/mnt/cfs/oracleReuse/sample/cluster15.oracleGeneral.sample10.zst,/mnt/cfs/oracleReuse/sample/cluster7.oracleGeneral.sample10.zst
237,/mnt/cfs/oracleReuse/sample/cluster15.oracleGeneral.sample10.zst,/mnt/cfs/oracleReuse/sample/cluster8.oracleGeneral.sample10.zst
238,/mnt/cfs/oracleReuse/sample/cluster16.oracleGeneral.sample10.zst,/mnt/cfs/oracleReuse/sample/cluster17.oracleGeneral.sample10.zst
239,/mnt/cfs/oracleReuse/sample/cluster16.oracleGeneral.sample10.zst,/mnt/cfs/oracleReuse/sample/cluster18.oracleGeneral.sample10.zst
240,/mnt/cfs/oracleReuse/sample/cluster16.oracleGeneral.sample10.zst,/mnt/cfs/oracleReuse/sample/cluster19.oracleGeneral.sample10.zst
241,/mnt/cfs/oracleReuse/sample/cluster16.oracleGeneral.sample10.zst,/mnt/cfs/oracleReuse/sample/cluster20.oracleGeneral.sample10.zst
242,/mnt/cfs/oracleReuse/sample/cluster16.oracleGeneral.sample10.zst,/mnt/cfs/oracleReuse/sample/cluster22.oracleGeneral.sample10.zst
243,/mnt/cfs/oracleReuse/sample/cluster16.oracleGeneral.sample10.zst,/mnt/cfs/oracleReuse/sample/cluster23.oracleGeneral.sample10.zst
244,/mnt/cfs/oracleReuse/sample/cluster16.oracleGeneral.sample10.zst,/mnt/cfs/oracleReuse/sample/cluster24.oracleGeneral.sample10.zst
245,/mnt/cfs/oracleReuse/sample/cluster16.oracleGeneral.sample10.zst,/mnt/cfs/oracleReuse/sample/cluster26.oracleGeneral.sample10.zst
246,/mnt/cfs/oracleReuse/sample/cluster16.oracleGeneral.sample10.zst,/mnt/cfs/oracleReuse/sample/cluster28.oracleGeneral.sample10.zst
247,/mnt/cfs/oracleReuse/sample/cluster16.oracleGeneral.sample10.zst,/mnt/cfs/oracleReuse/sample/cluster3.oracleGeneral.sample10.zst
248,/mnt/cfs/oracleReuse/sample/cluster16.oracleGeneral.sample10.zst,/mnt/cfs/oracleReuse/sample/cluster30.oracleGeneral.sample10.zst
249,/mnt/cfs/oracleReuse/sample/cluster16.oracleGeneral.sample10.zst,/mnt/cfs/oracleReuse/sample/cluster31.oracleGeneral.sample10.zst
250,/mnt/cfs/oracleReuse/sample/cluster16.oracleGeneral.sample10.zst,/mnt/cfs/oracleReuse/sample/cluster36.oracleGeneral.sample10.zst
251,/mnt/cfs/oracleReuse/sample/cluster16.oracleGeneral.sample10.zst,/mnt/cfs/oracleReuse/sample/cluster39.oracleGeneral.sample10.zst
252,/mnt/cfs/oracleReuse/sample/cluster16.oracleGeneral.sample10.zst,/mnt/cfs/oracleReuse/sample/cluster4.oracleGeneral.sample10.zst
253,/mnt/cfs/oracleReuse/sample/cluster16.oracleGeneral.sample10.zst,/mnt/cfs/oracleReuse/sample/cluster40.oracleGeneral.sample10.zst
254,/mnt/cfs/oracleReuse/sample/cluster16.oracleGeneral.sample10.zst,/mnt/cfs/oracleReuse/sample/cluster41.oracleGeneral.sample10.zst
255,/mnt/cfs/oracleReuse/sample/cluster16.oracleGeneral.sample10.zst,/mnt/cfs/oracleReuse/sample/cluster42.oracleGeneral.sample10.zst
256,/mnt/cfs/oracleReuse/sample/cluster16.oracleGeneral.sample10.zst,/mnt/cfs/oracleReuse/sample/cluster43.oracleGeneral.sample10.zst
257,/mnt/cfs/oracleReuse/sample/cluster16.oracleGeneral.sample10.zst,/mnt/cfs/oracleReuse/sample/cluster44.oracleGeneral.sample10.zst
258,/mnt/cfs/oracleReuse/sample/cluster16.oracleGeneral.sample10.zst,/mnt/cfs/oracleReuse/sample/cluster45.oracleGeneral.sample10.zst
259,/mnt/cfs/oracleReuse/sample/cluster16.oracleGeneral.sample10.zst,/mnt/cfs/oracleReuse/sample/cluster46.oracleGeneral.sample10.zst
260,/mnt/cfs/oracleReuse/sample/cluster16.oracleGeneral.sample10.zst,/mnt/cfs/oracleReuse/sample/cluster47.oracleGeneral.sample10.zst
261,/mnt/cfs/oracleReuse/sample/cluster16.oracleGeneral.sample10.zst,/mnt/cfs/oracleReuse/sample/cluster49.oracleGeneral.sample10.zst
262,/mnt/cfs/oracleReuse/sample/cluster16.oracleGeneral.sample10.zst,/mnt/cfs/oracleReuse/sample/cluster5.oracleGeneral.sample10.zst
263,/mnt/cfs/oracleReuse/sample/cluster16.oracleGeneral.sample10.zst,/mnt/cfs/oracleReuse/sample/cluster50.oracleGeneral.sample10.zst
264,/mnt/cfs/oracleReuse/sample/cluster16.oracleGeneral.sample10.zst,/mnt/cfs/oracleReuse/sample/cluster52.oracleGeneral.sample10.zst
265,/mnt/cfs/oracleReuse/sample/cluster16.oracleGeneral.sample10.zst,/mnt/cfs/oracleReuse/sample/cluster54.oracleGeneral.sample10.zst
266,/mnt/cfs/oracleReuse/sample/cluster16.oracleGeneral.sample10.zst,/mnt/cfs/oracleReuse/sample/cluster6.oracleGeneral.sample10.zst
267,/mnt/cfs/oracleReuse/sample/cluster16.oracleGeneral.sample10.zst,/mnt/cfs/oracleReuse/sample/cluster7.oracleGeneral.sample10.zst
268,/mnt/cfs/oracleReuse/sample/cluster16.oracleGeneral.sample10.zst,/mnt/cfs/oracleReuse/sample/cluster9.oracleGeneral.sample10.zst
269,/mnt/cfs/oracleReuse/sample/cluster17.oracleGeneral.sample10.zst,/mnt/cfs/oracleReuse/sample/cluster18.oracleGeneral.sample10.zst
270,/mnt/cfs/oracleReuse/sample/cluster17.oracleGeneral.sample10.zst,/mnt/cfs/oracleReuse/sample/cluster19.oracleGeneral.sample10.zst
271,/mnt/cfs/oracleReuse/sample/cluster17.oracleGeneral.sample10.zst,/mnt/cfs/oracleReuse/sample/cluster2.oracleGeneral.sample10.zst
272,/mnt/cfs/oracleReuse/sample/cluster17.oracleGeneral.sample10.zst,/mnt/cfs/oracleReuse/sample/cluster20.oracleGeneral.sample10.zst
273,/mnt/cfs/oracleReuse/sample/cluster17.oracleGeneral.sample10.zst,/mnt/cfs/oracleReuse/sample/cluster21.oracleGeneral.sample10.zst
274,/mnt/cfs/oracleReuse/sample/cluster17.oracleGeneral.sample10.zst,/mnt/cfs/oracleReuse/sample/cluster22.oracleGeneral.sample10.zst
275,/mnt/cfs/oracleReuse/sample/cluster17.oracleGeneral.sample10.zst,/mnt/cfs/oracleReuse/sample/cluster23.oracleGeneral.sample10.zst
276,/mnt/cfs/oracleReuse/sample/cluster17.oracleGeneral.sample10.zst,/mnt/cfs/oracleReuse/sample/cluster26.oracleGeneral.sample10.zst
277,/mnt/cfs/oracleReuse/sample/cluster17.oracleGeneral.sample10.zst,/mnt/cfs/oracleReuse/sample/cluster28.oracleGeneral.sample10.zst
278,/mnt/cfs/oracleReuse/sample/cluster17.oracleGeneral.sample10.zst,/mnt/cfs/oracleReuse/sample/cluster29.oracleGeneral.sample10.zst
279,/mnt/cfs/oracleReuse/sample/cluster17.oracleGeneral.sample10.zst,/mnt/cfs/oracleReuse/sample/cluster3.oracleGeneral.sample10.zst
280,/mnt/cfs/oracleReuse/sample/cluster17.oracleGeneral.sample10.zst,/mnt/cfs/oracleReuse/sample/cluster30.oracleGeneral.sample10.zst
281,/mnt/cfs/oracleReuse/sample/cluster17.oracleGeneral.sample10.zst,/mnt/cfs/oracleReuse/sample/cluster31.oracleGeneral.sample10.zst
282,/mnt/cfs/oracleReuse/sample/cluster17.oracleGeneral.sample10.zst,/mnt/cfs/oracleReuse/sample/cluster32.oracleGeneral.sample10.zst
283,/mnt/cfs/oracleReuse/sample/cluster17.oracleGeneral.sample10.zst,/mnt/cfs/oracleReuse/sample/cluster34.oracleGeneral.sample10.zst
284,/mnt/cfs/oracleReuse/sample/cluster17.oracleGeneral.sample10.zst,/mnt/cfs/oracleReuse/sample/cluster36.oracleGeneral.sample10.zst
285,/mnt/cfs/oracleReuse/sample/cluster17.oracleGeneral.sample10.zst,/mnt/cfs/oracleReuse/sample/cluster37.oracleGeneral.sample10.zst
286,/mnt/cfs/oracleReuse/sample/cluster17.oracleGeneral.sample10.zst,/mnt/cfs/oracleReuse/sample/cluster39.oracleGeneral.sample10.zst
287,/mnt/cfs/oracleReuse/sample/cluster17.oracleGeneral.sample10.zst,/mnt/cfs/oracleReuse/sample/cluster4.oracleGeneral.sample10.zst
288,/mnt/cfs/oracleReuse/sample/cluster17.oracleGeneral.sample10.zst,/mnt/cfs/oracleReuse/sample/cluster40.oracleGeneral.sample10.zst
289,/mnt/cfs/oracleReuse/sample/cluster17.oracleGeneral.sample10.zst,/mnt/cfs/oracleReuse/sample/cluster41.oracleGeneral.sample10.zst
290,/mnt/cfs/oracleReuse/sample/cluster17.oracleGeneral.sample10.zst,/mnt/cfs/oracleReuse/sample/cluster42.oracleGeneral.sample10.zst
291,/mnt/cfs/oracleReuse/sample/cluster17.oracleGeneral.sample10.zst,/mnt/cfs/oracleReuse/sample/cluster43.oracleGeneral.sample10.zst
292,/mnt/cfs/oracleReuse/sample/cluster17.oracleGeneral.sample10.zst,/mnt/cfs/oracleReuse/sample/cluster44.oracleGeneral.sample10.zst
293,/mnt/cfs/oracleReuse/sample/cluster17.oracleGeneral.sample10.zst,/mnt/cfs/oracleReuse/sample/cluster45.oracleGeneral.sample10.zst
294,/mnt/cfs/oracleReuse/sample/cluster17.oracleGeneral.sample10.zst,/mnt/cfs/oracleReuse/sample/cluster46.oracleGeneral.sample10.zst
295,/mnt/cfs/oracleReuse/sample/cluster17.oracleGeneral.sample10.zst,/mnt/cfs/oracleReuse/sample/cluster47.oracleGeneral.sample10.zst
296,/mnt/cfs/oracleReuse/sample/cluster17.oracleGeneral.sample10.zst,/mnt/cfs/oracleReuse/sample/cluster48.oracleGeneral.sample10.zst
297,/mnt/cfs/oracleReuse/sample/cluster17.oracleGeneral.sample10.zst,/mnt/cfs/oracleReuse/sample/cluster49.oracleGeneral.sample10.zst
298,/mnt/cfs/oracleReuse/sample/cluster17.oracleGeneral.sample10.zst,/mnt/cfs/oracleReuse/sample/cluster5.oracleGeneral.sample10.zst
299,/mnt/cfs/oracleReuse/sample/cluster17.oracleGeneral.sample10.zst,/mnt/cfs/oracleReuse/sample/cluster50.oracleGeneral.sample10.zst
300,/mnt/cfs/oracleReuse/sample/cluster17.oracleGeneral.sample10.zst,/mnt/cfs/oracleReuse/sample/cluster51.oracleGeneral.sample10.zst
301,/mnt/cfs/oracleReuse/sample/cluster17.oracleGeneral.sample10.zst,/mnt/cfs/oracleReuse/sample/cluster52.oracleGeneral.sample10.zst
302,/mnt/cfs/oracleReuse/sample/cluster17.oracleGeneral.sample10.zst,/mnt/cfs/oracleReuse/sample/cluster53.oracleGeneral.sample10.zst
303,/mnt/cfs/oracleReuse/sample/cluster17.oracleGeneral.sample10.zst,/mnt/cfs/oracleReuse/sample/cluster54.oracleGeneral.sample10.zst
304,/mnt/cfs/oracleReuse/sample/cluster17.oracleGeneral.sample10.zst,/mnt/cfs/oracleReuse/sample/cluster6.oracleGeneral.sample10.zst
305,/mnt/cfs/oracleReuse/sample/cluster17.oracleGeneral.sample10.zst,/mnt/cfs/oracleReuse/sample/cluster7.oracleGeneral.sample10.zst
306,/mnt/cfs/oracleReuse/sample/cluster17.oracleGeneral.sample10.zst,/mnt/cfs/oracleReuse/sample/cluster8.oracleGeneral.sample10.zst
307,/mnt/cfs/oracleReuse/sample/cluster17.oracleGeneral.sample10.zst,/mnt/cfs/oracleReuse/sample/cluster9.oracleGeneral.sample10.zst
308,/mnt/cfs/oracleReuse/sample/cluster18.oracleGeneral.sample10.zst,/mnt/cfs/oracleReuse/sample/cluster19.oracleGeneral.sample10.zst
309,/mnt/cfs/oracleReuse/sample/cluster18.oracleGeneral.sample10.zst,/mnt/cfs/oracleReuse/sample/cluster20.oracleGeneral.sample10.zst
310,/mnt/cfs/oracleReuse/sample/cluster18.oracleGeneral.sample10.zst,/mnt/cfs/oracleReuse/sample/cluster21.oracleGeneral.sample10.zst
311,/mnt/cfs/oracleReuse/sample/cluster18.oracleGeneral.sample10.zst,/mnt/cfs/oracleReuse/sample/cluster22.oracleGeneral.sample10.zst
312,/mnt/cfs/oracleReuse/sample/cluster18.oracleGeneral.sample10.zst,/mnt/cfs/oracleReuse/sample/cluster23.oracleGeneral.sample10.zst
313,/mnt/cfs/oracleReuse/sample/cluster18.oracleGeneral.sample10.zst,/mnt/cfs/oracleReuse/sample/cluster24.oracleGeneral.sample10.zst
314,/mnt/cfs/oracleReuse/sample/cluster18.oracleGeneral.sample10.zst,/mnt/cfs/oracleReuse/sample/cluster26.oracleGeneral.sample10.zst
315,/mnt/cfs/oracleReuse/sample/cluster18.oracleGeneral.sample10.zst,/mnt/cfs/oracleReuse/sample/cluster27.oracleGeneral.sample10.zst
316,/mnt/cfs/oracleReuse/sample/cluster18.oracleGeneral.sample10.zst,/mnt/cfs/oracleReuse/sample/cluster28.oracleGeneral.sample10.zst
317,/mnt/cfs/oracleReuse/sample/cluster18.oracleGeneral.sample10.zst,/mnt/cfs/oracleReuse/sample/cluster29.oracleGeneral.sample10.zst
318,/mnt/cfs/oracleReuse/sample/cluster18.oracleGeneral.sample10.zst,/mnt/cfs/oracleReuse/sample/cluster30.oracleGeneral.sample10.zst
319,/mnt/cfs/oracleReuse/sample/cluster18.oracleGeneral.sample10.zst,/mnt/cfs/oracleReuse/sample/cluster31.oracleGeneral.sample10.zst
320,/mnt/cfs/oracleReuse/sample/cluster18.oracleGeneral.sample10.zst,/mnt/cfs/oracleReuse/sample/cluster32.oracleGeneral.sample10.zst
321,/mnt/cfs/oracleReuse/sample/cluster18.oracleGeneral.sample10.zst,/mnt/cfs/oracleReuse/sample/cluster35.oracleGeneral.sample10.zst
322,/mnt/cfs/oracleReuse/sample/cluster18.oracleGeneral.sample10.zst,/mnt/cfs/oracleReuse/sample/cluster36.oracleGeneral.sample10.zst
323,/mnt/cfs/oracleReuse/sample/cluster18.oracleGeneral.sample10.zst,/mnt/cfs/oracleReuse/sample/cluster37.oracleGeneral.sample10.zst
324,/mnt/cfs/oracleReuse/sample/cluster18.oracleGeneral.sample10.zst,/mnt/cfs/oracleReuse/sample/cluster38.oracleGeneral.sample10.zst
325,/mnt/cfs/oracleReuse/sample/cluster18.oracleGeneral.sample10.zst,/mnt/cfs/oracleReuse/sample/cluster39.oracleGeneral.sample10.zst
326,/mnt/cfs/oracleReuse/sample/cluster18.oracleGeneral.sample10.zst,/mnt/cfs/oracleReuse/sample/cluster40.oracleGeneral.sample10.zst
327,/mnt/cfs/oracleReuse/sample/cluster18.oracleGeneral.sample10.zst,/mnt/cfs/oracleReuse/sample/cluster41.oracleGeneral.sample10.zst
328,/mnt/cfs/oracleReuse/sample/cluster18.oracleGeneral.sample10.zst,/mnt/cfs/oracleReuse/sample/cluster42.oracleGeneral.sample10.zst
329,/mnt/cfs/oracleReuse/sample/cluster18.oracleGeneral.sample10.zst,/mnt/cfs/oracleReuse/sample/cluster43.oracleGeneral.sample10.zst
330,/mnt/cfs/oracleReuse/sample/cluster18.oracleGeneral.sample10.zst,/mnt/cfs/oracleReuse/sample/cluster44.oracleGeneral.sample10.zst
331,/mnt/cfs/oracleReuse/sample/cluster18.oracleGeneral.sample10.zst,/mnt/cfs/oracleReuse/sample/cluster45.oracleGeneral.sample10.zst
332,/mnt/cfs/oracleReuse/sample/cluster18.oracleGeneral.sample10.zst,/mnt/cfs/oracleReuse/sample/cluster46.oracleGeneral.sample10.zst
333,/mnt/cfs/oracleReuse/sample/cluster18.oracleGeneral.sample10.zst,/mnt/cfs/oracleReuse/sample/cluster47.oracleGeneral.sample10.zst
334,/mnt/cfs/oracleReuse/sample/cluster18.oracleGeneral.sample10.zst,/mnt/cfs/oracleReuse/sample/cluster49.oracleGeneral.sample10.zst
335,/mnt/cfs/oracleReuse/sample/cluster18.oracleGeneral.sample10.zst,/mnt/cfs/oracleReuse/sample/cluster5.oracleGeneral.sample10.zst
336,/mnt/cfs/oracleReuse/sample/cluster18.oracleGeneral.sample10.zst,/mnt/cfs/oracleReuse/sample/cluster50.oracleGeneral.sample10.zst
337,/mnt/cfs/oracleReuse/sample/cluster18.oracleGeneral.sample10.zst,/mnt/cfs/oracleReuse/sample/cluster51.oracleGeneral.sample10.zst
338,/mnt/cfs/oracleReuse/sample/cluster18.oracleGeneral.sample10.zst,/mnt/cfs/oracleReuse/sample/cluster52.oracleGeneral.sample10.zst
339,/mnt/cfs/oracleReuse/sample/cluster18.oracleGeneral.sample10.zst,/mnt/cfs/oracleReuse/sample/cluster53.oracleGeneral.sample10.zst
340,/mnt/cfs/oracleReuse/sample/cluster18.oracleGeneral.sample10.zst,/mnt/cfs/oracleReuse/sample/cluster54.oracleGeneral.sample10.zst
341,/mnt/cfs/oracleReuse/sample/cluster18.oracleGeneral.sample10.zst,/mnt/cfs/oracleReuse/sample/cluster6.oracleGeneral.sample10.zst
342,/mnt/cfs/oracleReuse/sample/cluster18.oracleGeneral.sample10.zst,/mnt/cfs/oracleReuse/sample/cluster7.oracleGeneral.sample10.zst
343,/mnt/cfs/oracleReuse/sample/cluster18.oracleGeneral.sample10.zst,/mnt/cfs/oracleReuse/sample/cluster8.oracleGeneral.sample10.zst
344,/mnt/cfs/oracleReuse/sample/cluster18.oracleGeneral.sample10.zst,/mnt/cfs/oracleReuse/sample/cluster9.oracleGeneral.sample10.zst
345,/mnt/cfs/oracleReuse/sample/cluster19.oracleGeneral.sample10.zst,/mnt/cfs/oracleReuse/sample/cluster2.oracleGeneral.sample10.zst
346,/mnt/cfs/oracleReuse/sample/cluster19.oracleGeneral.sample10.zst,/mnt/cfs/oracleReuse/sample/cluster20.oracleGeneral.sample10.zst
347,/mnt/cfs/oracleReuse/sample/cluster19.oracleGeneral.sample10.zst,/mnt/cfs/oracleReuse/sample/cluster22.oracleGeneral.sample10.zst
348,/mnt/cfs/oracleReuse/sample/cluster19.oracleGeneral.sample10.zst,/mnt/cfs/oracleReuse/sample/cluster23.oracleGeneral.sample10.zst
349,/mnt/cfs/oracleReuse/sample/cluster19.oracleGeneral.sample10.zst,/mnt/cfs/oracleReuse/sample/cluster26.oracleGeneral.sample10.zst
350,/mnt/cfs/oracleReuse/sample/cluster19.oracleGeneral.sample10.zst,/mnt/cfs/oracleReuse/sample/cluster27.oracleGeneral.sample10.zst
351,/mnt/cfs/oracleReuse/sample/cluster19.oracleGeneral.sample10.zst,/mnt/cfs/oracleReuse/sample/cluster28.oracleGeneral.sample10.zst
352,/mnt/cfs/oracleReuse/sample/cluster19.oracleGeneral.sample10.zst,/mnt/cfs/oracleReuse/sample/cluster29.oracleGeneral.sample10.zst
353,/mnt/cfs/oracleReuse/sample/cluster19.oracleGeneral.sample10.zst,/mnt/cfs/oracleReuse/sample/cluster3.oracleGeneral.sample10.zst
354,/mnt/cfs/oracleReuse/sample/cluster19.oracleGeneral.sample10.zst,/mnt/cfs/oracleReuse/sample/cluster30.oracleGeneral.sample10.zst
355,/mnt/cfs/oracleReuse/sample/cluster19.oracleGeneral.sample10.zst,/mnt/cfs/oracleReuse/sample/cluster31.oracleGeneral.sample10.zst
356,/mnt/cfs/oracleReuse/sample/cluster19.oracleGeneral.sample10.zst,/mnt/cfs/oracleReuse/sample/cluster34.oracleGeneral.sample10.zst
357,/mnt/cfs/oracleReuse/sample/cluster19.oracleGeneral.sample10.zst,/mnt/cfs/oracleReuse/sample/cluster35.oracleGeneral.sample10.zst
358,/mnt/cfs/oracleReuse/sample/cluster19.oracleGeneral.sample10.zst,/mnt/cfs/oracleReuse/sample/cluster37.oracleGeneral.sample10.zst
359,/mnt/cfs/oracleReuse/sample/cluster19.oracleGeneral.sample10.zst,/mnt/cfs/oracleReuse/sample/cluster38.oracleGeneral.sample10.zst
360,/mnt/cfs/oracleReuse/sample/cluster19.oracleGeneral.sample10.zst,/mnt/cfs/oracleReuse/sample/cluster4.oracleGeneral.sample10.zst
361,/mnt/cfs/oracleReuse/sample/cluster19.oracleGeneral.sample10.zst,/mnt/cfs/oracleReuse/sample/cluster40.oracleGeneral.sample10.zst
362,/mnt/cfs/oracleReuse/sample/cluster19.oracleGeneral.sample10.zst,/mnt/cfs/oracleReuse/sample/cluster42.oracleGeneral.sample10.zst
363,/mnt/cfs/oracleReuse/sample/cluster19.oracleGeneral.sample10.zst,/mnt/cfs/oracleReuse/sample/cluster43.oracleGeneral.sample10.zst
364,/mnt/cfs/oracleReuse/sample/cluster19.oracleGeneral.sample10.zst,/mnt/cfs/oracleReuse/sample/cluster44.oracleGeneral.sample10.zst
365,/mnt/cfs/oracleReuse/sample/cluster19.oracleGeneral.sample10.zst,/mnt/cfs/oracleReuse/sample/cluster45.oracleGeneral.sample10.zst
366,/mnt/cfs/oracleReuse/sample/cluster19.oracleGeneral.sample10.zst,/mnt/cfs/oracleReuse/sample/cluster47.oracleGeneral.sample10.zst
367,/mnt/cfs/oracleReuse/sample/cluster19.oracleGeneral.sample10.zst,/mnt/cfs/oracleReuse/sample/cluster48.oracleGeneral.sample10.zst
368,/mnt/cfs/oracleReuse/sample/cluster19.oracleGeneral.sample10.zst,/mnt/cfs/oracleReuse/sample/cluster49.oracleGeneral.sample10.zst
369,/mnt/cfs/oracleReuse/sample/cluster19.oracleGeneral.sample10.zst,/mnt/cfs/oracleReuse/sample/cluster5.oracleGeneral.sample10.zst
370,/mnt/cfs/oracleReuse/sample/cluster19.oracleGeneral.sample10.zst,/mnt/cfs/oracleReuse/sample/cluster50.oracleGeneral.sample10.zst
371,/mnt/cfs/oracleReuse/sample/cluster19.oracleGeneral.sample10.zst,/mnt/cfs/oracleReuse/sample/cluster51.oracleGeneral.sample10.zst
372,/mnt/cfs/oracleReuse/sample/cluster19.oracleGeneral.sample10.zst,/mnt/cfs/oracleReuse/sample/cluster53.oracleGeneral.sample10.zst
373,/mnt/cfs/oracleReuse/sample/cluster19.oracleGeneral.sample10.zst,/mnt/cfs/oracleReuse/sample/cluster54.oracleGeneral.sample10.zst
374,/mnt/cfs/oracleReuse/sample/cluster19.oracleGeneral.sample10.zst,/mnt/cfs/oracleReuse/sample/cluster6.oracleGeneral.sample10.zst
375,/mnt/cfs/oracleReuse/sample/cluster19.oracleGeneral.sample10.zst,/mnt/cfs/oracleReuse/sample/cluster7.oracleGeneral.sample10.zst
376,/mnt/cfs/oracleReuse/sample/cluster19.oracleGeneral.sample10.zst,/mnt/cfs/oracleReuse/sample/cluster8.oracleGeneral.sample10.zst
377,/mnt/cfs/oracleReuse/sample/cluster2.oracleGeneral.sample10.zst,/mnt/cfs/oracleReuse/sample/cluster20.oracleGeneral.sample10.zst
378,/mnt/cfs/oracleReuse/sample/cluster2.oracleGeneral.sample10.zst,/mnt/cfs/oracleReuse/sample/cluster21.oracleGeneral.sample10.zst
379,/mnt/cfs/oracleReuse/sample/cluster2.oracleGeneral.sample10.zst,/mnt/cfs/oracleReuse/sample/cluster22.oracleGeneral.sample10.zst
380,/mnt/cfs/oracleReuse/sample/cluster2.oracleGeneral.sample10.zst,/mnt/cfs/oracleReuse/sample/cluster23.oracleGeneral.sample10.zst
381,/mnt/cfs/oracleReuse/sample/cluster2.oracleGeneral.sample10.zst,/mnt/cfs/oracleReuse/sample/cluster24.oracleGeneral.sample10.zst
382,/mnt/cfs/oracleReuse/sample/cluster2.oracleGeneral.sample10.zst,/mnt/cfs/oracleReuse/sample/cluster26.oracleGeneral.sample10.zst
383,/mnt/cfs/oracleReuse/sample/cluster2.oracleGeneral.sample10.zst,/mnt/cfs/oracleReuse/sample/cluster27.oracleGeneral.sample10.zst
384,/mnt/cfs/oracleReuse/sample/cluster2.oracleGeneral.sample10.zst,/mnt/cfs/oracleReuse/sample/cluster29.oracleGeneral.sample10.zst
385,/mnt/cfs/oracleReuse/sample/cluster2.oracleGeneral.sample10.zst,/mnt/cfs/oracleReuse/sample/cluster3.oracleGeneral.sample10.zst
386,/mnt/cfs/oracleReuse/sample/cluster2.oracleGeneral.sample10.zst,/mnt/cfs/oracleReuse/sample/cluster30.oracleGeneral.sample10.zst
387,/mnt/cfs/oracleReuse/sample/cluster2.oracleGeneral.sample10.zst,/mnt/cfs/oracleReuse/sample/cluster31.oracleGeneral.sample10.zst
388,/mnt/cfs/oracleReuse/sample/cluster2.oracleGeneral.sample10.zst,/mnt/cfs/oracleReuse/sample/cluster34.oracleGeneral.sample10.zst
389,/mnt/cfs/oracleReuse/sample/cluster2.oracleGeneral.sample10.zst,/mnt/cfs/oracleReuse/sample/cluster35.oracleGeneral.sample10.zst
390,/mnt/cfs/oracleReuse/sample/cluster2.oracleGeneral.sample10.zst,/mnt/cfs/oracleReuse/sample/cluster36.oracleGeneral.sample10.zst
391,/mnt/cfs/oracleReuse/sample/cluster2.oracleGeneral.sample10.zst,/mnt/cfs/oracleReuse/sample/cluster38.oracleGeneral.sample10.zst
392,/mnt/cfs/oracleReuse/sample/cluster2.oracleGeneral.sample10.zst,/mnt/cfs/oracleReuse/sample/cluster39.oracleGeneral.sample10.zst
393,/mnt/cfs/oracleReuse/sample/cluster2.oracleGeneral.sample10.zst,/mnt/cfs/oracleReuse/sample/cluster40.oracleGeneral.sample10.zst
394,/mnt/cfs/oracleReuse/sample/cluster2.oracleGeneral.sample10.zst,/mnt/cfs/oracleReuse/sample/cluster41.oracleGeneral.sample10.zst
395,/mnt/cfs/oracleReuse/sample/cluster2.oracleGeneral.sample10.zst,/mnt/cfs/oracleReuse/sample/cluster42.oracleGeneral.sample10.zst
396,/mnt/cfs/oracleReuse/sample/cluster2.oracleGeneral.sample10.zst,/mnt/cfs/oracleReuse/sample/cluster43.oracleGeneral.sample10.zst
397,/mnt/cfs/oracleReuse/sample/cluster2.oracleGeneral.sample10.zst,/mnt/cfs/oracleReuse/sample/cluster44.oracleGeneral.sample10.zst
398,/mnt/cfs/oracleReuse/sample/cluster2.oracleGeneral.sample10.zst,/mnt/cfs/oracleReuse/sample/cluster45.oracleGeneral.sample10.zst
399,/mnt/cfs/oracleReuse/sample/cluster2.oracleGeneral.sample10.zst,/mnt/cfs/oracleReuse/sample/cluster47.oracleGeneral.sample10.zst
400,/mnt/cfs/oracleReuse/sample/cluster2.oracleGeneral.sample10.zst,/mnt/cfs/oracleReuse/sample/cluster49.oracleGeneral.sample10.zst
401,/mnt/cfs/oracleReuse/sample/cluster2.oracleGeneral.sample10.zst,/mnt/cfs/oracleReuse/sample/cluster5.oracleGeneral.sample10.zst
402,/mnt/cfs/oracleReuse/sample/cluster2.oracleGeneral.sample10.zst,/mnt/cfs/oracleReuse/sample/cluster50.oracleGeneral.sample10.zst
403,/mnt/cfs/oracleReuse/sample/cluster2.oracleGeneral.sample10.zst,/mnt/cfs/oracleReuse/sample/cluster51.oracleGeneral.sample10.zst
404,/mnt/cfs/oracleReuse/sample/cluster2.oracleGeneral.sample10.zst,/mnt/cfs/oracleReuse/sample/cluster6.oracleGeneral.sample10.zst
405,/mnt/cfs/oracleReuse/sample/cluster2.oracleGeneral.sample10.zst,/mnt/cfs/oracleReuse/sample/cluster7.oracleGeneral.sample10.zst
406,/mnt/cfs/oracleReuse/sample/cluster2.oracleGeneral.sample10.zst,/mnt/cfs/oracleReuse/sample/cluster8.oracleGeneral.sample10.zst
407,/mnt/cfs/oracleReuse/sample/cluster2.oracleGeneral.sample10.zst,/mnt/cfs/oracleReuse/sample/cluster9.oracleGeneral.sample10.zst
408,/mnt/cfs/oracleReuse/sample/cluster20.oracleGeneral.sample10.zst,/mnt/cfs/oracleReuse/sample/cluster22.oracleGeneral.sample10.zst
409,/mnt/cfs/oracleReuse/sample/cluster20.oracleGeneral.sample10.zst,/mnt/cfs/oracleReuse/sample/cluster23.oracleGeneral.sample10.zst
410,/mnt/cfs/oracleReuse/sample/cluster20.oracleGeneral.sample10.zst,/mnt/cfs/oracleReuse/sample/cluster24.oracleGeneral.sample10.zst
411,/mnt/cfs/oracleReuse/sample/cluster20.oracleGeneral.sample10.zst,/mnt/cfs/oracleReuse/sample/cluster26.oracleGeneral.sample10.zst
412,/mnt/cfs/oracleReuse/sample/cluster20.oracleGeneral.sample10.zst,/mnt/cfs/oracleReuse/sample/cluster27.oracleGeneral.sample10.zst
413,/mnt/cfs/oracleReuse/sample/cluster20.oracleGeneral.sample10.zst,/mnt/cfs/oracleReuse/sample/cluster28.oracleGeneral.sample10.zst
414,/mnt/cfs/oracleReuse/sample/cluster20.oracleGeneral.sample10.zst,/mnt/cfs/oracleReuse/sample/cluster29.oracleGeneral.sample10.zst
415,/mnt/cfs/oracleReuse/sample/cluster20.oracleGeneral.sample10.zst,/mnt/cfs/oracleReuse/sample/cluster3.oracleGeneral.sample10.zst
416,/mnt/cfs/oracleReuse/sample/cluster20.oracleGeneral.sample10.zst,/mnt/cfs/oracleReuse/sample/cluster31.oracleGeneral.sample10.zst
417,/mnt/cfs/oracleReuse/sample/cluster20.oracleGeneral.sample10.zst,/mnt/cfs/oracleReuse/sample/cluster32.oracleGeneral.sample10.zst
418,/mnt/cfs/oracleReuse/sample/cluster20.oracleGeneral.sample10.zst,/mnt/cfs/oracleReuse/sample/cluster34.oracleGeneral.sample10.zst
419,/mnt/cfs/oracleReuse/sample/cluster20.oracleGeneral.sample10.zst,/mnt/cfs/oracleReuse/sample/cluster36.oracleGeneral.sample10.zst
420,/mnt/cfs/oracleReuse/sample/cluster20.oracleGeneral.sample10.zst,/mnt/cfs/oracleReuse/sample/cluster37.oracleGeneral.sample10.zst
421,/mnt/cfs/oracleReuse/sample/cluster20.oracleGeneral.sample10.zst,/mnt/cfs/oracleReuse/sample/cluster38.oracleGeneral.sample10.zst
422,/mnt/cfs/oracleReuse/sample/cluster20.oracleGeneral.sample10.zst,/mnt/cfs/oracleReuse/sample/cluster39.oracleGeneral.sample10.zst
423,/mnt/cfs/oracleReuse/sample/cluster20.oracleGeneral.sample10.zst,/mnt/cfs/oracleReuse/sample/cluster40.oracleGeneral.sample10.zst
424,/mnt/cfs/oracleReuse/sample/cluster20.oracleGeneral.sample10.zst,/mnt/cfs/oracleReuse/sample/cluster41.oracleGeneral.sample10.zst
425,/mnt/cfs/oracleReuse/sample/cluster20.oracleGeneral.sample10.zst,/mnt/cfs/oracleReuse/sample/cluster42.oracleGeneral.sample10.zst
426,/mnt/cfs/oracleReuse/sample/cluster20.oracleGeneral.sample10.zst,/mnt/cfs/oracleReuse/sample/cluster43.oracleGeneral.sample10.zst
427,/mnt/cfs/oracleReuse/sample/cluster20.oracleGeneral.sample10.zst,/mnt/cfs/oracleReuse/sample/cluster44.oracleGeneral.sample10.zst
428,/mnt/cfs/oracleReuse/sample/cluster20.oracleGeneral.sample10.zst,/mnt/cfs/oracleReuse/sample/cluster47.oracleGeneral.sample10.zst
429,/mnt/cfs/oracleReuse/sample/cluster20.oracleGeneral.sample10.zst,/mnt/cfs/oracleReuse/sample/cluster48.oracleGeneral.sample10.zst
430,/mnt/cfs/oracleReuse/sample/cluster20.oracleGeneral.sample10.zst,/mnt/cfs/oracleReuse/sample/cluster49.oracleGeneral.sample10.zst
431,/mnt/cfs/oracleReuse/sample/cluster20.oracleGeneral.sample10.zst,/mnt/cfs/oracleReuse/sample/cluster5.oracleGeneral.sample10.zst
432,/mnt/cfs/oracleReuse/sample/cluster20.oracleGeneral.sample10.zst,/mnt/cfs/oracleReuse/sample/cluster50.oracleGeneral.sample10.zst
433,/mnt/cfs/oracleReuse/sample/cluster20.oracleGeneral.sample10.zst,/mnt/cfs/oracleReuse/sample/cluster51.oracleGeneral.sample10.zst
434,/mnt/cfs/oracleReuse/sample/cluster20.oracleGeneral.sample10.zst,/mnt/cfs/oracleReuse/sample/cluster52.oracleGeneral.sample10.zst
435,/mnt/cfs/oracleReuse/sample/cluster20.oracleGeneral.sample10.zst,/mnt/cfs/oracleReuse/sample/cluster53.oracleGeneral.sample10.zst
436,/mnt/cfs/oracleReuse/sample/cluster20.oracleGeneral.sample10.zst,/mnt/cfs/oracleReuse/sample/cluster54.oracleGeneral.sample10.zst
437,/mnt/cfs/oracleReuse/sample/cluster20.oracleGeneral.sample10.zst,/mnt/cfs/oracleReuse/sample/cluster7.oracleGeneral.sample10.zst
438,/mnt/cfs/oracleReuse/sample/cluster20.oracleGeneral.sample10.zst,/mnt/cfs/oracleReuse/sample/cluster8.oracleGeneral.sample10.zst
439,/mnt/cfs/oracleReuse/sample/cluster21.oracleGeneral.sample10.zst,/mnt/cfs/oracleReuse/sample/cluster22.oracleGeneral.sample10.zst
440,/mnt/cfs/oracleReuse/sample/cluster21.oracleGeneral.sample10.zst,/mnt/cfs/oracleReuse/sample/cluster23.oracleGeneral.sample10.zst
441,/mnt/cfs/oracleReuse/sample/cluster21.oracleGeneral.sample10.zst,/mnt/cfs/oracleReuse/sample/cluster24.oracleGeneral.sample10.zst
442,/mnt/cfs/oracleReuse/sample/cluster21.oracleGeneral.sample10.zst,/mnt/cfs/oracleReuse/sample/cluster27.oracleGeneral.sample10.zst
443,/mnt/cfs/oracleReuse/sample/cluster21.oracleGeneral.sample10.zst,/mnt/cfs/oracleReuse/sample/cluster28.oracleGeneral.sample10.zst
444,/mnt/cfs/oracleReuse/sample/cluster21.oracleGeneral.sample10.zst,/mnt/cfs/oracleReuse/sample/cluster3.oracleGeneral.sample10.zst
445,/mnt/cfs/oracleReuse/sample/cluster21.oracleGeneral.sample10.zst,/mnt/cfs/oracleReuse/sample/cluster30.oracleGeneral.sample10.zst
446,/mnt/cfs/oracleReuse/sample/cluster21.oracleGeneral.sample10.zst,/mnt/cfs/oracleReuse/sample/cluster32.oracleGeneral.sample10.zst
447,/mnt/cfs/oracleReuse/sample/cluster21.oracleGeneral.sample10.zst,/mnt/cfs/oracleReuse/sample/cluster34.oracleGeneral.sample10.zst
448,/mnt/cfs/oracleReuse/sample/cluster21.oracleGeneral.sample10.zst,/mnt/cfs/oracleReuse/sample/cluster35.oracleGeneral.sample10.zst
449,/mnt/cfs/oracleReuse/sample/cluster21.oracleGeneral.sample10.zst,/mnt/cfs/oracleReuse/sample/cluster36.oracleGeneral.sample10.zst
450,/mnt/cfs/oracleReuse/sample/cluster21.oracleGeneral.sample10.zst,/mnt/cfs/oracleReuse/sample/cluster37.oracleGeneral.sample10.zst
451,/mnt/cfs/oracleReuse/sample/cluster21.oracleGeneral.sample10.zst,/mnt/cfs/oracleReuse/sample/cluster38.oracleGeneral.sample10.zst
452,/mnt/cfs/oracleReuse/sample/cluster21.oracleGeneral.sample10.zst,/mnt/cfs/oracleReuse/sample/cluster39.oracleGeneral.sample10.zst
453,/mnt/cfs/oracleReuse/sample/cluster21.oracleGeneral.sample10.zst,/mnt/cfs/oracleReuse/sample/cluster40.oracleGeneral.sample10.zst
454,/mnt/cfs/oracleReuse/sample/cluster21.oracleGeneral.sample10.zst,/mnt/cfs/oracleReuse/sample/cluster41.oracleGeneral.sample10.zst
455,/mnt/cfs/oracleReuse/sample/cluster21.oracleGeneral.sample10.zst,/mnt/cfs/oracleReuse/sample/cluster43.oracleGeneral.sample10.zst
456,/mnt/cfs/oracleReuse/sample/cluster21.oracleGeneral.sample10.zst,/mnt/cfs/oracleReuse/sample/cluster44.oracleGeneral.sample10.zst
457,/mnt/cfs/oracleReuse/sample/cluster21.oracleGeneral.sample10.zst,/mnt/cfs/oracleReuse/sample/cluster45.oracleGeneral.sample10.zst
458,/mnt/cfs/oracleReuse/sample/cluster21.oracleGeneral.sample10.zst,/mnt/cfs/oracleReuse/sample/cluster47.oracleGeneral.sample10.zst
459,/mnt/cfs/oracleReuse/sample/cluster21.oracleGeneral.sample10.zst,/mnt/cfs/oracleReuse/sample/cluster48.oracleGeneral.sample10.zst
460,/mnt/cfs/oracleReuse/sample/cluster21.oracleGeneral.sample10.zst,/mnt/cfs/oracleReuse/sample/cluster50.oracleGeneral.sample10.zst
461,/mnt/cfs/oracleReuse/sample/cluster21.oracleGeneral.sample10.zst,/mnt/cfs/oracleReuse/sample/cluster52.oracleGeneral.sample10.zst
462,/mnt/cfs/oracleReuse/sample/cluster21.oracleGeneral.sample10.zst,/mnt/cfs/oracleReuse/sample/cluster53.oracleGeneral.sample10.zst
463,/mnt/cfs/oracleReuse/sample/cluster21.oracleGeneral.sample10.zst,/mnt/cfs/oracleReuse/sample/cluster54.oracleGeneral.sample10.zst
464,/mnt/cfs/oracleReuse/sample/cluster21.oracleGeneral.sample10.zst,/mnt/cfs/oracleReuse/sample/cluster6.oracleGeneral.sample10.zst
465,/mnt/cfs/oracleReuse/sample/cluster21.oracleGeneral.sample10.zst,/mnt/cfs/oracleReuse/sample/cluster7.oracleGeneral.sample10.zst
466,/mnt/cfs/oracleReuse/sample/cluster21.oracleGeneral.sample10.zst,/mnt/cfs/oracleReuse/sample/cluster8.oracleGeneral.sample10.zst
467,/mnt/cfs/oracleReuse/sample/cluster21.oracleGeneral.sample10.zst,/mnt/cfs/oracleReuse/sample/cluster9.oracleGeneral.sample10.zst
468,/mnt/cfs/oracleReuse/sample/cluster22.oracleGeneral.sample10.zst,/mnt/cfs/oracleReuse/sample/cluster24.oracleGeneral.sample10.zst
469,/mnt/cfs/oracleReuse/sample/cluster22.oracleGeneral.sample10.zst,/mnt/cfs/oracleReuse/sample/cluster27.oracleGeneral.sample10.zst
470,/mnt/cfs/oracleReuse/sample/cluster22.oracleGeneral.sample10.zst,/mnt/cfs/oracleReuse/sample/cluster28.oracleGeneral.sample10.zst
471,/mnt/cfs/oracleReuse/sample/cluster22.oracleGeneral.sample10.zst,/mnt/cfs/oracleReuse/sample/cluster29.oracleGeneral.sample10.zst
472,/mnt/cfs/oracleReuse/sample/cluster22.oracleGeneral.sample10.zst,/mnt/cfs/oracleReuse/sample/cluster3.oracleGeneral.sample10.zst
473,/mnt/cfs/oracleReuse/sample/cluster22.oracleGeneral.sample10.zst,/mnt/cfs/oracleReuse/sample/cluster31.oracleGeneral.sample10.zst
474,/mnt/cfs/oracleReuse/sample/cluster22.oracleGeneral.sample10.zst,/mnt/cfs/oracleReuse/sample/cluster32.oracleGeneral.sample10.zst
475,/mnt/cfs/oracleReuse/sample/cluster22.oracleGeneral.sample10.zst,/mnt/cfs/oracleReuse/sample/cluster34.oracleGeneral.sample10.zst
476,/mnt/cfs/oracleReuse/sample/cluster22.oracleGeneral.sample10.zst,/mnt/cfs/oracleReuse/sample/cluster35.oracleGeneral.sample10.zst
477,/mnt/cfs/oracleReuse/sample/cluster22.oracleGeneral.sample10.zst,/mnt/cfs/oracleReuse/sample/cluster37.oracleGeneral.sample10.zst
478,/mnt/cfs/oracleReuse/sample/cluster22.oracleGeneral.sample10.zst,/mnt/cfs/oracleReuse/sample/cluster39.oracleGeneral.sample10.zst
479,/mnt/cfs/oracleReuse/sample/cluster22.oracleGeneral.sample10.zst,/mnt/cfs/oracleReuse/sample/cluster40.oracleGeneral.sample10.zst
480,/mnt/cfs/oracleReuse/sample/cluster22.oracleGeneral.sample10.zst,/mnt/cfs/oracleReuse/sample/cluster42.oracleGeneral.sample10.zst
481,/mnt/cfs/oracleReuse/sample/cluster22.oracleGeneral.sample10.zst,/mnt/cfs/oracleReuse/sample/cluster44.oracleGeneral.sample10.zst
482,/mnt/cfs/oracleReuse/sample/cluster22.oracleGeneral.sample10.zst,/mnt/cfs/oracleReuse/sample/cluster45.oracleGeneral.sample10.zst
483,/mnt/cfs/oracleReuse/sample/cluster22.oracleGeneral.sample10.zst,/mnt/cfs/oracleReuse/sample/cluster46.oracleGeneral.sample10.zst
484,/mnt/cfs/oracleReuse/sample/cluster22.oracleGeneral.sample10.zst,/mnt/cfs/oracleReuse/sample/cluster47.oracleGeneral.sample10.zst
485,/mnt/cfs/oracleReuse/sample/cluster22.oracleGeneral.sample10.zst,/mnt/cfs/oracleReuse/sample/cluster48.oracleGeneral.sample10.zst
486,/mnt/cfs/oracleReuse/sample/cluster22.oracleGeneral.sample10.zst,/mnt/cfs/oracleReuse/sample/cluster51.oracleGeneral.sample10.zst
487,/mnt/cfs/oracleReuse/sample/cluster22.oracleGeneral.sample10.zst,/mnt/cfs/oracleReuse/sample/cluster52.oracleGeneral.sample10.zst
488,/mnt/cfs/oracleReuse/sample/cluster22.oracleGeneral.sample10.zst,/mnt/cfs/oracleReuse/sample/cluster54.oracleGeneral.sample10.zst
489,/mnt/cfs/oracleReuse/sample/cluster22.oracleGeneral.sample10.zst,/mnt/cfs/oracleReuse/sample/cluster7.oracleGeneral.sample10.zst
490,/mnt/cfs/oracleReuse/sample/cluster22.oracleGeneral.sample10.zst,/mnt/cfs/oracleReuse/sample/cluster8.oracleGeneral.sample10.zst
491,/mnt/cfs/oracleReuse/sample/cluster23.oracleGeneral.sample10.zst,/mnt/cfs/oracleReuse/sample/cluster24.oracleGeneral.sample10.zst
492,/mnt/cfs/oracleReuse/sample/cluster23.oracleGeneral.sample10.zst,/mnt/cfs/oracleReuse/sample/cluster26.oracleGeneral.sample10.zst
493,/mnt/cfs/oracleReuse/sample/cluster23.oracleGeneral.sample10.zst,/mnt/cfs/oracleReuse/sample/cluster28.oracleGeneral.sample10.zst
494,/mnt/cfs/oracleReuse/sample/cluster23.oracleGeneral.sample10.zst,/mnt/cfs/oracleReuse/sample/cluster29.oracleGeneral.sample10.zst
495,/mnt/cfs/oracleReuse/sample/cluster23.oracleGeneral.sample10.zst,/mnt/cfs/oracleReuse/sample/cluster3.oracleGeneral.sample10.zst
496,/mnt/cfs/oracleReuse/sample/cluster23.oracleGeneral.sample10.zst,/mnt/cfs/oracleReuse/sample/cluster32.oracleGeneral.sample10.zst
497,/mnt/cfs/oracleReuse/sample/cluster23.oracleGeneral.sample10.zst,/mnt/cfs/oracleReuse/sample/cluster34.oracleGeneral.sample10.zst
498,/mnt/cfs/oracleReuse/sample/cluster23.oracleGeneral.sample10.zst,/mnt/cfs/oracleReuse/sample/cluster35.oracleGeneral.sample10.zst
499,/mnt/cfs/oracleReuse/sample/cluster23.oracleGeneral.sample10.zst,/mnt/cfs/oracleReuse/sample/cluster36.oracleGeneral.sample10.zst
500,/mnt/cfs/oracleReuse/sample/cluster23.oracleGeneral.sample10.zst,/mnt/cfs/oracleReuse/sample/cluster37.oracleGeneral.sample10.zst
501,/mnt/cfs/oracleReuse/sample/cluster23.oracleGeneral.sample10.zst,/mnt/cfs/oracleReuse/sample/cluster38.oracleGeneral.sample10.zst
502,/mnt/cfs/oracleReuse/sample/cluster23.oracleGeneral.sample10.zst,/mnt/cfs/oracleReuse/sample/cluster4.oracleGeneral.sample10.zst
503,/mnt/cfs/oracleReuse/sample/cluster23.oracleGeneral.sample10.zst,/mnt/cfs/oracleReuse/sample/cluster40.oracleGeneral.sample10.zst
504,/mnt/cfs/oracleReuse/sample/cluster23.oracleGeneral.sample10.zst,/mnt/cfs/oracleReuse/sample/cluster41.oracleGeneral.sample10.zst
505,/mnt/cfs/oracleReuse/sample/cluster23.oracleGeneral.sample10.zst,/mnt/cfs/oracleReuse/sample/cluster44.oracleGeneral.sample10.zst
506,/mnt/cfs/oracleReuse/sample/cluster23.oracleGeneral.sample10.zst,/mnt/cfs/oracleReuse/sample/cluster46.oracleGeneral.sample10.zst
507,/mnt/cfs/oracleReuse/sample/cluster23.oracleGeneral.sample10.zst,/mnt/cfs/oracleReuse/sample/cluster5.oracleGeneral.sample10.zst
508,/mnt/cfs/oracleReuse/sample/cluster23.oracleGeneral.sample10.zst,/mnt/cfs/oracleReuse/sample/cluster50.oracleGeneral.sample10.zst
509,/mnt/cfs/oracleReuse/sample/cluster23.oracleGeneral.sample10.zst,/mnt/cfs/oracleReuse/sample/cluster51.oracleGeneral.sample10.zst
510,/mnt/cfs/oracleReuse/sample/cluster23.oracleGeneral.sample10.zst,/mnt/cfs/oracleReuse/sample/cluster52.oracleGeneral.sample10.zst
511,/mnt/cfs/oracleReuse/sample/cluster23.oracleGeneral.sample10.zst,/mnt/cfs/oracleReuse/sample/cluster53.oracleGeneral.sample10.zst
512,/mnt/cfs/oracleReuse/sample/cluster23.oracleGeneral.sample10.zst,/mnt/cfs/oracleReuse/sample/cluster54.oracleGeneral.sample10.zst
513,/mnt/cfs/oracleReuse/sample/cluster23.oracleGeneral.sample10.zst,/mnt/cfs/oracleReuse/sample/cluster8.oracleGeneral.sample10.zst
514,/mnt/cfs/oracleReuse/sample/cluster23.oracleGeneral.sample10.zst,/mnt/cfs/oracleReuse/sample/cluster9.oracleGeneral.sample10.zst
515,/mnt/cfs/oracleReuse/sample/cluster24.oracleGeneral.sample10.zst,/mnt/cfs/oracleReuse/sample/cluster26.oracleGeneral.sample10.zst
516,/mnt/cfs/oracleReuse/sample/cluster24.oracleGeneral.sample10.zst,/mnt/cfs/oracleReuse/sample/cluster27.oracleGeneral.sample10.zst
517,/mnt/cfs/oracleReuse/sample/cluster24.oracleGeneral.sample10.zst,/mnt/cfs/oracleReuse/sample/cluster28.oracleGeneral.sample10.zst
518,/mnt/cfs/oracleReuse/sample/cluster24.oracleGeneral.sample10.zst,/mnt/cfs/oracleReuse/sample/cluster3.oracleGeneral.sample10.zst
519,/mnt/cfs/oracleReuse/sample/cluster24.oracleGeneral.sample10.zst,/mnt/cfs/oracleReuse/sample/cluster30.oracleGeneral.sample10.zst
520,/mnt/cfs/oracleReuse/sample/cluster24.oracleGeneral.sample10.zst,/mnt/cfs/oracleReuse/sample/cluster31.oracleGeneral.sample10.zst
521,/mnt/cfs/oracleReuse/sample/cluster24.oracleGeneral.sample10.zst,/mnt/cfs/oracleReuse/sample/cluster36.oracleGeneral.sample10.zst
522,/mnt/cfs/oracleReuse/sample/cluster24.oracleGeneral.sample10.zst,/mnt/cfs/oracleReuse/sample/cluster37.oracleGeneral.sample10.zst
523,/mnt/cfs/oracleReuse/sample/cluster24.oracleGeneral.sample10.zst,/mnt/cfs/oracleReuse/sample/cluster38.oracleGeneral.sample10.zst
524,/mnt/cfs/oracleReuse/sample/cluster24.oracleGeneral.sample10.zst,/mnt/cfs/oracleReuse/sample/cluster39.oracleGeneral.sample10.zst
525,/mnt/cfs/oracleReuse/sample/cluster24.oracleGeneral.sample10.zst,/mnt/cfs/oracleReuse/sample/cluster4.oracleGeneral.sample10.zst
526,/mnt/cfs/oracleReuse/sample/cluster24.oracleGeneral.sample10.zst,/mnt/cfs/oracleReuse/sample/cluster40.oracleGeneral.sample10.zst
527,/mnt/cfs/oracleReuse/sample/cluster24.oracleGeneral.sample10.zst,/mnt/cfs/oracleReuse/sample/cluster41.oracleGeneral.sample10.zst
528,/mnt/cfs/oracleReuse/sample/cluster24.oracleGeneral.sample10.zst,/mnt/cfs/oracleReuse/sample/cluster42.oracleGeneral.sample10.zst
529,/mnt/cfs/oracleReuse/sample/cluster24.oracleGeneral.sample10.zst,/mnt/cfs/oracleReuse/sample/cluster43.oracleGeneral.sample10.zst
530,/mnt/cfs/oracleReuse/sample/cluster24.oracleGeneral.sample10.zst,/mnt/cfs/oracleReuse/sample/cluster45.oracleGeneral.sample10.zst
531,/mnt/cfs/oracleReuse/sample/cluster24.oracleGeneral.sample10.zst,/mnt/cfs/oracleReuse/sample/cluster46.oracleGeneral.sample10.zst
532,/mnt/cfs/oracleReuse/sample/cluster24.oracleGeneral.sample10.zst,/mnt/cfs/oracleReuse/sample/cluster47.oracleGeneral.sample10.zst
533,/mnt/cfs/oracleReuse/sample/cluster24.oracleGeneral.sample10.zst,/mnt/cfs/oracleReuse/sample/cluster48.oracleGeneral.sample10.zst
534,/mnt/cfs/oracleReuse/sample/cluster24.oracleGeneral.sample10.zst,/mnt/cfs/oracleReuse/sample/cluster49.oracleGeneral.sample10.zst
535,/mnt/cfs/oracleReuse/sample/cluster24.oracleGeneral.sample10.zst,/mnt/cfs/oracleReuse/sample/cluster5.oracleGeneral.sample10.zst
536,/mnt/cfs/oracleReuse/sample/cluster24.oracleGeneral.sample10.zst,/mnt/cfs/oracleReuse/sample/cluster50.oracleGeneral.sample10.zst
537,/mnt/cfs/oracleReuse/sample/cluster24.oracleGeneral.sample10.zst,/mnt/cfs/oracleReuse/sample/cluster51.oracleGeneral.sample10.zst
538,/mnt/cfs/oracleReuse/sample/cluster24.oracleGeneral.sample10.zst,/mnt/cfs/oracleReuse/sample/cluster52.oracleGeneral.sample10.zst
539,/mnt/cfs/oracleReuse/sample/cluster24.oracleGeneral.sample10.zst,/mnt/cfs/oracleReuse/sample/cluster53.oracleGeneral.sample10.zst
540,/mnt/cfs/oracleReuse/sample/cluster24.oracleGeneral.sample10.zst,/mnt/cfs/oracleReuse/sample/cluster54.oracleGeneral.sample10.zst
541,/mnt/cfs/oracleReuse/sample/cluster24.oracleGeneral.sample10.zst,/mnt/cfs/oracleReuse/sample/cluster6.oracleGeneral.sample10.zst
542,/mnt/cfs/oracleReuse/sample/cluster24.oracleGeneral.sample10.zst,/mnt/cfs/oracleReuse/sample/cluster7.oracleGeneral.sample10.zst
543,/mnt/cfs/oracleReuse/sample/cluster24.oracleGeneral.sample10.zst,/mnt/cfs/oracleReuse/sample/cluster8.oracleGeneral.sample10.zst
544,/mnt/cfs/oracleReuse/sample/cluster26.oracleGeneral.sample10.zst,/mnt/cfs/oracleReuse/sample/cluster27.oracleGeneral.sample10.zst
545,/mnt/cfs/oracleReuse/sample/cluster26.oracleGeneral.sample10.zst,/mnt/cfs/oracleReuse/sample/cluster28.oracleGeneral.sample10.zst
546,/mnt/cfs/oracleReuse/sample/cluster26.oracleGeneral.sample10.zst,/mnt/cfs/oracleReuse/sample/cluster29.oracleGeneral.sample10.zst
547,/mnt/cfs/oracleReuse/sample/cluster26.oracleGeneral.sample10.zst,/mnt/cfs/oracleReuse/sample/cluster30.oracleGeneral.sample10.zst
548,/mnt/cfs/oracleReuse/sample/cluster26.oracleGeneral.sample10.zst,/mnt/cfs/oracleReuse/sample/cluster31.oracleGeneral.sample10.zst
549,/mnt/cfs/oracleReuse/sample/cluster26.oracleGeneral.sample10.zst,/mnt/cfs/oracleReuse/sample/cluster32.oracleGeneral.sample10.zst
550,/mnt/cfs/oracleReuse/sample/cluster26.oracleGeneral.sample10.zst,/mnt/cfs/oracleReuse/sample/cluster35.oracleGeneral.sample10.zst
551,/mnt/cfs/oracleReuse/sample/cluster26.oracleGeneral.sample10.zst,/mnt/cfs/oracleReuse/sample/cluster36.oracleGeneral.sample10.zst
552,/mnt/cfs/oracleReuse/sample/cluster26.oracleGeneral.sample10.zst,/mnt/cfs/oracleReuse/sample/cluster37.oracleGeneral.sample10.zst
553,/mnt/cfs/oracleReuse/sample/cluster26.oracleGeneral.sample10.zst,/mnt/cfs/oracleReuse/sample/cluster39.oracleGeneral.sample10.zst
554,/mnt/cfs/oracleReuse/sample/cluster26.oracleGeneral.sample10.zst,/mnt/cfs/oracleReuse/sample/cluster4.oracleGeneral.sample10.zst
555,/mnt/cfs/oracleReuse/sample/cluster26.oracleGeneral.sample10.zst,/mnt/cfs/oracleReuse/sample/cluster41.oracleGeneral.sample10.zst
556,/mnt/cfs/oracleReuse/sample/cluster26.oracleGeneral.sample10.zst,/mnt/cfs/oracleReuse/sample/cluster42.oracleGeneral.sample10.zst
557,/mnt/cfs/oracleReuse/sample/cluster26.oracleGeneral.sample10.zst,/mnt/cfs/oracleReuse/sample/cluster43.oracleGeneral.sample10.zst
558,/mnt/cfs/oracleReuse/sample/cluster26.oracleGeneral.sample10.zst,/mnt/cfs/oracleReuse/sample/cluster44.oracleGeneral.sample10.zst
559,/mnt/cfs/oracleReuse/sample/cluster26.oracleGeneral.sample10.zst,/mnt/cfs/oracleReuse/sample/cluster45.oracleGeneral.sample10.zst
560,/mnt/cfs/oracleReuse/sample/cluster26.oracleGeneral.sample10.zst,/mnt/cfs/oracleReuse/sample/cluster46.oracleGeneral.sample10.zst
561,/mnt/cfs/oracleReuse/sample/cluster26.oracleGeneral.sample10.zst,/mnt/cfs/oracleReuse/sample/cluster47.oracleGeneral.sample10.zst
562,/mnt/cfs/oracleReuse/sample/cluster26.oracleGeneral.sample10.zst,/mnt/cfs/oracleReuse/sample/cluster48.oracleGeneral.sample10.zst
563,/mnt/cfs/oracleReuse/sample/cluster26.oracleGeneral.sample10.zst,/mnt/cfs/oracleReuse/sample/cluster49.oracleGeneral.sample10.zst
564,/mnt/cfs/oracleReuse/sample/cluster26.oracleGeneral.sample10.zst,/mnt/cfs/oracleReuse/sample/cluster5.oracleGeneral.sample10.zst
565,/mnt/cfs/oracleReuse/sample/cluster26.oracleGeneral.sample10.zst,/mnt/cfs/oracleReuse/sample/cluster51.oracleGeneral.sample10.zst
566,/mnt/cfs/oracleReuse/sample/cluster26.oracleGeneral.sample10.zst,/mnt/cfs/oracleReuse/sample/cluster52.oracleGeneral.sample10.zst
567,/mnt/cfs/oracleReuse/sample/cluster26.oracleGeneral.sample10.zst,/mnt/cfs/oracleReuse/sample/cluster53.oracleGeneral.sample10.zst
568,/mnt/cfs/oracleReuse/sample/cluster26.oracleGeneral.sample10.zst,/mnt/cfs/oracleReuse/sample/cluster54.oracleGeneral.sample10.zst
569,/mnt/cfs/oracleReuse/sample/cluster26.oracleGeneral.sample10.zst,/mnt/cfs/oracleReuse/sample/cluster6.oracleGeneral.sample10.zst
570,/mnt/cfs/oracleReuse/sample/cluster26.oracleGeneral.sample10.zst,/mnt/cfs/oracleReuse/sample/cluster7.oracleGeneral.sample10.zst
571,/mnt/cfs/oracleReuse/sample/cluster27.oracleGeneral.sample10.zst,/mnt/cfs/oracleReuse/sample/cluster28.oracleGeneral.sample10.zst
572,/mnt/cfs/oracleReuse/sample/cluster27.oracleGeneral.sample10.zst,/mnt/cfs/oracleReuse/sample/cluster29.oracleGeneral.sample10.zst
573,/mnt/cfs/oracleReuse/sample/cluster27.oracleGeneral.sample10.zst,/mnt/cfs/oracleReuse/sample/cluster3.oracleGeneral.sample10.zst
574,/mnt/cfs/oracleReuse/sample/cluster27.oracleGeneral.sample10.zst,/mnt/cfs/oracleReuse/sample/cluster30.oracleGeneral.sample10.zst
575,/mnt/cfs/oracleReuse/sample/cluster27.oracleGeneral.sample10.zst,/mnt/cfs/oracleReuse/sample/cluster31.oracleGeneral.sample10.zst
576,/mnt/cfs/oracleReuse/sample/cluster27.oracleGeneral.sample10.zst,/mnt/cfs/oracleReuse/sample/cluster32.oracleGeneral.sample10.zst
577,/mnt/cfs/oracleReuse/sample/cluster27.oracleGeneral.sample10.zst,/mnt/cfs/oracleReuse/sample/cluster35.oracleGeneral.sample10.zst
578,/mnt/cfs/oracleReuse/sample/cluster27.oracleGeneral.sample10.zst,/mnt/cfs/oracleReuse/sample/cluster36.oracleGeneral.sample10.zst
579,/mnt/cfs/oracleReuse/sample/cluster27.oracleGeneral.sample10.zst,/mnt/cfs/oracleReuse/sample/cluster37.oracleGeneral.sample10.zst
580,/mnt/cfs/oracleReuse/sample/cluster27.oracleGeneral.sample10.zst,/mnt/cfs/oracleReuse/sample/cluster38.oracleGeneral.sample10.zst
581,/mnt/cfs/oracleReuse/sample/cluster27.oracleGeneral.sample10.zst,/mnt/cfs/oracleReuse/sample/cluster39.oracleGeneral.sample10.zst
582,/mnt/cfs/oracleReuse/sample/cluster27.oracleGeneral.sample10.zst,/mnt/cfs/oracleReuse/sample/cluster4.oracleGeneral.sample10.zst
583,/mnt/cfs/oracleReuse/sample/cluster27.oracleGeneral.sample10.zst,/mnt/cfs/oracleReuse/sample/cluster41.oracleGeneral.sample10.zst
584,/mnt/cfs/oracleReuse/sample/cluster27.oracleGeneral.sample10.zst,/mnt/cfs/oracleReuse/sample/cluster42.oracleGeneral.sample10.zst
585,/mnt/cfs/oracleReuse/sample/cluster27.oracleGeneral.sample10.zst,/mnt/cfs/oracleReuse/sample/cluster43.oracleGeneral.sample10.zst
586,/mnt/cfs/oracleReuse/sample/cluster27.oracleGeneral.sample10.zst,/mnt/cfs/oracleReuse/sample/cluster44.oracleGeneral.sample10.zst
587,/mnt/cfs/oracleReuse/sample/cluster27.oracleGeneral.sample10.zst,/mnt/cfs/oracleReuse/sample/cluster47.oracleGeneral.sample10.zst
588,/mnt/cfs/oracleReuse/sample/cluster27.oracleGeneral.sample10.zst,/mnt/cfs/oracleReuse/sample/cluster48.oracleGeneral.sample10.zst
589,/mnt/cfs/oracleReuse/sample/cluster27.oracleGeneral.sample10.zst,/mnt/cfs/oracleReuse/sample/cluster49.oracleGeneral.sample10.zst
590,/mnt/cfs/oracleReuse/sample/cluster27.oracleGeneral.sample10.zst,/mnt/cfs/oracleReuse/sample/cluster5.oracleGeneral.sample10.zst
591,/mnt/cfs/oracleReuse/sample/cluster27.oracleGeneral.sample10.zst,/mnt/cfs/oracleReuse/sample/cluster51.oracleGeneral.sample10.zst
592,/mnt/cfs/oracleReuse/sample/cluster27.oracleGeneral.sample10.zst,/mnt/cfs/oracleReuse/sample/cluster52.oracleGeneral.sample10.zst
593,/mnt/cfs/oracleReuse/sample/cluster27.oracleGeneral.sample10.zst,/mnt/cfs/oracleReuse/sample/cluster53.oracleGeneral.sample10.zst
594,/mnt/cfs/oracleReuse/sample/cluster27.oracleGeneral.sample10.zst,/mnt/cfs/oracleReuse/sample/cluster54.oracleGeneral.sample10.zst
595,/mnt/cfs/oracleReuse/sample/cluster28.oracleGeneral.sample10.zst,/mnt/cfs/oracleReuse/sample/cluster29.oracleGeneral.sample10.zst
596,/mnt/cfs/oracleReuse/sample/cluster28.oracleGeneral.sample10.zst,/mnt/cfs/oracleReuse/sample/cluster3.oracleGeneral.sample10.zst
597,/mnt/cfs/oracleReuse/sample/cluster28.oracleGeneral.sample10.zst,/mnt/cfs/oracleReuse/sample/cluster30.oracleGeneral.sample10.zst
598,/mnt/cfs/oracleReuse/sample/cluster28.oracleGeneral.sample10.zst,/mnt/cfs/oracleReuse/sample/cluster31.oracleGeneral.sample10.zst
599,/mnt/cfs/oracleReuse/sample/cluster28.oracleGeneral.sample10.zst,/mnt/cfs/oracleReuse/sample/cluster34.oracleGeneral.sample10.zst
600,/mnt/cfs/oracleReuse/sample/cluster28.oracleGeneral.sample10.zst,/mnt/cfs/oracleReuse/sample/cluster35.oracleGeneral.sample10.zst
601,/mnt/cfs/oracleReuse/sample/cluster28.oracleGeneral.sample10.zst,/mnt/cfs/oracleReuse/sample/cluster38.oracleGeneral.sample10.zst
602,/mnt/cfs/oracleReuse/sample/cluster28.oracleGeneral.sample10.zst,/mnt/cfs/oracleReuse/sample/cluster39.oracleGeneral.sample10.zst
603,/mnt/cfs/oracleReuse/sample/cluster28.oracleGeneral.sample10.zst,/mnt/cfs/oracleReuse/sample/cluster40.oracleGeneral.sample10.zst
604,/mnt/cfs/oracleReuse/sample/cluster28.oracleGeneral.sample10.zst,/mnt/cfs/oracleReuse/sample/cluster41.oracleGeneral.sample10.zst
605,/mnt/cfs/oracleReuse/sample/cluster28.oracleGeneral.sample10.zst,/mnt/cfs/oracleReuse/sample/cluster42.oracleGeneral.sample10.zst
606,/mnt/cfs/oracleReuse/sample/cluster28.oracleGeneral.sample10.zst,/mnt/cfs/oracleReuse/sample/cluster43.oracleGeneral.sample10.zst
607,/mnt/cfs/oracleReuse/sample/cluster28.oracleGeneral.sample10.zst,/mnt/cfs/oracleReuse/sample/cluster46.oracleGeneral.sample10.zst
608,/mnt/cfs/oracleReuse/sample/cluster28.oracleGeneral.sample10.zst,/mnt/cfs/oracleReuse/sample/cluster47.oracleGeneral.sample10.zst
609,/mnt/cfs/oracleReuse/sample/cluster28.oracleGeneral.sample10.zst,/mnt/cfs/oracleReuse/sample/cluster5.oracleGeneral.sample10.zst
610,/mnt/cfs/oracleReuse/sample/cluster28.oracleGeneral.sample10.zst,/mnt/cfs/oracleReuse/sample/cluster50.oracleGeneral.sample10.zst
611,/mnt/cfs/oracleReuse/sample/cluster28.oracleGeneral.sample10.zst,/mnt/cfs/oracleReuse/sample/cluster51.oracleGeneral.sample10.zst
612,/mnt/cfs/oracleReuse/sample/cluster28.oracleGeneral.sample10.zst,/mnt/cfs/oracleReuse/sample/cluster52.oracleGeneral.sample10.zst
613,/mnt/cfs/oracleReuse/sample/cluster28.oracleGeneral.sample10.zst,/mnt/cfs/oracleReuse/sample/cluster53.oracleGeneral.sample10.zst
614,/mnt/cfs/oracleReuse/sample/cluster28.oracleGeneral.sample10.zst,/mnt/cfs/oracleReuse/sample/cluster54.oracleGeneral.sample10.zst
615,/mnt/cfs/oracleReuse/sample/cluster28.oracleGeneral.sample10.zst,/mnt/cfs/oracleReuse/sample/cluster6.oracleGeneral.sample10.zst
616,/mnt/cfs/oracleReuse/sample/cluster28.oracleGeneral.sample10.zst,/mnt/cfs/oracleReuse/sample/cluster7.oracleGeneral.sample10.zst
617,/mnt/cfs/oracleReuse/sample/cluster28.oracleGeneral.sample10.zst,/mnt/cfs/oracleReuse/sample/cluster8.oracleGeneral.sample10.zst
618,/mnt/cfs/oracleReuse/sample/cluster29.oracleGeneral.sample10.zst,/mnt/cfs/oracleReuse/sample/cluster3.oracleGeneral.sample10.zst
619,/mnt/cfs/oracleReuse/sample/cluster29.oracleGeneral.sample10.zst,/mnt/cfs/oracleReuse/sample/cluster30.oracleGeneral.sample10.zst
620,/mnt/cfs/oracleReuse/sample/cluster29.oracleGeneral.sample10.zst,/mnt/cfs/oracleReuse/sample/cluster31.oracleGeneral.sample10.zst
621,/mnt/cfs/oracleReuse/sample/cluster29.oracleGeneral.sample10.zst,/mnt/cfs/oracleReuse/sample/cluster34.oracleGeneral.sample10.zst
622,/mnt/cfs/oracleReuse/sample/cluster29.oracleGeneral.sample10.zst,/mnt/cfs/oracleReuse/sample/cluster37.oracleGeneral.sample10.zst
623,/mnt/cfs/oracleReuse/sample/cluster29.oracleGeneral.sample10.zst,/mnt/cfs/oracleReuse/sample/cluster38.oracleGeneral.sample10.zst
624,/mnt/cfs/oracleReuse/sample/cluster29.oracleGeneral.sample10.zst,/mnt/cfs/oracleReuse/sample/cluster39.oracleGeneral.sample10.zst
625,/mnt/cfs/oracleReuse/sample/cluster29.oracleGeneral.sample10.zst,/mnt/cfs/oracleReuse/sample/cluster4.oracleGeneral.sample10.zst
626,/mnt/cfs/oracleReuse/sample/cluster29.oracleGeneral.sample10.zst,/mnt/cfs/oracleReuse/sample/cluster41.oracleGeneral.sample10.zst
627,/mnt/cfs/oracleReuse/sample/cluster29.oracleGeneral.sample10.zst,/mnt/cfs/oracleReuse/sample/cluster43.oracleGeneral.sample10.zst
628,/mnt/cfs/oracleReuse/sample/cluster29.oracleGeneral.sample10.zst,/mnt/cfs/oracleReuse/sample/cluster44.oracleGeneral.sample10.zst
629,/mnt/cfs/oracleReuse/sample/cluster29.oracleGeneral.sample10.zst,/mnt/cfs/oracleReuse/sample/cluster45.oracleGeneral.sample10.zst
630,/mnt/cfs/oracleReuse/sample/cluster29.oracleGeneral.sample10.zst,/mnt/cfs/oracleReuse/sample/cluster46.oracleGeneral.sample10.zst
631,/mnt/cfs/oracleReuse/sample/cluster29.oracleGeneral.sample10.zst,/mnt/cfs/oracleReuse/sample/cluster49.oracleGeneral.sample10.zst
632,/mnt/cfs/oracleReuse/sample/cluster29.oracleGeneral.sample10.zst,/mnt/cfs/oracleReuse/sample/cluster5.oracleGeneral.sample10.zst
633,/mnt/cfs/oracleReuse/sample/cluster29.oracleGeneral.sample10.zst,/mnt/cfs/oracleReuse/sample/cluster50.oracleGeneral.sample10.zst
634,/mnt/cfs/oracleReuse/sample/cluster29.oracleGeneral.sample10.zst,/mnt/cfs/oracleReuse/sample/cluster51.oracleGeneral.sample10.zst
635,/mnt/cfs/oracleReuse/sample/cluster29.oracleGeneral.sample10.zst,/mnt/cfs/oracleReuse/sample/cluster52.oracleGeneral.sample10.zst
636,/mnt/cfs/oracleReuse/sample/cluster29.oracleGeneral.sample10.zst,/mnt/cfs/oracleReuse/sample/cluster54.oracleGeneral.sample10.zst
637,/mnt/cfs/oracleReuse/sample/cluster29.oracleGeneral.sample10.zst,/mnt/cfs/oracleReuse/sample/cluster6.oracleGeneral.sample10.zst
638,/mnt/cfs/oracleReuse/sample/cluster29.oracleGeneral.sample10.zst,/mnt/cfs/oracleReuse/sample/cluster7.oracleGeneral.sample10.zst
639,/mnt/cfs/oracleReuse/sample/cluster29.oracleGeneral.sample10.zst,/mnt/cfs/oracleReuse/sample/cluster8.oracleGeneral.sample10.zst
640,/mnt/cfs/oracleReuse/sample/cluster29.oracleGeneral.sample10.zst,/mnt/cfs/oracleReuse/sample/cluster9.oracleGeneral.sample10.zst
641,/mnt/cfs/oracleReuse/sample/cluster3.oracleGeneral.sample10.zst,/mnt/cfs/oracleReuse/sample/cluster30.oracleGeneral.sample10.zst
642,/mnt/cfs/oracleReuse/sample/cluster3.oracleGeneral.sample10.zst,/mnt/cfs/oracleReuse/sample/cluster31.oracleGeneral.sample10.zst
643,/mnt/cfs/oracleReuse/sample/cluster3.oracleGeneral.sample10.zst,/mnt/cfs/oracleReuse/sample/cluster35.oracleGeneral.sample10.zst
644,/mnt/cfs/oracleReuse/sample/cluster3.oracleGeneral.sample10.zst,/mnt/cfs/oracleReuse/sample/cluster36.oracleGeneral.sample10.zst
645,/mnt/cfs/oracleReuse/sample/cluster3.oracleGeneral.sample10.zst,/mnt/cfs/oracleReuse/sample/cluster38.oracleGeneral.sample10.zst
646,/mnt/cfs/oracleReuse/sample/cluster3.oracleGeneral.sample10.zst,/mnt/cfs/oracleReuse/sample/cluster4.oracleGeneral.sample10.zst
647,/mnt/cfs/oracleReuse/sample/cluster3.oracleGeneral.sample10.zst,/mnt/cfs/oracleReuse/sample/cluster40.oracleGeneral.sample10.zst
648,/mnt/cfs/oracleReuse/sample/cluster3.oracleGeneral.sample10.zst,/mnt/cfs/oracleReuse/sample/cluster41.oracleGeneral.sample10.zst
649,/mnt/cfs/oracleReuse/sample/cluster3.oracleGeneral.sample10.zst,/mnt/cfs/oracleReuse/sample/cluster42.oracleGeneral.sample10.zst
650,/mnt/cfs/oracleReuse/sample/cluster3.oracleGeneral.sample10.zst,/mnt/cfs/oracleReuse/sample/cluster43.oracleGeneral.sample10.zst
651,/mnt/cfs/oracleReuse/sample/cluster3.oracleGeneral.sample10.zst,/mnt/cfs/oracleReuse/sample/cluster44.oracleGeneral.sample10.zst
652,/mnt/cfs/oracleReuse/sample/cluster3.oracleGeneral.sample10.zst,/mnt/cfs/oracleReuse/sample/cluster45.oracleGeneral.sample10.zst
653,/mnt/cfs/oracleReuse/sample/cluster3.oracleGeneral.sample10.zst,/mnt/cfs/oracleReuse/sample/cluster46.oracleGeneral.sample10.zst
654,/mnt/cfs/oracleReuse/sample/cluster3.oracleGeneral.sample10.zst,/mnt/cfs/oracleReuse/sample/cluster47.oracleGeneral.sample10.zst
655,/mnt/cfs/oracleReuse/sample/cluster3.oracleGeneral.sample10.zst,/mnt/cfs/oracleReuse/sample/cluster48.oracleGeneral.sample10.zst
656,/mnt/cfs/oracleReuse/sample/cluster3.oracleGeneral.sample10.zst,/mnt/cfs/oracleReuse/sample/cluster50.oracleGeneral.sample10.zst
657,/mnt/cfs/oracleReuse/sample/cluster3.oracleGeneral.sample10.zst,/mnt/cfs/oracleReuse/sample/cluster51.oracleGeneral.sample10.zst
658,/mnt/cfs/oracleReuse/sample/cluster3.oracleGeneral.sample10.zst,/mnt/cfs/oracleReuse/sample/cluster52.oracleGeneral.sample10.zst
659,/mnt/cfs/oracleReuse/sample/cluster3.oracleGeneral.sample10.zst,/mnt/cfs/oracleReuse/sample/cluster53.oracleGeneral.sample10.zst
660,/mnt/cfs/oracleReuse/sample/cluster3.oracleGeneral.sample10.zst,/mnt/cfs/oracleReuse/sample/cluster54.oracleGeneral.sample10.zst
661,/mnt/cfs/oracleReuse/sample/cluster3.oracleGeneral.sample10.zst,/mnt/cfs/oracleReuse/sample/cluster6.oracleGeneral.sample10.zst
662,/mnt/cfs/oracleReuse/sample/cluster3.oracleGeneral.sample10.zst,/mnt/cfs/oracleReuse/sample/cluster7.oracleGeneral.sample10.zst
663,/mnt/cfs/oracleReuse/sample/cluster3.oracleGeneral.sample10.zst,/mnt/cfs/oracleReuse/sample/cluster8.oracleGeneral.sample10.zst
664,/mnt/cfs/oracleReuse/sample/cluster3.oracleGeneral.sample10.zst,/mnt/cfs/oracleReuse/sample/cluster9.oracleGeneral.sample10.zst
665,/mnt/cfs/oracleReuse/sample/cluster30.oracleGeneral.sample10.zst,/mnt/cfs/oracleReuse/sample/cluster31.oracleGeneral.sample10.zst
666,/mnt/cfs/oracleReuse/sample/cluster30.oracleGeneral.sample10.zst,/mnt/cfs/oracleReuse/sample/cluster34.oracleGeneral.sample10.zst
667,/mnt/cfs/oracleReuse/sample/cluster30.oracleGeneral.sample10.zst,/mnt/cfs/oracleReuse/sample/cluster36.oracleGeneral.sample10.zst
668,/mnt/cfs/oracleReuse/sample/cluster30.oracleGeneral.sample10.zst,/mnt/cfs/oracleReuse/sample/cluster37.oracleGeneral.sample10.zst
669,/mnt/cfs/oracleReuse/sample/cluster30.oracleGeneral.sample10.zst,/mnt/cfs/oracleReuse/sample/cluster39.oracleGeneral.sample10.zst
670,/mnt/cfs/oracleReuse/sample/cluster30.oracleGeneral.sample10.zst,/mnt/cfs/oracleReuse/sample/cluster40.oracleGeneral.sample10.zst
671,/mnt/cfs/oracleReuse/sample/cluster30.oracleGeneral.sample10.zst,/mnt/cfs/oracleReuse/sample/cluster41.oracleGeneral.sample10.zst
672,/mnt/cfs/oracleReuse/sample/cluster30.oracleGeneral.sample10.zst,/mnt/cfs/oracleReuse/sample/cluster42.oracleGeneral.sample10.zst
673,/mnt/cfs/oracleReuse/sample/cluster30.oracleGeneral.sample10.zst,/mnt/cfs/oracleReuse/sample/cluster44.oracleGeneral.sample10.zst
674,/mnt/cfs/oracleReuse/sample/cluster30.oracleGeneral.sample10.zst,/mnt/cfs/oracleReuse/sample/cluster46.oracleGeneral.sample10.zst
675,/mnt/cfs/oracleReuse/sample/cluster30.oracleGeneral.sample10.zst,/mnt/cfs/oracleReuse/sample/cluster47.oracleGeneral.sample10.zst
676,/mnt/cfs/oracleReuse/sample/cluster30.oracleGeneral.sample10.zst,/mnt/cfs/oracleReuse/sample/cluster48.oracleGeneral.sample10.zst
677,/mnt/cfs/oracleReuse/sample/cluster30.oracleGeneral.sample10.zst,/mnt/cfs/oracleReuse/sample/cluster49.oracleGeneral.sample10.zst
678,/mnt/cfs/oracleReuse/sample/cluster30.oracleGeneral.sample10.zst,/mnt/cfs/oracleReuse/sample/cluster5.oracleGeneral.sample10.zst
679,/mnt/cfs/oracleReuse/sample/cluster30.oracleGeneral.sample10.zst,/mnt/cfs/oracleReuse/sample/cluster50.oracleGeneral.sample10.zst
680,/mnt/cfs/oracleReuse/sample/cluster30.oracleGeneral.sample10.zst,/mnt/cfs/oracleReuse/sample/cluster51.oracleGeneral.sample10.zst
681,/mnt/cfs/oracleReuse/sample/cluster30.oracleGeneral.sample10.zst,/mnt/cfs/oracleReuse/sample/cluster52.oracleGeneral.sample10.zst
682,/mnt/cfs/oracleReuse/sample/cluster30.oracleGeneral.sample10.zst,/mnt/cfs/oracleReuse/sample/cluster53.oracleGeneral.sample10.zst
683,/mnt/cfs/oracleReuse/sample/cluster30.oracleGeneral.sample10.zst,/mnt/cfs/oracleReuse/sample/cluster54.oracleGeneral.sample10.zst
684,/mnt/cfs/oracleReuse/sample/cluster30.oracleGeneral.sample10.zst,/mnt/cfs/oracleReuse/sample/cluster7.oracleGeneral.sample10.zst
685,/mnt/cfs/oracleReuse/sample/cluster30.oracleGeneral.sample10.zst,/mnt/cfs/oracleReuse/sample/cluster8.oracleGeneral.sample10.zst
686,/mnt/cfs/oracleReuse/sample/cluster30.oracleGeneral.sample10.zst,/mnt/cfs/oracleReuse/sample/cluster9.oracleGeneral.sample10.zst
687,/mnt/cfs/oracleReuse/sample/cluster31.oracleGeneral.sample10.zst,/mnt/cfs/oracleReuse/sample/cluster34.oracleGeneral.sample10.zst
688,/mnt/cfs/oracleReuse/sample/cluster31.oracleGeneral.sample10.zst,/mnt/cfs/oracleReuse/sample/cluster35.oracleGeneral.sample10.zst
689,/mnt/cfs/oracleReuse/sample/cluster31.oracleGeneral.sample10.zst,/mnt/cfs/oracleReuse/sample/cluster36.oracleGeneral.sample10.zst
690,/mnt/cfs/oracleReuse/sample/cluster31.oracleGeneral.sample10.zst,/mnt/cfs/oracleReuse/sample/cluster38.oracleGeneral.sample10.zst
691,/mnt/cfs/oracleReuse/sample/cluster31.oracleGeneral.sample10.zst,/mnt/cfs/oracleReuse/sample/cluster39.oracleGeneral.sample10.zst
692,/mnt/cfs/oracleReuse/sample/cluster31.oracleGeneral.sample10.zst,/mnt/cfs/oracleReuse/sample/cluster4.oracleGeneral.sample10.zst
693,/mnt/cfs/oracleReuse/sample/cluster31.oracleGeneral.sample10.zst,/mnt/cfs/oracleReuse/sample/cluster40.oracleGeneral.sample10.zst
694,/mnt/cfs/oracleReuse/sample/cluster31.oracleGeneral.sample10.zst,/mnt/cfs/oracleReuse/sample/cluster41.oracleGeneral.sample10.zst
695,/mnt/cfs/oracleReuse/sample/cluster31.oracleGeneral.sample10.zst,/mnt/cfs/oracleReuse/sample/cluster42.oracleGeneral.sample10.zst
696,/mnt/cfs/oracleReuse/sample/cluster31.oracleGeneral.sample10.zst,/mnt/cfs/oracleReuse/sample/cluster43.oracleGeneral.sample10.zst
697,/mnt/cfs/oracleReuse/sample/cluster31.oracleGeneral.sample10.zst,/mnt/cfs/oracleReuse/sample/cluster44.oracleGeneral.sample10.zst
698,/mnt/cfs/oracleReuse/sample/cluster31.oracleGeneral.sample10.zst,/mnt/cfs/oracleReuse/sample/cluster46.oracleGeneral.sample10.zst
699,/mnt/cfs/oracleReuse/sample/cluster31.oracleGeneral.sample10.zst,/mnt/cfs/oracleReuse/sample/cluster47.oracleGeneral.sample10.zst
700,/mnt/cfs/oracleReuse/sample/cluster31.oracleGeneral.sample10.zst,/mnt/cfs/oracleReuse/sample/cluster48.oracleGeneral.sample10.zst
701,/mnt/cfs/oracleReuse/sample/cluster31.oracleGeneral.sample10.zst,/mnt/cfs/oracleReuse/sample/cluster5.oracleGeneral.sample10.zst
702,/mnt/cfs/oracleReuse/sample/cluster31.oracleGeneral.sample10.zst,/mnt/cfs/oracleReuse/sample/cluster50.oracleGeneral.sample10.zst
703,/mnt/cfs/oracleReuse/sample/cluster31.oracleGeneral.sample10.zst,/mnt/cfs/oracleReuse/sample/cluster51.oracleGeneral.sample10.zst
704,/mnt/cfs/oracleReuse/sample/cluster31.oracleGeneral.sample10.zst,/mnt/cfs/oracleReuse/sample/cluster52.oracleGeneral.sample10.zst
705,/mnt/cfs/oracleReuse/sample/cluster31.oracleGeneral.sample10.zst,/mnt/cfs/oracleReuse/sample/cluster53.oracleGeneral.sample10.zst
706,/mnt/cfs/oracleReuse/sample/cluster31.oracleGeneral.sample10.zst,/mnt/cfs/oracleReuse/sample/cluster54.oracleGeneral.sample10.zst
707,/mnt/cfs/oracleReuse/sample/cluster31.oracleGeneral.sample10.zst,/mnt/cfs/oracleReuse/sample/cluster7.oracleGeneral.sample10.zst
708,/mnt/cfs/oracleReuse/sample/cluster31.oracleGeneral.sample10.zst,/mnt/cfs/oracleReuse/sample/cluster8.oracleGeneral.sample10.zst
709,/mnt/cfs/oracleReuse/sample/cluster31.oracleGeneral.sample10.zst,/mnt/cfs/oracleReuse/sample/cluster9.oracleGeneral.sample10.zst
710,/mnt/cfs/oracleReuse/sample/cluster32.oracleGeneral.sample10.zst,/mnt/cfs/oracleReuse/sample/cluster34.oracleGeneral.sample10.zst
711,/mnt/cfs/oracleReuse/sample/cluster32.oracleGeneral.sample10.zst,/mnt/cfs/oracleReuse/sample/cluster35.oracleGeneral.sample10.zst
712,/mnt/cfs/oracleReuse/sample/cluster32.oracleGeneral.sample10.zst,/mnt/cfs/oracleReuse/sample/cluster36.oracleGeneral.sample10.zst
713,/mnt/cfs/oracleReuse/sample/cluster32.oracleGeneral.sample10.zst,/mnt/cfs/oracleReuse/sample/cluster38.oracleGeneral.sample10.zst
714,/mnt/cfs/oracleReuse/sample/cluster32.oracleGeneral.sample10.zst,/mnt/cfs/oracleReuse/sample/cluster39.oracleGeneral.sample10.zst
715,/mnt/cfs/oracleReuse/sample/cluster32.oracleGeneral.sample10.zst,/mnt/cfs/oracleReuse/sample/cluster4.oracleGeneral.sample10.zst
716,/mnt/cfs/oracleReuse/sample/cluster32.oracleGeneral.sample10.zst,/mnt/cfs/oracleReuse/sample/cluster40.oracleGeneral.sample10.zst
717,/mnt/cfs/oracleReuse/sample/cluster32.oracleGeneral.sample10.zst,/mnt/cfs/oracleReuse/sample/cluster41.oracleGeneral.sample10.zst
718,/mnt/cfs/oracleReuse/sample/cluster32.oracleGeneral.sample10.zst,/mnt/cfs/oracleReuse/sample/cluster42.oracleGeneral.sample10.zst
719,/mnt/cfs/oracleReuse/sample/cluster32.oracleGeneral.sample10.zst,/mnt/cfs/oracleReuse/sample/cluster43.oracleGeneral.sample10.zst
720,/mnt/cfs/oracleReuse/sample/cluster32.oracleGeneral.sample10.zst,/mnt/cfs/oracleReuse/sample/cluster44.oracleGeneral.sample10.zst
721,/mnt/cfs/oracleReuse/sample/cluster32.oracleGeneral.sample10.zst,/mnt/cfs/oracleReuse/sample/cluster46.oracleGeneral.sample10.zst
722,/mnt/cfs/oracleReuse/sample/cluster32.oracleGeneral.sample10.zst,/mnt/cfs/oracleReuse/sample/cluster47.oracleGeneral.sample10.zst
723,/mnt/cfs/oracleReuse/sample/cluster32.oracleGeneral.sample10.zst,/mnt/cfs/oracleReuse/sample/cluster48.oracleGeneral.sample10.zst
724,/mnt/cfs/oracleReuse/sample/cluster32.oracleGeneral.sample10.zst,/mnt/cfs/oracleReuse/sample/cluster49.oracleGeneral.sample10.zst
725,/mnt/cfs/oracleReuse/sample/cluster32.oracleGeneral.sample10.zst,/mnt/cfs/oracleReuse/sample/cluster5.oracleGeneral.sample10.zst
726,/mnt/cfs/oracleReuse/sample/cluster32.oracleGeneral.sample10.zst,/mnt/cfs/oracleReuse/sample/cluster50.oracleGeneral.sample10.zst
727,/mnt/cfs/oracleReuse/sample/cluster32.oracleGeneral.sample10.zst,/mnt/cfs/oracleReuse/sample/cluster51.oracleGeneral.sample10.zst
728,/mnt/cfs/oracleReuse/sample/cluster32.oracleGeneral.sample10.zst,/mnt/cfs/oracleReuse/sample/cluster53.oracleGeneral.sample10.zst
729,/mnt/cfs/oracleReuse/sample/cluster32.oracleGeneral.sample10.zst,/mnt/cfs/oracleReuse/sample/cluster54.oracleGeneral.sample10.zst
730,/mnt/cfs/oracleReuse/sample/cluster32.oracleGeneral.sample10.zst,/mnt/cfs/oracleReuse/sample/cluster6.oracleGeneral.sample10.zst
731,/mnt/cfs/oracleReuse/sample/cluster32.oracleGeneral.sample10.zst,/mnt/cfs/oracleReuse/sample/cluster7.oracleGeneral.sample10.zst
732,/mnt/cfs/oracleReuse/sample/cluster32.oracleGeneral.sample10.zst,/mnt/cfs/oracleReuse/sample/cluster9.oracleGeneral.sample10.zst
733,/mnt/cfs/oracleReuse/sample/cluster34.oracleGeneral.sample10.zst,/mnt/cfs/oracleReuse/sample/cluster35.oracleGeneral.sample10.zst
734,/mnt/cfs/oracleReuse/sample/cluster34.oracleGeneral.sample10.zst,/mnt/cfs/oracleReuse/sample/cluster36.oracleGeneral.sample10.zst
735,/mnt/cfs/oracleReuse/sample/cluster34.oracleGeneral.sample10.zst,/mnt/cfs/oracleReuse/sample/cluster37.oracleGeneral.sample10.zst
736,/mnt/cfs/oracleReuse/sample/cluster34.oracleGeneral.sample10.zst,/mnt/cfs/oracleReuse/sample/cluster38.oracleGeneral.sample10.zst
737,/mnt/cfs/oracleReuse/sample/cluster34.oracleGeneral.sample10.zst,/mnt/cfs/oracleReuse/sample/cluster39.oracleGeneral.sample10.zst
738,/mnt/cfs/oracleReuse/sample/cluster34.oracleGeneral.sample10.zst,/mnt/cfs/oracleReuse/sample/cluster4.oracleGeneral.sample10.zst
739,/mnt/cfs/oracleReuse/sample/cluster34.oracleGeneral.sample10.zst,/mnt/cfs/oracleReuse/sample/cluster40.oracleGeneral.sample10.zst
740,/mnt/cfs/oracleReuse/sample/cluster34.oracleGeneral.sample10.zst,/mnt/cfs/oracleReuse/sample/cluster42.oracleGeneral.sample10.zst
741,/mnt/cfs/oracleReuse/sample/cluster34.oracleGeneral.sample10.zst,/mnt/cfs/oracleReuse/sample/cluster44.oracleGeneral.sample10.zst
742,/mnt/cfs/oracleReuse/sample/cluster34.oracleGeneral.sample10.zst,/mnt/cfs/oracleReuse/sample/cluster45.oracleGeneral.sample10.zst
743,/mnt/cfs/oracleReuse/sample/cluster34.oracleGeneral.sample10.zst,/mnt/cfs/oracleReuse/sample/cluster47.oracleGeneral.sample10.zst
744,/mnt/cfs/oracleReuse/sample/cluster34.oracleGeneral.sample10.zst,/mnt/cfs/oracleReuse/sample/cluster48.oracleGeneral.sample10.zst
745,/mnt/cfs/oracleReuse/sample/cluster34.oracleGeneral.sample10.zst,/mnt/cfs/oracleReuse/sample/cluster49.oracleGeneral.sample10.zst
746,/mnt/cfs/oracleReuse/sample/cluster34.oracleGeneral.sample10.zst,/mnt/cfs/oracleReuse/sample/cluster5.oracleGeneral.sample10.zst
747,/mnt/cfs/oracleReuse/sample/cluster34.oracleGeneral.sample10.zst,/mnt/cfs/oracleReuse/sample/cluster50.oracleGeneral.sample10.zst
748,/mnt/cfs/oracleReuse/sample/cluster34.oracleGeneral.sample10.zst,/mnt/cfs/oracleReuse/sample/cluster51.oracleGeneral.sample10.zst
749,/mnt/cfs/oracleReuse/sample/cluster34.oracleGeneral.sample10.zst,/mnt/cfs/oracleReuse/sample/cluster52.oracleGeneral.sample10.zst
750,/mnt/cfs/oracleReuse/sample/cluster34.oracleGeneral.sample10.zst,/mnt/cfs/oracleReuse/sample/cluster53.oracleGeneral.sample10.zst
751,/mnt/cfs/oracleReuse/sample/cluster34.oracleGeneral.sample10.zst,/mnt/cfs/oracleReuse/sample/cluster6.oracleGeneral.sample10.zst
752,/mnt/cfs/oracleReuse/sample/cluster34.oracleGeneral.sample10.zst,/mnt/cfs/oracleReuse/sample/cluster7.oracleGeneral.sample10.zst
753,/mnt/cfs/oracleReuse/sample/cluster34.oracleGeneral.sample10.zst,/mnt/cfs/oracleReuse/sample/cluster8.oracleGeneral.sample10.zst
754,/mnt/cfs/oracleReuse/sample/cluster34.oracleGeneral.sample10.zst,/mnt/cfs/oracleReuse/sample/cluster9.oracleGeneral.sample10.zst
755,/mnt/cfs/oracleReuse/sample/cluster35.oracleGeneral.sample10.zst,/mnt/cfs/oracleReuse/sample/cluster36.oracleGeneral.sample10.zst
756,/mnt/cfs/oracleReuse/sample/cluster35.oracleGeneral.sample10.zst,/mnt/cfs/oracleReuse/sample/cluster37.oracleGeneral.sample10.zst
757,/mnt/cfs/oracleReuse/sample/cluster35.oracleGeneral.sample10.zst,/mnt/cfs/oracleReuse/sample/cluster38.oracleGeneral.sample10.zst
758,/mnt/cfs/oracleReuse/sample/cluster35.oracleGeneral.sample10.zst,/mnt/cfs/oracleReuse/sample/cluster4.oracleGeneral.sample10.zst
759,/mnt/cfs/oracleReuse/sample/cluster35.oracleGeneral.sample10.zst,/mnt/cfs/oracleReuse/sample/cluster40.oracleGeneral.sample10.zst
760,/mnt/cfs/oracleReuse/sample/cluster35.oracleGeneral.sample10.zst,/mnt/cfs/oracleReuse/sample/cluster42.oracleGeneral.sample10.zst
761,/mnt/cfs/oracleReuse/sample/cluster35.oracleGeneral.sample10.zst,/mnt/cfs/oracleReuse/sample/cluster43.oracleGeneral.sample10.zst
762,/mnt/cfs/oracleReuse/sample/cluster35.oracleGeneral.sample10.zst,/mnt/cfs/oracleReuse/sample/cluster44.oracleGeneral.sample10.zst
763,/mnt/cfs/oracleReuse/sample/cluster35.oracleGeneral.sample10.zst,/mnt/cfs/oracleReuse/sample/cluster47.oracleGeneral.sample10.zst
764,/mnt/cfs/oracleReuse/sample/cluster35.oracleGeneral.sample10.zst,/mnt/cfs/oracleReuse/sample/cluster48.oracleGeneral.sample10.zst
765,/mnt/cfs/oracleReuse/sample/cluster35.oracleGeneral.sample10.zst,/mnt/cfs/oracleReuse/sample/cluster49.oracleGeneral.sample10.zst
766,/mnt/cfs/oracleReuse/sample/cluster35.oracleGeneral.sample10.zst,/mnt/cfs/oracleReuse/sample/cluster5.oracleGeneral.sample10.zst
767,/mnt/cfs/oracleReuse/sample/cluster35.oracleGeneral.sample10.zst,/mnt/cfs/oracleReuse/sample/cluster51.oracleGeneral.sample10.zst
768,/mnt/cfs/oracleReuse/sample/cluster35.oracleGeneral.sample10.zst,/mnt/cfs/oracleReuse/sample/cluster53.oracleGeneral.sample10.zst
769,/mnt/cfs/oracleReuse/sample/cluster35.oracleGeneral.sample10.zst,/mnt/cfs/oracleReuse/sample/cluster54.oracleGeneral.sample10.zst
770,/mnt/cfs/oracleReuse/sample/cluster35.oracleGeneral.sample10.zst,/mnt/cfs/oracleReuse/sample/cluster6.oracleGeneral.sample10.zst
771,/mnt/cfs/oracleReuse/sample/cluster35.oracleGeneral.sample10.zst,/mnt/cfs/oracleReuse/sample/cluster7.oracleGeneral.sample10.zst
772,/mnt/cfs/oracleReuse/sample/cluster35.oracleGeneral.sample10.zst,/mnt/cfs/oracleReuse/sample/cluster8.oracleGeneral.sample10.zst
773,/mnt/cfs/oracleReuse/sample/cluster35.oracleGeneral.sample10.zst,/mnt/cfs/oracleReuse/sample/cluster9.oracleGeneral.sample10.zst
774,/mnt/cfs/oracleReuse/sample/cluster36.oracleGeneral.sample10.zst,/mnt/cfs/oracleReuse/sample/cluster37.oracleGeneral.sample10.zst
775,/mnt/cfs/oracleReuse/sample/cluster36.oracleGeneral.sample10.zst,/mnt/cfs/oracleReuse/sample/cluster38.oracleGeneral.sample10.zst
776,/mnt/cfs/oracleReuse/sample/cluster36.oracleGeneral.sample10.zst,/mnt/cfs/oracleReuse/sample/cluster39.oracleGeneral.sample10.zst
777,/mnt/cfs/oracleReuse/sample/cluster36.oracleGeneral.sample10.zst,/mnt/cfs/oracleReuse/sample/cluster4.oracleGeneral.sample10.zst
778,/mnt/cfs/oracleReuse/sample/cluster36.oracleGeneral.sample10.zst,/mnt/cfs/oracleReuse/sample/cluster40.oracleGeneral.sample10.zst
779,/mnt/cfs/oracleReuse/sample/cluster36.oracleGeneral.sample10.zst,/mnt/cfs/oracleReuse/sample/cluster41.oracleGeneral.sample10.zst
780,/mnt/cfs/oracleReuse/sample/cluster36.oracleGeneral.sample10.zst,/mnt/cfs/oracleReuse/sample/cluster42.oracleGeneral.sample10.zst
781,/mnt/cfs/oracleReuse/sample/cluster36.oracleGeneral.sample10.zst,/mnt/cfs/oracleReuse/sample/cluster43.oracleGeneral.sample10.zst
782,/mnt/cfs/oracleReuse/sample/cluster36.oracleGeneral.sample10.zst,/mnt/cfs/oracleReuse/sample/cluster44.oracleGeneral.sample10.zst
783,/mnt/cfs/oracleReuse/sample/cluster36.oracleGeneral.sample10.zst,/mnt/cfs/oracleReuse/sample/cluster45.oracleGeneral.sample10.zst
784,/mnt/cfs/oracleReuse/sample/cluster36.oracleGeneral.sample10.zst,/mnt/cfs/oracleReuse/sample/cluster46.oracleGeneral.sample10.zst
785,/mnt/cfs/oracleReuse/sample/cluster36.oracleGeneral.sample10.zst,/mnt/cfs/oracleReuse/sample/cluster49.oracleGeneral.sample10.zst
786,/mnt/cfs/oracleReuse/sample/cluster36.oracleGeneral.sample10.zst,/mnt/cfs/oracleReuse/sample/cluster5.oracleGeneral.sample10.zst
787,/mnt/cfs/oracleReuse/sample/cluster36.oracleGeneral.sample10.zst,/mnt/cfs/oracleReuse/sample/cluster51.oracleGeneral.sample10.zst
788,/mnt/cfs/oracleReuse/sample/cluster36.oracleGeneral.sample10.zst,/mnt/cfs/oracleReuse/sample/cluster52.oracleGeneral.sample10.zst
789,/mnt/cfs/oracleReuse/sample/cluster36.oracleGeneral.sample10.zst,/mnt/cfs/oracleReuse/sample/cluster54.oracleGeneral.sample10.zst
790,/mnt/cfs/oracleReuse/sample/cluster36.oracleGeneral.sample10.zst,/mnt/cfs/oracleReuse/sample/cluster7.oracleGeneral.sample10.zst
791,/mnt/cfs/oracleReuse/sample/cluster36.oracleGeneral.sample10.zst,/mnt/cfs/oracleReuse/sample/cluster8.oracleGeneral.sample10.zst
792,/mnt/cfs/oracleReuse/sample/cluster37.oracleGeneral.sample10.zst,/mnt/cfs/oracleReuse/sample/cluster38.oracleGeneral.sample10.zst
793,/mnt/cfs/oracleReuse/sample/cluster37.oracleGeneral.sample10.zst,/mnt/cfs/oracleReuse/sample/cluster40.oracleGeneral.sample10.zst
794,/mnt/cfs/oracleReuse/sample/cluster37.oracleGeneral.sample10.zst,/mnt/cfs/oracleReuse/sample/cluster41.oracleGeneral.sample10.zst
795,/mnt/cfs/oracleReuse/sample/cluster37.oracleGeneral.sample10.zst,/mnt/cfs/oracleReuse/sample/cluster42.oracleGeneral.sample10.zst
796,/mnt/cfs/oracleReuse/sample/cluster37.oracleGeneral.sample10.zst,/mnt/cfs/oracleReuse/sample/cluster43.oracleGeneral.sample10.zst
797,/mnt/cfs/oracleReuse/sample/cluster37.oracleGeneral.sample10.zst,/mnt/cfs/oracleReuse/sample/cluster44.oracleGeneral.sample10.zst
798,/mnt/cfs/oracleReuse/sample/cluster37.oracleGeneral.sample10.zst,/mnt/cfs/oracleReuse/sample/cluster45.oracleGeneral.sample10.zst
799,/mnt/cfs/oracleReuse/sample/cluster37.oracleGeneral.sample10.zst,/mnt/cfs/oracleReuse/sample/cluster47.oracleGeneral.sample10.zst
800,/mnt/cfs/oracleReuse/sample/cluster37.oracleGeneral.sample10.zst,/mnt/cfs/oracleReuse/sample/cluster48.oracleGeneral.sample10.zst
801,/mnt/cfs/oracleReuse/sample/cluster37.oracleGeneral.sample10.zst,/mnt/cfs/oracleReuse/sample/cluster52.oracleGeneral.sample10.zst
802,/mnt/cfs/oracleReuse/sample/cluster37.oracleGeneral.sample10.zst,/mnt/cfs/oracleReuse/sample/cluster54.oracleGeneral.sample10.zst
803,/mnt/cfs/oracleReuse/sample/cluster37.oracleGeneral.sample10.zst,/mnt/cfs/oracleReuse/sample/cluster9.oracleGeneral.sample10.zst
804,/mnt/cfs/oracleReuse/sample/cluster38.oracleGeneral.sample10.zst,/mnt/cfs/oracleReuse/sample/cluster39.oracleGeneral.sample10.zst
805,/mnt/cfs/oracleReuse/sample/cluster38.oracleGeneral.sample10.zst,/mnt/cfs/oracleReuse/sample/cluster4.oracleGeneral.sample10.zst
806,/mnt/cfs/oracleReuse/sample/cluster38.oracleGeneral.sample10.zst,/mnt/cfs/oracleReuse/sample/cluster40.oracleGeneral.sample10.zst
807,/mnt/cfs/oracleReuse/sample/cluster38.oracleGeneral.sample10.zst,/mnt/cfs/oracleReuse/sample/cluster41.oracleGeneral.sample10.zst
808,/mnt/cfs/oracleReuse/sample/cluster38.oracleGeneral.sample10.zst,/mnt/cfs/oracleReuse/sample/cluster42.oracleGeneral.sample10.zst
809,/mnt/cfs/oracleReuse/sample/cluster38.oracleGeneral.sample10.zst,/mnt/cfs/oracleReuse/sample/cluster43.oracleGeneral.sample10.zst
810,/mnt/cfs/oracleReuse/sample/cluster38.oracleGeneral.sample10.zst,/mnt/cfs/oracleReuse/sample/cluster44.oracleGeneral.sample10.zst
811,/mnt/cfs/oracleReuse/sample/cluster38.oracleGeneral.sample10.zst,/mnt/cfs/oracleReuse/sample/cluster46.oracleGeneral.sample10.zst
812,/mnt/cfs/oracleReuse/sample/cluster38.oracleGeneral.sample10.zst,/mnt/cfs/oracleReuse/sample/cluster47.oracleGeneral.sample10.zst
813,/mnt/cfs/oracleReuse/sample/cluster38.oracleGeneral.sample10.zst,/mnt/cfs/oracleReuse/sample/cluster5.oracleGeneral.sample10.zst
814,/mnt/cfs/oracleReuse/sample/cluster38.oracleGeneral.sample10.zst,/mnt/cfs/oracleReuse/sample/cluster50.oracleGeneral.sample10.zst
815,/mnt/cfs/oracleReuse/sample/cluster38.oracleGeneral.sample10.zst,/mnt/cfs/oracleReuse/sample/cluster51.oracleGeneral.sample10.zst
816,/mnt/cfs/oracleReuse/sample/cluster38.oracleGeneral.sample10.zst,/mnt/cfs/oracleReuse/sample/cluster52.oracleGeneral.sample10.zst
817,/mnt/cfs/oracleReuse/sample/cluster38.oracleGeneral.sample10.zst,/mnt/cfs/oracleReuse/sample/cluster53.oracleGeneral.sample10.zst
818,/mnt/cfs/oracleReuse/sample/cluster38.oracleGeneral.sample10.zst,/mnt/cfs/oracleReuse/sample/cluster54.oracleGeneral.sample10.zst
819,/mnt/cfs/oracleReuse/sample/cluster38.oracleGeneral.sample10.zst,/mnt/cfs/oracleReuse/sample/cluster8.oracleGeneral.sample10.zst
820,/mnt/cfs/oracleReuse/sample/cluster38.oracleGeneral.sample10.zst,/mnt/cfs/oracleReuse/sample/cluster9.oracleGeneral.sample10.zst
821,/mnt/cfs/oracleReuse/sample/cluster39.oracleGeneral.sample10.zst,/mnt/cfs/oracleReuse/sample/cluster4.oracleGeneral.sample10.zst
822,/mnt/cfs/oracleReuse/sample/cluster39.oracleGeneral.sample10.zst,/mnt/cfs/oracleReuse/sample/cluster41.oracleGeneral.sample10.zst
823,/mnt/cfs/oracleReuse/sample/cluster39.oracleGeneral.sample10.zst,/mnt/cfs/oracleReuse/sample/cluster42.oracleGeneral.sample10.zst
824,/mnt/cfs/oracleReuse/sample/cluster39.oracleGeneral.sample10.zst,/mnt/cfs/oracleReuse/sample/cluster43.oracleGeneral.sample10.zst
825,/mnt/cfs/oracleReuse/sample/cluster39.oracleGeneral.sample10.zst,/mnt/cfs/oracleReuse/sample/cluster45.oracleGeneral.sample10.zst
826,/mnt/cfs/oracleReuse/sample/cluster39.oracleGeneral.sample10.zst,/mnt/cfs/oracleReuse/sample/cluster46.oracleGeneral.sample10.zst
827,/mnt/cfs/oracleReuse/sample/cluster39.oracleGeneral.sample10.zst,/mnt/cfs/oracleReuse/sample/cluster47.oracleGeneral.sample10.zst
828,/mnt/cfs/oracleReuse/sample/cluster39.oracleGeneral.sample10.zst,/mnt/cfs/oracleReuse/sample/cluster48.oracleGeneral.sample10.zst
829,/mnt/cfs/oracleReuse/sample/cluster39.oracleGeneral.sample10.zst,/mnt/cfs/oracleReuse/sample/cluster49.oracleGeneral.sample10.zst
830,/mnt/cfs/oracleReuse/sample/cluster39.oracleGeneral.sample10.zst,/mnt/cfs/oracleReuse/sample/cluster5.oracleGeneral.sample10.zst
831,/mnt/cfs/oracleReuse/sample/cluster39.oracleGeneral.sample10.zst,/mnt/cfs/oracleReuse/sample/cluster50.oracleGeneral.sample10.zst
832,/mnt/cfs/oracleReuse/sample/cluster39.oracleGeneral.sample10.zst,/mnt/cfs/oracleReuse/sample/cluster51.oracleGeneral.sample10.zst
833,/mnt/cfs/oracleReuse/sample/cluster39.oracleGeneral.sample10.zst,/mnt/cfs/oracleReuse/sample/cluster52.oracleGeneral.sample10.zst
834,/mnt/cfs/oracleReuse/sample/cluster39.oracleGeneral.sample10.zst,/mnt/cfs/oracleReuse/sample/cluster53.oracleGeneral.sample10.zst
835,/mnt/cfs/oracleReuse/sample/cluster39.oracleGeneral.sample10.zst,/mnt/cfs/oracleReuse/sample/cluster6.oracleGeneral.sample10.zst
836,/mnt/cfs/oracleReuse/sample/cluster39.oracleGeneral.sample10.zst,/mnt/cfs/oracleReuse/sample/cluster7.oracleGeneral.sample10.zst
837,/mnt/cfs/oracleReuse/sample/cluster39.oracleGeneral.sample10.zst,/mnt/cfs/oracleReuse/sample/cluster8.oracleGeneral.sample10.zst
838,/mnt/cfs/oracleReuse/sample/cluster39.oracleGeneral.sample10.zst,/mnt/cfs/oracleReuse/sample/cluster9.oracleGeneral.sample10.zst
839,/mnt/cfs/oracleReuse/sample/cluster4.oracleGeneral.sample10.zst,/mnt/cfs/oracleReuse/sample/cluster40.oracleGeneral.sample10.zst
840,/mnt/cfs/oracleReuse/sample/cluster4.oracleGeneral.sample10.zst,/mnt/cfs/oracleReuse/sample/cluster41.oracleGeneral.sample10.zst
841,/mnt/cfs/oracleReuse/sample/cluster4.oracleGeneral.sample10.zst,/mnt/cfs/oracleReuse/sample/cluster42.oracleGeneral.sample10.zst
842,/mnt/cfs/oracleReuse/sample/cluster4.oracleGeneral.sample10.zst,/mnt/cfs/oracleReuse/sample/cluster43.oracleGeneral.sample10.zst
843,/mnt/cfs/oracleReuse/sample/cluster4.oracleGeneral.sample10.zst,/mnt/cfs/oracleReuse/sample/cluster44.oracleGeneral.sample10.zst
844,/mnt/cfs/oracleReuse/sample/cluster4.oracleGeneral.sample10.zst,/mnt/cfs/oracleReuse/sample/cluster45.oracleGeneral.sample10.zst
845,/mnt/cfs/oracleReuse/sample/cluster4.oracleGeneral.sample10.zst,/mnt/cfs/oracleReuse/sample/cluster46.oracleGeneral.sample10.zst
846,/mnt/cfs/oracleReuse/sample/cluster4.oracleGeneral.sample10.zst,/mnt/cfs/oracleReuse/sample/cluster47.oracleGeneral.sample10.zst
847,/mnt/cfs/oracleReuse/sample/cluster4.oracleGeneral.sample10.zst,/mnt/cfs/oracleReuse/sample/cluster48.oracleGeneral.sample10.zst
848,/mnt/cfs/oracleReuse/sample/cluster4.oracleGeneral.sample10.zst,/mnt/cfs/oracleReuse/sample/cluster49.oracleGeneral.sample10.zst
849,/mnt/cfs/oracleReuse/sample/cluster4.oracleGeneral.sample10.zst,/mnt/cfs/oracleReuse/sample/cluster5.oracleGeneral.sample10.zst
850,/mnt/cfs/oracleReuse/sample/cluster4.oracleGeneral.sample10.zst,/mnt/cfs/oracleReuse/sample/cluster50.oracleGeneral.sample10.zst
851,/mnt/cfs/oracleReuse/sample/cluster4.oracleGeneral.sample10.zst,/mnt/cfs/oracleReuse/sample/cluster51.oracleGeneral.sample10.zst
852,/mnt/cfs/oracleReuse/sample/cluster4.oracleGeneral.sample10.zst,/mnt/cfs/oracleReuse/sample/cluster53.oracleGeneral.sample10.zst
853,/mnt/cfs/oracleReuse/sample/cluster4.oracleGeneral.sample10.zst,/mnt/cfs/oracleReuse/sample/cluster54.oracleGeneral.sample10.zst
854,/mnt/cfs/oracleReuse/sample/cluster4.oracleGeneral.sample10.zst,/mnt/cfs/oracleReuse/sample/cluster7.oracleGeneral.sample10.zst
855,/mnt/cfs/oracleReuse/sample/cluster4.oracleGeneral.sample10.zst,/mnt/cfs/oracleReuse/sample/cluster8.oracleGeneral.sample10.zst
856,/mnt/cfs/oracleReuse/sample/cluster40.oracleGeneral.sample10.zst,/mnt/cfs/oracleReuse/sample/cluster41.oracleGeneral.sample10.zst
857,/mnt/cfs/oracleReuse/sample/cluster40.oracleGeneral.sample10.zst,/mnt/cfs/oracleReuse/sample/cluster42.oracleGeneral.sample10.zst
858,/mnt/cfs/oracleReuse/sample/cluster40.oracleGeneral.sample10.zst,/mnt/cfs/oracleReuse/sample/cluster43.oracleGeneral.sample10.zst
859,/mnt/cfs/oracleReuse/sample/cluster40.oracleGeneral.sample10.zst,/mnt/cfs/oracleReuse/sample/cluster44.oracleGeneral.sample10.zst
860,/mnt/cfs/oracleReuse/sample/cluster40.oracleGeneral.sample10.zst,/mnt/cfs/oracleReuse/sample/cluster46.oracleGeneral.sample10.zst
861,/mnt/cfs/oracleReuse/sample/cluster40.oracleGeneral.sample10.zst,/mnt/cfs/oracleReuse/sample/cluster47.oracleGeneral.sample10.zst
862,/mnt/cfs/oracleReuse/sample/cluster40.oracleGeneral.sample10.zst,/mnt/cfs/oracleReuse/sample/cluster48.oracleGeneral.sample10.zst
863,/mnt/cfs/oracleReuse/sample/cluster40.oracleGeneral.sample10.zst,/mnt/cfs/oracleReuse/sample/cluster49.oracleGeneral.sample10.zst
864,/mnt/cfs/oracleReuse/sample/cluster40.oracleGeneral.sample10.zst,/mnt/cfs/oracleReuse/sample/cluster5.oracleGeneral.sample10.zst
865,/mnt/cfs/oracleReuse/sample/cluster40.oracleGeneral.sample10.zst,/mnt/cfs/oracleReuse/sample/cluster50.oracleGeneral.sample10.zst
866,/mnt/cfs/oracleReuse/sample/cluster40.oracleGeneral.sample10.zst,/mnt/cfs/oracleReuse/sample/cluster51.oracleGeneral.sample10.zst
867,/mnt/cfs/oracleReuse/sample/cluster40.oracleGeneral.sample10.zst,/mnt/cfs/oracleReuse/sample/cluster6.oracleGeneral.sample10.zst
868,/mnt/cfs/oracleReuse/sample/cluster40.oracleGeneral.sample10.zst,/mnt/cfs/oracleReuse/sample/cluster7.oracleGeneral.sample10.zst
869,/mnt/cfs/oracleReuse/sample/cluster40.oracleGeneral.sample10.zst,/mnt/cfs/oracleReuse/sample/cluster8.oracleGeneral.sample10.zst
870,/mnt/cfs/oracleReuse/sample/cluster40.oracleGeneral.sample10.zst,/mnt/cfs/oracleReuse/sample/cluster9.oracleGeneral.sample10.zst
871,/mnt/cfs/oracleReuse/sample/cluster41.oracleGeneral.sample10.zst,/mnt/cfs/oracleReuse/sample/cluster43.oracleGeneral.sample10.zst
872,/mnt/cfs/oracleReuse/sample/cluster41.oracleGeneral.sample10.zst,/mnt/cfs/oracleReuse/sample/cluster45.oracleGeneral.sample10.zst
873,/mnt/cfs/oracleReuse/sample/cluster41.oracleGeneral.sample10.zst,/mnt/cfs/oracleReuse/sample/cluster46.oracleGeneral.sample10.zst
874,/mnt/cfs/oracleReuse/sample/cluster41.oracleGeneral.sample10.zst,/mnt/cfs/oracleReuse/sample/cluster47.oracleGeneral.sample10.zst
875,/mnt/cfs/oracleReuse/sample/cluster41.oracleGeneral.sample10.zst,/mnt/cfs/oracleReuse/sample/cluster48.oracleGeneral.sample10.zst
876,/mnt/cfs/oracleReuse/sample/cluster41.oracleGeneral.sample10.zst,/mnt/cfs/oracleReuse/sample/cluster5.oracleGeneral.sample10.zst
877,/mnt/cfs/oracleReuse/sample/cluster41.oracleGeneral.sample10.zst,/mnt/cfs/oracleReuse/sample/cluster50.oracleGeneral.sample10.zst
878,/mnt/cfs/oracleReuse/sample/cluster41.oracleGeneral.sample10.zst,/mnt/cfs/oracleReuse/sample/cluster52.oracleGeneral.sample10.zst
879,/mnt/cfs/oracleReuse/sample/cluster41.oracleGeneral.sample10.zst,/mnt/cfs/oracleReuse/sample/cluster53.oracleGeneral.sample10.zst
880,/mnt/cfs/oracleReuse/sample/cluster41.oracleGeneral.sample10.zst,/mnt/cfs/oracleReuse/sample/cluster54.oracleGeneral.sample10.zst
881,/mnt/cfs/oracleReuse/sample/cluster41.oracleGeneral.sample10.zst,/mnt/cfs/oracleReuse/sample/cluster6.oracleGeneral.sample10.zst
882,/mnt/cfs/oracleReuse/sample/cluster42.oracleGeneral.sample10.zst,/mnt/cfs/oracleReuse/sample/cluster43.oracleGeneral.sample10.zst
883,/mnt/cfs/oracleReuse/sample/cluster42.oracleGeneral.sample10.zst,/mnt/cfs/oracleReuse/sample/cluster44.oracleGeneral.sample10.zst
884,/mnt/cfs/oracleReuse/sample/cluster42.oracleGeneral.sample10.zst,/mnt/cfs/oracleReuse/sample/cluster45.oracleGeneral.sample10.zst
885,/mnt/cfs/oracleReuse/sample/cluster42.oracleGeneral.sample10.zst,/mnt/cfs/oracleReuse/sample/cluster46.oracleGeneral.sample10.zst
886,/mnt/cfs/oracleReuse/sample/cluster42.oracleGeneral.sample10.zst,/mnt/cfs/oracleReuse/sample/cluster47.oracleGeneral.sample10.zst
887,/mnt/cfs/oracleReuse/sample/cluster42.oracleGeneral.sample10.zst,/mnt/cfs/oracleReuse/sample/cluster48.oracleGeneral.sample10.zst
888,/mnt/cfs/oracleReuse/sample/cluster42.oracleGeneral.sample10.zst,/mnt/cfs/oracleReuse/sample/cluster5.oracleGeneral.sample10.zst
889,/mnt/cfs/oracleReuse/sample/cluster42.oracleGeneral.sample10.zst,/mnt/cfs/oracleReuse/sample/cluster50.oracleGeneral.sample10.zst
890,/mnt/cfs/oracleReuse/sample/cluster42.oracleGeneral.sample10.zst,/mnt/cfs/oracleReuse/sample/cluster51.oracleGeneral.sample10.zst
891,/mnt/cfs/oracleReuse/sample/cluster42.oracleGeneral.sample10.zst,/mnt/cfs/oracleReuse/sample/cluster52.oracleGeneral.sample10.zst
892,/mnt/cfs/oracleReuse/sample/cluster42.oracleGeneral.sample10.zst,/mnt/cfs/oracleReuse/sample/cluster53.oracleGeneral.sample10.zst
893,/mnt/cfs/oracleReuse/sample/cluster42.oracleGeneral.sample10.zst,/mnt/cfs/oracleReuse/sample/cluster8.oracleGeneral.sample10.zst
894,/mnt/cfs/oracleReuse/sample/cluster42.oracleGeneral.sample10.zst,/mnt/cfs/oracleReuse/sample/cluster9.oracleGeneral.sample10.zst
895,/mnt/cfs/oracleReuse/sample/cluster43.oracleGeneral.sample10.zst,/mnt/cfs/oracleReuse/sample/cluster44.oracleGeneral.sample10.zst
896,/mnt/cfs/oracleReuse/sample/cluster43.oracleGeneral.sample10.zst,/mnt/cfs/oracleReuse/sample/cluster45.oracleGeneral.sample10.zst
897,/mnt/cfs/oracleReuse/sample/cluster43.oracleGeneral.sample10.zst,/mnt/cfs/oracleReuse/sample/cluster46.oracleGeneral.sample10.zst
898,/mnt/cfs/oracleReuse/sample/cluster43.oracleGeneral.sample10.zst,/mnt/cfs/oracleReuse/sample/cluster47.oracleGeneral.sample10.zst
899,/mnt/cfs/oracleReuse/sample/cluster43.oracleGeneral.sample10.zst,/mnt/cfs/oracleReuse/sample/cluster48.oracleGeneral.sample10.zst
900,/mnt/cfs/oracleReuse/sample/cluster43.oracleGeneral.sample10.zst,/mnt/cfs/oracleReuse/sample/cluster49.oracleGeneral.sample10.zst
901,/mnt/cfs/oracleReuse/sample/cluster43.oracleGeneral.sample10.zst,/mnt/cfs/oracleReuse/sample/cluster5.oracleGeneral.sample10.zst
902,/mnt/cfs/oracleReuse/sample/cluster43.oracleGeneral.sample10.zst,/mnt/cfs/oracleReuse/sample/cluster50.oracleGeneral.sample10.zst
903,/mnt/cfs/oracleReuse/sample/cluster43.oracleGeneral.sample10.zst,/mnt/cfs/oracleReuse/sample/cluster51.oracleGeneral.sample10.zst
904,/mnt/cfs/oracleReuse/sample/cluster43.oracleGeneral.sample10.zst,/mnt/cfs/oracleReuse/sample/cluster52.oracleGeneral.sample10.zst
905,/mnt/cfs/oracleReuse/sample/cluster43.oracleGeneral.sample10.zst,/mnt/cfs/oracleReuse/sample/cluster54.oracleGeneral.sample10.zst
906,/mnt/cfs/oracleReuse/sample/cluster43.oracleGeneral.sample10.zst,/mnt/cfs/oracleReuse/sample/cluster6.oracleGeneral.sample10.zst
907,/mnt/cfs/oracleReuse/sample/cluster43.oracleGeneral.sample10.zst,/mnt/cfs/oracleReuse/sample/cluster7.oracleGeneral.sample10.zst
908,/mnt/cfs/oracleReuse/sample/cluster43.oracleGeneral.sample10.zst,/mnt/cfs/oracleReuse/sample/cluster8.oracleGeneral.sample10.zst
909,/mnt/cfs/oracleReuse/sample/cluster43.oracleGeneral.sample10.zst,/mnt/cfs/oracleReuse/sample/cluster9.oracleGeneral.sample10.zst
910,/mnt/cfs/oracleReuse/sample/cluster44.oracleGeneral.sample10.zst,/mnt/cfs/oracleReuse/sample/cluster46.oracleGeneral.sample10.zst
911,/mnt/cfs/oracleReuse/sample/cluster44.oracleGeneral.sample10.zst,/mnt/cfs/oracleReuse/sample/cluster47.oracleGeneral.sample10.zst
912,/mnt/cfs/oracleReuse/sample/cluster44.oracleGeneral.sample10.zst,/mnt/cfs/oracleReuse/sample/cluster48.oracleGeneral.sample10.zst
913,/mnt/cfs/oracleReuse/sample/cluster44.oracleGeneral.sample10.zst,/mnt/cfs/oracleReuse/sample/cluster49.oracleGeneral.sample10.zst
914,/mnt/cfs/oracleReuse/sample/cluster44.oracleGeneral.sample10.zst,/mnt/cfs/oracleReuse/sample/cluster5.oracleGeneral.sample10.zst
915,/mnt/cfs/oracleReuse/sample/cluster44.oracleGeneral.sample10.zst,/mnt/cfs/oracleReuse/sample/cluster50.oracleGeneral.sample10.zst
916,/mnt/cfs/oracleReuse/sample/cluster44.oracleGeneral.sample10.zst,/mnt/cfs/oracleReuse/sample/cluster51.oracleGeneral.sample10.zst
917,/mnt/cfs/oracleReuse/sample/cluster44.oracleGeneral.sample10.zst,/mnt/cfs/oracleReuse/sample/cluster52.oracleGeneral.sample10.zst
918,/mnt/cfs/oracleReuse/sample/cluster44.oracleGeneral.sample10.zst,/mnt/cfs/oracleReuse/sample/cluster53.oracleGeneral.sample10.zst
919,/mnt/cfs/oracleReuse/sample/cluster44.oracleGeneral.sample10.zst,/mnt/cfs/oracleReuse/sample/cluster54.oracleGeneral.sample10.zst
920,/mnt/cfs/oracleReuse/sample/cluster44.oracleGeneral.sample10.zst,/mnt/cfs/oracleReuse/sample/cluster6.oracleGeneral.sample10.zst
921,/mnt/cfs/oracleReuse/sample/cluster44.oracleGeneral.sample10.zst,/mnt/cfs/oracleReuse/sample/cluster8.oracleGeneral.sample10.zst
922,/mnt/cfs/oracleReuse/sample/cluster44.oracleGeneral.sample10.zst,/mnt/cfs/oracleReuse/sample/cluster9.oracleGeneral.sample10.zst
923,/mnt/cfs/oracleReuse/sample/cluster45.oracleGeneral.sample10.zst,/mnt/cfs/oracleReuse/sample/cluster46.oracleGeneral.sample10.zst
924,/mnt/cfs/oracleReuse/sample/cluster45.oracleGeneral.sample10.zst,/mnt/cfs/oracleReuse/sample/cluster48.oracleGeneral.sample10.zst
925,/mnt/cfs/oracleReuse/sample/cluster45.oracleGeneral.sample10.zst,/mnt/cfs/oracleReuse/sample/cluster51.oracleGeneral.sample10.zst
926,/mnt/cfs/oracleReuse/sample/cluster45.oracleGeneral.sample10.zst,/mnt/cfs/oracleReuse/sample/cluster52.oracleGeneral.sample10.zst
927,/mnt/cfs/oracleReuse/sample/cluster45.oracleGeneral.sample10.zst,/mnt/cfs/oracleReuse/sample/cluster53.oracleGeneral.sample10.zst
928,/mnt/cfs/oracleReuse/sample/cluster45.oracleGeneral.sample10.zst,/mnt/cfs/oracleReuse/sample/cluster6.oracleGeneral.sample10.zst
929,/mnt/cfs/oracleReuse/sample/cluster45.oracleGeneral.sample10.zst,/mnt/cfs/oracleReuse/sample/cluster7.oracleGeneral.sample10.zst
930,/mnt/cfs/oracleReuse/sample/cluster45.oracleGeneral.sample10.zst,/mnt/cfs/oracleReuse/sample/cluster8.oracleGeneral.sample10.zst
931,/mnt/cfs/oracleReuse/sample/cluster46.oracleGeneral.sample10.zst,/mnt/cfs/oracleReuse/sample/cluster47.oracleGeneral.sample10.zst
932,/mnt/cfs/oracleReuse/sample/cluster46.oracleGeneral.sample10.zst,/mnt/cfs/oracleReuse/sample/cluster48.oracleGeneral.sample10.zst
933,/mnt/cfs/oracleReuse/sample/cluster46.oracleGeneral.sample10.zst,/mnt/cfs/oracleReuse/sample/cluster49.oracleGeneral.sample10.zst
934,/mnt/cfs/oracleReuse/sample/cluster46.oracleGeneral.sample10.zst,/mnt/cfs/oracleReuse/sample/cluster5.oracleGeneral.sample10.zst
935,/mnt/cfs/oracleReuse/sample/cluster46.oracleGeneral.sample10.zst,/mnt/cfs/oracleReuse/sample/cluster51.oracleGeneral.sample10.zst
936,/mnt/cfs/oracleReuse/sample/cluster46.oracleGeneral.sample10.zst,/mnt/cfs/oracleReuse/sample/cluster52.oracleGeneral.sample10.zst
937,/mnt/cfs/oracleReuse/sample/cluster46.oracleGeneral.sample10.zst,/mnt/cfs/oracleReuse/sample/cluster53.oracleGeneral.sample10.zst
938,/mnt/cfs/oracleReuse/sample/cluster46.oracleGeneral.sample10.zst,/mnt/cfs/oracleReuse/sample/cluster54.oracleGeneral.sample10.zst
939,/mnt/cfs/oracleReuse/sample/cluster46.oracleGeneral.sample10.zst,/mnt/cfs/oracleReuse/sample/cluster7.oracleGeneral.sample10.zst
940,/mnt/cfs/oracleReuse/sample/cluster46.oracleGeneral.sample10.zst,/mnt/cfs/oracleReuse/sample/cluster9.oracleGeneral.sample10.zst
941,/mnt/cfs/oracleReuse/sample/cluster47.oracleGeneral.sample10.zst,/mnt/cfs/oracleReuse/sample/cluster48.oracleGeneral.sample10.zst
942,/mnt/cfs/oracleReuse/sample/cluster47.oracleGeneral.sample10.zst,/mnt/cfs/oracleReuse/sample/cluster49.oracleGeneral.sample10.zst
943,/mnt/cfs/oracleReuse/sample/cluster47.oracleGeneral.sample10.zst,/mnt/cfs/oracleReuse/sample/cluster51.oracleGeneral.sample10.zst
944,/mnt/cfs/oracleReuse/sample/cluster47.oracleGeneral.sample10.zst,/mnt/cfs/oracleReuse/sample/cluster52.oracleGeneral.sample10.zst
945,/mnt/cfs/oracleReuse/sample/cluster47.oracleGeneral.sample10.zst,/mnt/cfs/oracleReuse/sample/cluster53.oracleGeneral.sample10.zst
946,/mnt/cfs/oracleReuse/sample/cluster47.oracleGeneral.sample10.zst,/mnt/cfs/oracleReuse/sample/cluster54.oracleGeneral.sample10.zst
947,/mnt/cfs/oracleReuse/sample/cluster47.oracleGeneral.sample10.zst,/mnt/cfs/oracleReuse/sample/cluster6.oracleGeneral.sample10.zst
948,/mnt/cfs/oracleReuse/sample/cluster47.oracleGeneral.sample10.zst,/mnt/cfs/oracleReuse/sample/cluster7.oracleGeneral.sample10.zst
949,/mnt/cfs/oracleReuse/sample/cluster47.oracleGeneral.sample10.zst,/mnt/cfs/oracleReuse/sample/cluster8.oracleGeneral.sample10.zst
950,/mnt/cfs/oracleReuse/sample/cluster47.oracleGeneral.sample10.zst,/mnt/cfs/oracleReuse/sample/cluster9.oracleGeneral.sample10.zst
951,/mnt/cfs/oracleReuse/sample/cluster48.oracleGeneral.sample10.zst,/mnt/cfs/oracleReuse/sample/cluster50.oracleGeneral.sample10.zst
952,/mnt/cfs/oracleReuse/sample/cluster48.oracleGeneral.sample10.zst,/mnt/cfs/oracleReuse/sample/cluster52.oracleGeneral.sample10.zst
953,/mnt/cfs/oracleReuse/sample/cluster48.oracleGeneral.sample10.zst,/mnt/cfs/oracleReuse/sample/cluster53.oracleGeneral.sample10.zst
954,/mnt/cfs/oracleReuse/sample/cluster48.oracleGeneral.sample10.zst,/mnt/cfs/oracleReuse/sample/cluster54.oracleGeneral.sample10.zst
955,/mnt/cfs/oracleReuse/sample/cluster48.oracleGeneral.sample10.zst,/mnt/cfs/oracleReuse/sample/cluster6.oracleGeneral.sample10.zst
956,/mnt/cfs/oracleReuse/sample/cluster48.oracleGeneral.sample10.zst,/mnt/cfs/oracleReuse/sample/cluster7.oracleGeneral.sample10.zst
957,/mnt/cfs/oracleReuse/sample/cluster48.oracleGeneral.sample10.zst,/mnt/cfs/oracleReuse/sample/cluster9.oracleGeneral.sample10.zst
958,/mnt/cfs/oracleReuse/sample/cluster49.oracleGeneral.sample10.zst,/mnt/cfs/oracleReuse/sample/cluster50.oracleGeneral.sample10.zst
959,/mnt/cfs/oracleReuse/sample/cluster49.oracleGeneral.sample10.zst,/mnt/cfs/oracleReuse/sample/cluster51.oracleGeneral.sample10.zst
960,/mnt/cfs/oracleReuse/sample/cluster49.oracleGeneral.sample10.zst,/mnt/cfs/oracleReuse/sample/cluster52.oracleGeneral.sample10.zst
961,/mnt/cfs/oracleReuse/sample/cluster49.oracleGeneral.sample10.zst,/mnt/cfs/oracleReuse/sample/cluster53.oracleGeneral.sample10.zst
962,/mnt/cfs/oracleReuse/sample/cluster49.oracleGeneral.sample10.zst,/mnt/cfs/oracleReuse/sample/cluster54.oracleGeneral.sample10.zst
963,/mnt/cfs/oracleReuse/sample/cluster49.oracleGeneral.sample10.zst,/mnt/cfs/oracleReuse/sample/cluster6.oracleGeneral.sample10.zst
964,/mnt/cfs/oracleReuse/sample/cluster49.oracleGeneral.sample10.zst,/mnt/cfs/oracleReuse/sample/cluster8.oracleGeneral.sample10.zst
965,/mnt/cfs/oracleReuse/sample/cluster49.oracleGeneral.sample10.zst,/mnt/cfs/oracleReuse/sample/cluster9.oracleGeneral.sample10.zst
966,/mnt/cfs/oracleReuse/sample/cluster5.oracleGeneral.sample10.zst,/mnt/cfs/oracleReuse/sample/cluster50.oracleGeneral.sample10.zst
967,/mnt/cfs/oracleReuse/sample/cluster5.oracleGeneral.sample10.zst,/mnt/cfs/oracleReuse/sample/cluster51.oracleGeneral.sample10.zst
968,/mnt/cfs/oracleReuse/sample/cluster5.oracleGeneral.sample10.zst,/mnt/cfs/oracleReuse/sample/cluster6.oracleGeneral.sample10.zst
969,/mnt/cfs/oracleReuse/sample/cluster5.oracleGeneral.sample10.zst,/mnt/cfs/oracleReuse/sample/cluster8.oracleGeneral.sample10.zst
970,/mnt/cfs/oracleReuse/sample/cluster5.oracleGeneral.sample10.zst,/mnt/cfs/oracleReuse/sample/cluster9.oracleGeneral.sample10.zst
971,/mnt/cfs/oracleReuse/sample/cluster50.oracleGeneral.sample10.zst,/mnt/cfs/oracleReuse/sample/cluster51.oracleGeneral.sample10.zst
972,/mnt/cfs/oracleReuse/sample/cluster50.oracleGeneral.sample10.zst,/mnt/cfs/oracleReuse/sample/cluster52.oracleGeneral.sample10.zst
973,/mnt/cfs/oracleReuse/sample/cluster50.oracleGeneral.sample10.zst,/mnt/cfs/oracleReuse/sample/cluster54.oracleGeneral.sample10.zst
974,/mnt/cfs/oracleReuse/sample/cluster50.oracleGeneral.sample10.zst,/mnt/cfs/oracleReuse/sample/cluster6.oracleGeneral.sample10.zst
975,/mnt/cfs/oracleReuse/sample/cluster50.oracleGeneral.sample10.zst,/mnt/cfs/oracleReuse/sample/cluster7.oracleGeneral.sample10.zst
976,/mnt/cfs/oracleReuse/sample/cluster50.oracleGeneral.sample10.zst,/mnt/cfs/oracleReuse/sample/cluster8.oracleGeneral.sample10.zst
977,/mnt/cfs/oracleReuse/sample/cluster50.oracleGeneral.sample10.zst,/mnt/cfs/oracleReuse/sample/cluster9.oracleGeneral.sample10.zst
978,/mnt/cfs/oracleReuse/sample/cluster51.oracleGeneral.sample10.zst,/mnt/cfs/oracleReuse/sample/cluster52.oracleGeneral.sample10.zst
979,/mnt/cfs/oracleReuse/sample/cluster51.oracleGeneral.sample10.zst,/mnt/cfs/oracleReuse/sample/cluster53.oracleGeneral.sample10.zst
980,/mnt/cfs/oracleReuse/sample/cluster51.oracleGeneral.sample10.zst,/mnt/cfs/oracleReuse/sample/cluster54.oracleGeneral.sample10.zst
981,/mnt/cfs/oracleReuse/sample/cluster51.oracleGeneral.sample10.zst,/mnt/cfs/oracleReuse/sample/cluster7.oracleGeneral.sample10.zst
982,/mnt/cfs/oracleReuse/sample/cluster51.oracleGeneral.sample10.zst,/mnt/cfs/oracleReuse/sample/cluster8.oracleGeneral.sample10.zst
983,/mnt/cfs/oracleReuse/sample/cluster51.oracleGeneral.sample10.zst,/mnt/cfs/oracleReuse/sample/cluster9.oracleGeneral.sample10.zst
984,/mnt/cfs/oracleReuse/sample/cluster52.oracleGeneral.sample10.zst,/mnt/cfs/oracleReuse/sample/cluster6.oracleGeneral.sample10.zst
985,/mnt/cfs/oracleReuse/sample/cluster52.oracleGeneral.sample10.zst,/mnt/cfs/oracleReuse/sample/cluster7.oracleGeneral.sample10.zst
986,/mnt/cfs/oracleReuse/sample/cluster52.oracleGeneral.sample10.zst,/mnt/cfs/oracleReuse/sample/cluster8.oracleGeneral.sample10.zst
987,/mnt/cfs/oracleReuse/sample/cluster52.oracleGeneral.sample10.zst,/mnt/cfs/oracleReuse/sample/cluster9.oracleGeneral.sample10.zst
988,/mnt/cfs/oracleReuse/sample/cluster53.oracleGeneral.sample10.zst,/mnt/cfs/oracleReuse/sample/cluster54.oracleGeneral.sample10.zst
989,/mnt/cfs/oracleReuse/sample/cluster53.oracleGeneral.sample10.zst,/mnt/cfs/oracleReuse/sample/cluster7.oracleGeneral.sample10.zst
990,/mnt/cfs/oracleReuse/sample/cluster53.oracleGeneral.sample10.zst,/mnt/cfs/oracleReuse/sample/cluster8.oracleGeneral.sample10.zst
991,/mnt/cfs/oracleReuse/sample/cluster53.oracleGeneral.sample10.zst,/mnt/cfs/oracleReuse/sample/cluster9.oracleGeneral.sample10.zst
992,/mnt/cfs/oracleReuse/sample/cluster54.oracleGeneral.sample10.zst,/mnt/cfs/oracleReuse/sample/cluster6.oracleGeneral.sample10.zst
993,/mnt/cfs/oracleReuse/sample/cluster54.oracleGeneral.sample10.zst,/mnt/cfs/oracleReuse/sample/cluster7.oracleGeneral.sample10.zst
994,/mnt/cfs/oracleReuse/sample/cluster54.oracleGeneral.sample10.zst,/mnt/cfs/oracleReuse/sample/cluster8.oracleGeneral.sample10.zst
995,/mnt/cfs/oracleReuse/sample/cluster54.oracleGeneral.sample10.zst,/mnt/cfs/oracleReuse/sample/cluster9.oracleGeneral.sample10.zst
996,/mnt/cfs/oracleReuse/sample/cluster6.oracleGeneral.sample10.zst,/mnt/cfs/oracleReuse/sample/cluster8.oracleGeneral.sample10.zst
997,/mnt/cfs/oracleReuse/sample/cluster6.oracleGeneral.sample10.zst,/mnt/cfs/oracleReuse/sample/cluster9.oracleGeneral.sample10.zst
998,/mnt/cfs/oracleReuse/sample/cluster7.oracleGeneral.sample10.zst,/mnt/cfs/oracleReuse/sample/cluster8.oracleGeneral.sample10.zst
999,/mnt/cfs/oracleReuse/sample/cluster7.oracleGeneral.sample10.zst,/mnt/cfs/oracleReuse/sample/cluster9.oracleGeneral.sample10.zst
1000,/mnt/cfs/oracleReuse/sample/cluster8.oracleGeneral.sample10.zst,/mnt/cfs/oracleReuse/sample/cluster9.oracleGeneral.sample10.zst
